offer_id	old_value	new_value
MARK-T61004104X-L-42E	MARK-T61004104X	mands-MARK-T61004104X
SML-MAR-T61004934P-L-42E	MARK-T61004934P	mands-SML-T61004934P
SML-MAR-T61004902B-SIYAH-46	MARK-T610049	mands-SML-T61004902B
SML-MAR-T61004902B-42	MARK-T610049	mands-SML-T61004902B
SML-MAR-T61004902B-SIYAH-42	MARK-T610049	mands-SML-T61004902B
SML-MAR-T61004934P-4XL-50E	MARK-T61004934P	mands-SML-T61004934P
MARK-T61004130-3XL-48E	MARK-T61004130	mands-MARK-T61004130
SML-MAR-T61004934P-2XL-46E	MARK-T61004934P	mands-SML-T61004934P
SML-MAR-T61004934P-3XL-48E	MARK-T61004934P	mands-SML-T61004934P
MARK-T61004104X-2XL-46E	MARK-T61004104X	mands-MARK-T61004104X
MARK-T61004104X-3XL-48E	MARK-T61004104X	mands-MARK-T61004104X
MARK-T61004130-2XL-46E	MARK-T61004130	mands-MARK-T61004130
MARK-T61004104X-5XL-52E	MARK-T61004104X	mands-MARK-T61004104X
SML-MAR-T61004934P-5XL-52E	MARK-T61004934P	mands-SML-T61004934P
MARK-T61004104X-4XL-50E	MARK-T61004104X	mands-MARK-T61004104X
MARK-T61004130-XXS-34E	MARK-T61004130	mands-MARK-T61004130
SML-MAR-T61002003X-XXS-34E	MARK-T61002003X	mands-SML-T61002003X
MARK-T14008304F-MAVI-XXXXL	MARK-T14008304	mands-MARK-T14008304F
SML-MAR-T61002003X-3XL-48E	MARK-T61002003X	mands-SML-T61002003X
SML-MAR-T61002003X-2XL-46E	MARK-T61002003X	mands-SML-T61002003X
MARK-T14008304F-MAVI-XXXL	MARK-T14008304	mands-MARK-T14008304F
MAR-T61005100X-40EU	MAR-T61005100X	mands-MAR-T61005100X
MAR-T81006470T-SIYAH-40EU	MAR-T81006470T	mands-MAR-T81006470T
SML-MAR-T61008801N-SIYAH-36EU	SML-MAR-T61008801N-SIYAH	mands-SML-T61008801N
SML-MAR-T61008801N-SIYAH-42EU	SML-MAR-T61008801N-SIYAH	mands-SML-T61008801N
MAR-T61004902F-BEYAZ-50EU	SET12	mands-MAR-T61004902F
SML-MAR-T61008800N-SIYAH-42EU	SML-MAR-T61008800N-SIYAH	mands-SML-T61008800N
MAR-T81006470L-SIYAH-44EU	MAR-T81006470L-SIYAH	mands-MAR-T81006470L
MAR-T81006470L-SIYAH-36EU	MAR-T81006470L-SIYAH	mands-MAR-T81006470L
MAR-T81006470T-SIYAH-42EU	MAR-T81006470T	mands-MAR-T81006470T
MAR-T81006470T-SIYAH-38EU	MAR-T81006470T	mands-MAR-T81006470T
MAR-T81006437Y-KREM-36EU	MAR-T81006437Y-KREM	mands-MAR-T81006437Y
MAR-T81006437Y-KREM-34EU	MAR-T81006437Y-KREM	mands-MAR-T81006437Y
MAR-T33006762H-SIYAH-38EU	MAR-T33006762H-SIYAH	mands-MAR-T33006762H
SML-MAR-T61008800F-SIYAH-40EU	SML-MAR-T61008800F-SIYAH	mands-SML-T61008800F
MAR-T61004902F-SIYAH-46EU	SET12	mands-MAR-T61004902F
SML-MAR-T61008800F-SIYAH-44EU	SML-MAR-T61008800F-SIYAH	mands-SML-T61008800F
MAR-T61004902F-SIYAH-36EU	SET12	mands-MAR-T61004902F
MAR-T61004902F-BEYAZ-48EU	SET12	mands-MAR-T61004902F
SML-MAR-T61008800N-SIYAH-38EU	SML-MAR-T61008800N-SIYAH	mands-SML-T61008800N
SML-MAR-T61008800N-SIYAH-36EU	SML-MAR-T61008800N-SIYAH	mands-SML-T61008800N
MAR-T81006470T-SIYAH-44EU	MAR-T81006470T	mands-MAR-T81006470T
MAR-T33006762H-SIYAH-44EU	MAR-T33006762H-SIYAH	mands-MAR-T33006762H
MAR-T33006762H-SIYAH-46EU	MAR-T33006762H-SIYAH	mands-MAR-T33006762H
MAR-T61004902F-SIYAH-38EU	SET12	mands-MAR-T61004902F
MAR-T61004902F-BEYAZ-34EU	SET12	mands-MAR-T61004902F
MAR-T81006470L-SIYAH-42EU	MAR-T81006470L-SIYAH	mands-MAR-T81006470L
SML-MAR-T61008800N-SIYAH-44EU	SML-MAR-T61008800N-SIYAH	mands-SML-T61008800N
MAR-T81006470T-SIYAH-36EU	MAR-T81006470T	mands-MAR-T81006470T
MAR-T61004902F-SIYAH-48EU	SET12	mands-MAR-T61004902F
MAR-T61004902F-BEYAZ-36EU	SET12	mands-MAR-T61004902F
MAR-T61004666-BEYAZ-40EU	SET5	mands-MAR-T61004666
MAR-T61004666-SIYAH-36EU	SET5	mands-MAR-T61004666
MAR-T61004666-BEYAZ-38EU	SET5	mands-MAR-T61004666
MAR-T61004666-SIYAH-48EU	SET5	mands-MAR-T61004666
MAR-T61004666-BEYAZ-46EU	SET5	mands-MAR-T61004666
MAR-T61004902F-SIYAH-40EU	SET12	mands-MAR-T61004902F
MAR-T61004666-SIYAH-34EU	SET5	mands-MAR-T61004666
MAR-T61004666-SIYAH-40EU	SET5	mands-MAR-T61004666
MAR-T61004902F-BEYAZ-38EU	SET12	mands-MAR-T61004902F
MAR-T33006762H-SIYAH-42EU	MAR-T33006762H-SIYAH	mands-MAR-T33006762H
MAR-T33006762H-SIYAH-36EU	MAR-T33006762H-SIYAH	mands-MAR-T33006762H
MAR-T61004902F-BEYAZ-40EU	SET12	mands-MAR-T61004902F
MAR-T61005204N-BEJ-42EU	MAR-T61005204N-BEJ	mands-MAR-T61005204N
MAR-T61004666-BEYAZ-42EU	SET5	mands-MAR-T61004666
MAR-T81006437Y-KREM-40EU	MAR-T81006437Y-KREM	mands-MAR-T81006437Y
MAR-T81006437Y-KREM-42EU	MAR-T81006437Y-KREM	mands-MAR-T81006437Y
SML-MAR-T61008800N-SIYAH-34EU	SML-MAR-T61008800N-SIYAH	mands-SML-T61008800N
MAR-T61004902F-SIYAH-50EU	SET12	mands-MAR-T61004902F
SML-MAR-T61008800N-SIYAH-40EU	SML-MAR-T61008800N-SIYAH	mands-SML-T61008800N
MAR-T61004902F-SIYAH-42EU	SET12	mands-MAR-T61004902F
SML-MAR-T61008801N-SIYAH-38EU	SML-MAR-T61008801N-SIYAH	mands-SML-T61008801N
MAR-T61004666-SIYAH-44EU	SET5	mands-MAR-T61004666
MAR-T61004666-BEYAZ-36EU	SET5	mands-MAR-T61004666
MAR-T61004902F-BEYAZ-42EU	SET12	mands-MAR-T61004902F
MAR-T61004902F-SIYAH-44EU	SET12	mands-MAR-T61004902F
MAR-T81006470L-SIYAH-34EU	MAR-T81006470L-SIYAH	mands-MAR-T81006470L
MAR-T61004902F-BEYAZ-46EU	SET12	mands-MAR-T61004902F
MAR-T81006437Y-KREM-38EU	MAR-T81006437Y-KREM	mands-MAR-T81006437Y
SML-MAR-T61008801N-SIYAH-34EU	SML-MAR-T61008801N-SIYAH	mands-SML-T61008801N
MAR-T81006470T-SIYAH-46EU	MAR-T81006470T	mands-MAR-T81006470T
MAR-T61004666-SIYAH-46EU	SET5	mands-MAR-T61004666
MAR-T61005204N-BEJ-40EU	MAR-T61005204N-BEJ	mands-MAR-T61005204N
MAR-T61004902F-BEYAZ-44EU	SET12	mands-MAR-T61004902F
MAR-T33006762H-SIYAH-48EU	MAR-T33006762H-SIYAH	mands-MAR-T33006762H
MAR-T33006762H-SIYAH-40EU	MAR-T33006762H-SIYAH	mands-MAR-T33006762H
SML-MAR-T61008800F-SIYAH-42EU	SML-MAR-T61008800F-SIYAH	mands-SML-T61008800F
MAR-T81006470L-SIYAH-40EU	MAR-T81006470L-SIYAH	mands-MAR-T81006470L
SML-MAR-T61008800F-SIYAH-48EU	SML-MAR-T61008800F-SIYAH	mands-SML-T61008800F
MAR-T61004666-SIYAH-42EU	SET5	mands-MAR-T61004666
MAR-T81006470L-SIYAH-38EU	MAR-T81006470L-SIYAH	mands-MAR-T81006470L
MAR-T61004666-BEYAZ-34EU	SET5	mands-MAR-T61004666
MAR-T61004666-BEYAZ-44EU	SET5	mands-MAR-T61004666
MAR-T61004666-SIYAH-50EU	SET5	mands-MAR-T61004666
MAR-T61004666-SIYAH-38EU	SET5	mands-MAR-T61004666
MAR-T61005204N-BEJ-44EU	MAR-T61005204N-BEJ	mands-MAR-T61005204N
MAR-T61005204N-BEJ-38EU	MAR-T61005204N-BEJ	mands-MAR-T61005204N
SML-MAR-T61008800F-SIYAH-46EU	SML-MAR-T61008800F-SIYAH	mands-SML-T61008800F
SML-MAR-T61008800F-SIYAH-50EU	SML-MAR-T61008800F-SIYAH	mands-SML-T61008800F
MAR-T61003498B-1-34	T61003498B-1	mands-MAR-T61003498B
MAR-T61005780S-1-BEYAZ-38	set1	mands-MAR-T61005780S
MAR-T61004104-1-48	T61004104-1	mands-MAR-T61004104
MAR-T61005780S-1-SIYAH-36	set1	mands-MAR-T61005780S
MAR-T61005780S-1-SIYAH-40	set1	mands-MAR-T61005780S
MAR-T61002030X-1-44	MAR-T61002030X	mands-MAR-T61002030X
MAR-T61004104-1-44	T61004104-1	mands-MAR-T61004104
MAR-T61005780S-1-BEYAZ-42	set1	mands-MAR-T61005780S
MAR-T61005780S-1-BEYAZ-40	set1	mands-MAR-T61005780S
MAR-T61002030X-1-46	MAR-T61002030X	mands-MAR-T61002030X
MAR-T61003498B-1-36	T61003498B-1	mands-MAR-T61003498B
MAR-T61005780S-1-BEYAZ-36	set1	mands-MAR-T61005780S
MAR-T61002030X-1-40	MAR-T61002030X	mands-MAR-T61002030X
MAR-T61005780S-1-SIYAH-42	set1	mands-MAR-T61005780S
MAR-T61004104-1-50	T61004104-1	mands-MAR-T61004104
MAR-T61003498B-1-44	T61003498B-1	mands-MAR-T61003498B
MAR-T61004104-1-42	T61004104-1	mands-MAR-T61004104
MAR-T61002030X-1-48	MAR-T61002030X	mands-MAR-T61002030X
MAR-T61002030X-1-36	MAR-T61002030X	mands-MAR-T61002030X
MAR-T61005780S-1-BEYAZ-46	set1	mands-MAR-T61005780S
MAR-T61002030X-1-42	MAR-T61002030X	mands-MAR-T61002030X
MAR-T61003498B-1-38	T61003498B-1	mands-MAR-T61003498B
MAR-T61005780S-1-SIYAH-44	set1	mands-MAR-T61005780S
MAR-T61004104-1-40	T61004104-1	mands-MAR-T61004104
MAR-T61004104-1-38	T61004104-1	mands-MAR-T61004104
MAR-T61004930P-1-BEYAZ-36	SET3	mands-MAR-T61004930P
MAR-T61002030X-1-50	MAR-T61002030X	mands-MAR-T61002030X
MAR-T61002030X-1-34	MAR-T61002030X	mands-MAR-T61002030X
MAR-T61005780S-1-SIYAH-38	set1	mands-MAR-T61005780S
MAR-T61005022M-1-PEMBE-34	set2	mands-MAR-T61005022M
MAR-T61004930P-1-BEYAZ-48	SET3	mands-MAR-T61004930P
MAR-T61003498B-1-40	T61003498B-1	mands-MAR-T61003498B
MAR-T61004930P-1-BEYAZ-38	SET3	mands-MAR-T61004930P
MAR-T61005780S-1-SIYAH-46	set1	mands-MAR-T61005780S
MAR-T61002030X-1-38	MAR-T61002030X	mands-MAR-T61002030X
MAR-T61004930P-1-BEYAZ-42	SET3	mands-MAR-T61004930P
MAR-T61004930P-1-SIYAH-34	SET3	mands-MAR-T61004930P
MAR-T61004930P-1-SIYAH-48	SET3	mands-MAR-T61004930P
MAR-T61005022M-1-SIYAH-50	set2	mands-MAR-T61005022M
MAR-T61004902E-1-50	MAR-T61004902E	mands-MAR-T61004902E
MAR-T61005022M-1-PEMBE-52	set2	mands-MAR-T61005022M
MAR-T61004902E-1-36	MAR-T61004902E	mands-MAR-T61004902E
MAR-T61004102-1-SIYAH-40	SET5	mands-MAR-T61004102
MAR-T61003498B-1-42	T61003498B-1	mands-MAR-T61003498B
MAR-T61004104-1-46	T61004104-1	mands-MAR-T61004104
MAR-T61004930P-1-SIYAH-46	SET3	mands-MAR-T61004930P
MAR-T61004930P-1-BEYAZ-50	SET3	mands-MAR-T61004930P
MAR-T61004930P-1-BEYAZ-40	SET3	mands-MAR-T61004930P
MAR-T61004930P-1-BEYAZ-34	SET3	mands-MAR-T61004930P
MAR-T61004902E-1-44	MAR-T61004902E	mands-MAR-T61004902E
MAR-T61005022M-1-SIYAH-42	set2	mands-MAR-T61005022M
MAR-T61005022M-1-PEMBE-42	set2	mands-MAR-T61005022M
MAR-T61004902E-1-46	MAR-T61004902E	mands-MAR-T61004902E
MAR-T61004930P-1-BEYAZ-44	SET3	mands-MAR-T61004930P
MAR-T61004902E-1-40	MAR-T61004902E	mands-MAR-T61004902E
MAR-T61004930P-1-SIYAH-36	SET3	mands-MAR-T61004930P
MAR-T61004930P-1-SIYAH-40	SET3	mands-MAR-T61004930P
MAR-T61004902E-1-38	MAR-T61004902E	mands-MAR-T61004902E
MAR-T61004902E-1-42	MAR-T61004902E	mands-MAR-T61004902E
MAR-T61004930P-1-BEYAZ-46	SET3	mands-MAR-T61004930P
MAR-T61004902E-1-48	MAR-T61004902E	mands-MAR-T61004902E
MAR-T61004100-1-PEMBE-44	SET4	mands-MAR-T61004100
MAR-T61004930P-1-SIYAH-42	SET3	mands-MAR-T61004930P
MAR-T61004930P-1-SIYAH-50	SET3	mands-MAR-T61004930P
MAR-T32006762H-1-36	MAR-T32006762H	mands-MAR-T32006762H
MAR-T61005022M-1-SIYAH-46	set2	mands-MAR-T61005022M
MAR-T61005022M-1-PEMBE-40	set2	mands-MAR-T61005022M
MAR-T61004287-1-SIYAH-40	SET6	mands-MAR-T61004287
MAR-T61004102-1-SIYAH-42	SET5	mands-MAR-T61004102
MAR-T61004902E-1-34	MAR-T61004902E	mands-MAR-T61004902E
MAR-T61004100-1-SIYAH-46	SET4	mands-MAR-T61004100
MAR-T61005022M-1-SIYAH-44	set2	mands-MAR-T61005022M
MAR-T61004100-1-SIYAH-44	SET4	mands-MAR-T61004100
MAR-T61005022M-1-PEMBE-36	set2	mands-MAR-T61005022M
MAR-T32006762H-1-40	MAR-T32006762H	mands-MAR-T32006762H
MAR-T61004100-1-PEMBE-48	SET4	mands-MAR-T61004100
MAR-T61004102-1-PEMBE-46	SET5	mands-MAR-T61004102
MAR-T61004100-1-SIYAH-42	SET4	mands-MAR-T61004100
MAR-T61004102-1-PEMBE-40	SET5	mands-MAR-T61004102
MAR-T32006762H-1-46	MAR-T32006762H	mands-MAR-T32006762H
MAR-T61004100-1-PEMBE-42	SET4	mands-MAR-T61004100
MAR-T61005022M-1-PEMBE-46	set2	mands-MAR-T61005022M
MAR-T61004100-1-SIYAH-50	SET4	mands-MAR-T61004100
MAR-T61004100-1-SIYAH-48	SET4	mands-MAR-T61004100
MAR-T61004100-1-PEMBE-36	SET4	mands-MAR-T61004100
MAR-T32006762H-1-50	MAR-T32006762H	mands-MAR-T32006762H
MAR-T61004100-1-SIYAH-36	SET4	mands-MAR-T61004100
MAR-T61004100-1-PEMBE-46	SET4	mands-MAR-T61004100
MAR-T32006762H-1-44	MAR-T32006762H	mands-MAR-T32006762H
MAR-T61004100-1-SIYAH-40	SET4	mands-MAR-T61004100
MAR-T61004100-1-PEMBE-38	SET4	mands-MAR-T61004100
MAR-T32006762H-1-48	MAR-T32006762H	mands-MAR-T32006762H
MAR-T61004102-1-PEMBE-36	SET5	mands-MAR-T61004102
MAR-T61004100-1-SIYAH-38	SET4	mands-MAR-T61004100
MAR-T61004102-1-PEMBE-48	SET5	mands-MAR-T61004102
MAR-T61004100-1-SIYAH-34	SET4	mands-MAR-T61004100
MAR-T61004100-1-PEMBE-34	SET4	mands-MAR-T61004100
MAR-T61004287-1-SIYAH-44	SET6	mands-MAR-T61004287
MAR-T61004287-1-SIYAH-46	SET6	mands-MAR-T61004287
MAR-T32006762H-1-42	MAR-T32006762H	mands-MAR-T32006762H
MAR-T61004936P-1-SIYAH-36	SET9	mands-MAR-T61004936P
MAR-T61004933P-1-SIYAH-46	SET8	mands-MAR-T61004933P
MAR-T61004287-1-SIYAH-36	SET6	mands-MAR-T61004287
MAR-T61004936P-1-SIYAH-38	SET9	mands-MAR-T61004936P
MAR-T61004933P-1-SIYAH-38	SET8	mands-MAR-T61004933P
MAR-T61004287-1-SIYAH-34	SET6	mands-MAR-T61004287
MAR-T61004287-1-SIYAH-38	SET6	mands-MAR-T61004287
MAR-T61004933P-1-BEYAZ-46	SET8	mands-MAR-T61004933P
MAR-T61004100-1-PEMBE-50	SET4	mands-MAR-T61004100
MAR-T61004287-1-BEYAZ-48	SET6	mands-MAR-T61004287
MAR-T61004933P-1-BEYAZ-44	SET8	mands-MAR-T61004933P
MAR-T61004287-1-SIYAH-42	SET6	mands-MAR-T61004287
MAR-T61004933P-1-BEYAZ-40	SET8	mands-MAR-T61004933P
MAR-T61004287-1-BEYAZ-44	SET6	mands-MAR-T61004287
MAR-T61004287-1-SIYAH-48	SET6	mands-MAR-T61004287
MAR-T61004936P-1-SIYAH-40	SET9	mands-MAR-T61004936P
MAR-T61004936P-1-SIYAH-34	SET9	mands-MAR-T61004936P
MAR-T61004936P-1-BEYAZ-34	SET9	mands-MAR-T61004936P
MAR-T61004287-1-BEYAZ-40	SET6	mands-MAR-T61004287
MAR-T61004933P-1-SIYAH-36	SET8	mands-MAR-T61004933P
MAR-T61004936P-1-BEYAZ-40	SET9	mands-MAR-T61004936P
MAR-T61004937A-1-34	T61004937A	mands-MAR-T61004937A
MAR-T61004287-1-BEYAZ-42	SET6	mands-MAR-T61004287
MAR-T61004933P-1-BEYAZ-34	SET8	mands-MAR-T61004933P
MAR-T61004933P-1-SIYAH-42	SET8	mands-MAR-T61004933P
MAR-T61004933P-1-BEYAZ-38	SET8	mands-MAR-T61004933P
MAR-T61004936P-1-SIYAH-42	SET9	mands-MAR-T61004936P
MAR-T61004933P-1-BEYAZ-42	SET8	mands-MAR-T61004933P
MAR-T61004936P-1-SIYAH-46	SET9	mands-MAR-T61004936P
MAR-T61004933P-1-SIYAH-44	SET8	mands-MAR-T61004933P
MAR-T61004930P-1-SIYAH-38	SET3	mands-MAR-T61004930P
MAR-T61004287-1-BEYAZ-46	SET6	mands-MAR-T61004287
MAR-T61004930P-1-SIYAH-44	SET3	mands-MAR-T61004930P
MAR-T61004102-1-SIYAH-38	SET5	mands-MAR-T61004102
MAR-T61005022M-1-PEMBE-48	set2	mands-MAR-T61005022M
MAR-T61004933P-1-BEYAZ-36	SET8	mands-MAR-T61004933P
MAR-T61004936P-1-BEYAZ-38	SET9	mands-MAR-T61004936P
MAR-T61004936P-1-BEYAZ-36	SET9	mands-MAR-T61004936P
MAR-T32006762H-1-38	MAR-T32006762H	mands-MAR-T32006762H
MAR-T61004937A-1-46	T61004937A	mands-MAR-T61004937A
MAR-T61004287-1-BEYAZ-38	SET6	mands-MAR-T61004287
MAR-T61004937A-1-40	T61004937A	mands-MAR-T61004937A
MAR-T61004936P-1-SIYAH-44	SET9	mands-MAR-T61004936P
MAR-T61004937A-1-44	T61004937A	mands-MAR-T61004937A
MAR-T61004933P-1-SIYAH-40	SET8	mands-MAR-T61004933P
MAR-T61004937A-1-42	T61004937A	mands-MAR-T61004937A
MAR-T61004937A-1-48	T61004937A	mands-MAR-T61004937A
MAR-T61004937A-1-36	T61004937A	mands-MAR-T61004937A
MAR-T61004937A-1-38	T61004937A	mands-MAR-T61004937A
MAR-T81006437T-1-44	MAR-T81006437T	mands-MAR-T81006437T
MAR-T81006437T-1-38	MAR-T81006437T	mands-MAR-T81006437T
MAR-T81006437T-1-46	MAR-T81006437T	mands-MAR-T81006437T
MAR-T61004936P-1-BEYAZ-42	SET9	mands-MAR-T61004936P
MAR-T81006437T-1-42	MAR-T81006437T	mands-MAR-T81006437T
MAR-T81006437T-1-40	MAR-T81006437T	mands-MAR-T81006437T
MAR-T81006437T-1-34	MAR-T81006437T	mands-MAR-T81006437T
MAR-T81006437T-1-36	MAR-T81006437T	mands-MAR-T81006437T
MAR-T61004102-1-SIYAH-36	SET5	mands-MAR-T61004102
MAR-T81006470A-1-44	MAR-T81006470A	mands-MAR-T81006470A
MAR-T81006470A-1-38	MAR-T81006470A	mands-MAR-T81006470A
MAR-T81006470A-1-42	MAR-T81006470A	mands-MAR-T81006470A
MAR-T81006470A-1-36	MAR-T81006470A	mands-MAR-T81006470A
MAR-T81006470A-1-34	MAR-T81006470A	mands-MAR-T81006470A
MAR-T81006470A-1-40	MAR-T81006470A	mands-MAR-T81006470A
MAR-T81006470A-1-46	MAR-T81006470A	mands-MAR-T81006470A
MS-T81006470C-34	MS-T81006470C	mands-MS-T81006470C
MS-T81006470C-44	MS-T81006470C	mands-MS-T81006470C
MS-T81006470C-36	MS-T81006470C	mands-MS-T81006470C
MS-T81006470C-42	MS-T81006470C	mands-MS-T81006470C
MS-T81006470C-40	MS-T81006470C	mands-MS-T81006470C
MS-T81006470C-38	MS-T81006470C	mands-MS-T81006470C
MS-T32006888E-46	MS-T32006888E	mands-MS-T32006888E
MS-T32006888E-50	MS-T32006888E	mands-MS-T32006888E
MS-T32006888E-44	MS-T32006888E	mands-MS-T32006888E
MS-T32006888E-42	MS-T32006888E	mands-MS-T32006888E
MS-T32006888E-36	MS-T32006888E	mands-MS-T32006888E
MS-T32006888E-38	MS-T32006888E	mands-MS-T32006888E
MS-T32001502-SIYAH-36	SET6	mands-MS-T32001502
MS-T32006762A-46	MS-T32006762A	mands-MS-T32006762A
MS-T32001503-PEMBE-40	SET5	mands-MS-T32001503
MS-T32006888E-48	MS-T32006888E	mands-MS-T32006888E
MS-T32006762B-50	MS-T32006762B	mands-MS-T32006762B
MS-T32006762A-36	MS-T32006762A	mands-MS-T32006762A
MS-T32001502-PEMBE-44	SET6	mands-MS-T32001502
MS-T32001502-SIYAH-38	SET6	mands-MS-T32001502
MS-T32001111-SIYAH-42	SET9	mands-MS-T32001111
MS-T32001503-PEMBE-44	SET5	mands-MS-T32001503
MS-T32001502-SIYAH-46	SET6	mands-MS-T32001502
MS-T32001503-PEMBE-42	SET5	mands-MS-T32001503
MS-T32001502-PEMBE-36	SET6	mands-MS-T32001502
MS-T32001503-PEMBE-38	SET5	mands-MS-T32001503
MS-T32001503-PEMBE-46	SET5	mands-MS-T32001503
MS-T32006888E-40	MS-T32006888E	mands-MS-T32006888E
MS-T32001502-SIYAH-42	SET6	mands-MS-T32001502
MS-T32001502-PEMBE-48	SET6	mands-MS-T32001502
MS-T32001111-SIYAH-38	SET9	mands-MS-T32001111
MS-T32001502-PEMBE-40	SET6	mands-MS-T32001502
MS-T32001502-PEMBE-50	SET6	mands-MS-T32001502
MS-T32001502-SIYAH-40	SET6	mands-MS-T32001502
MS-T32001111-SIYAH-36	SET9	mands-MS-T32001111
MS-T32001111-KUVARS-50	SET9	mands-MS-T32001111
MS-T32006762W-36	MS-T32006762W	mands-MS-T32006762W
MS-T32006762A-38	MS-T32006762A	mands-MS-T32006762A
MS-T32006762W-38	MS-T32006762W	mands-MS-T32006762W
MS-T32001503-PEMBE-50	SET5	mands-MS-T32001503
MS-T32001502-PEMBE-42	SET6	mands-MS-T32001502
MS-T32001503-PEMBE-48	SET5	mands-MS-T32001503
MS-T32006762W-44	MS-T32006762W	mands-MS-T32006762W
MS-T32006762B-44	MS-T32006762B	mands-MS-T32006762B
MS-T32006762B-40	MS-T32006762B	mands-MS-T32006762B
MS-T32001111-SIYAH-44	SET9	mands-MS-T32001111
MS-T32001111-KUVARS-36	SET9	mands-MS-T32001111
MS-T32006762B-42	MS-T32006762B	mands-MS-T32006762B
MS-T32001502-PEMBE-46	SET6	mands-MS-T32001502
MS-T32001503-PEMBE-36	SET5	mands-MS-T32001503
MS-T32006762B-38	MS-T32006762B	mands-MS-T32006762B
MS-T32006762W-50	MS-T32006762W	mands-MS-T32006762W
MS-T32001502-SIYAH-44	SET6	mands-MS-T32001502
MS-T32001502-SIYAH-48	SET6	mands-MS-T32001502
MS-T32001111-KUVARS-44	SET9	mands-MS-T32001111
MS-T32001111-SIYAH-48	SET9	mands-MS-T32001111
MS-T32001111-SIYAH-40	SET9	mands-MS-T32001111
MS-T32001502-PEMBE-38	SET6	mands-MS-T32001502
MS-T32001111-SIYAH-46	SET9	mands-MS-T32001111
MS-T32001111-SIYAH-50	SET9	mands-MS-T32001111
MS-T32001111-KUVARS-38	SET9	mands-MS-T32001111
MS-T32006762W-46	MS-T32006762W	mands-MS-T32006762W
MS-T32001502-SIYAH-50	SET6	mands-MS-T32001502
MS-T32006762W-48	MS-T32006762W	mands-MS-T32006762W
MS-T32006762B-36	MS-T32006762B	mands-MS-T32006762B
MS-T32006762W-42	MS-T32006762W	mands-MS-T32006762W
MS-T32006762B-48	MS-T32006762B	mands-MS-T32006762B
MS-T32001111-KUVARS-40	SET9	mands-MS-T32001111
MS-T32006762W-40	MS-T32006762W	mands-MS-T32006762W
MS-T32006762B-46	MS-T32006762B	mands-MS-T32006762B
MS-T32001111-KUVARS-46	SET9	mands-MS-T32001111
MS-T32001111-KUVARS-48	SET9	mands-MS-T32001111
MS-T32001111-KUVARS-42	SET9	mands-MS-T32001111
MS-T32006160-KAKAO-40	SET4	mands-MS-T32006160
MS-T32006160-KAKAO-42	SET4	mands-MS-T32006160
MS-T32006160-KAKAO-44	SET4	mands-MS-T32006160
MS-T32006160-KAKAO-48	SET4	mands-MS-T32006160
MS-T32006160-KAKAO-46	SET4	mands-MS-T32006160
MS-T32006160-KAKAO-50	SET4	mands-MS-T32006160
MS-T33002062X-42	MS-T33002062X	mands-MS-T33002062X
MS-T32006160-BEYAZ-44	SET4	mands-MS-T32006160
MS-T32006160-BEYAZ-38	SET4	mands-MS-T32006160
MS-T32006160-BEYAZ-40	SET4	mands-MS-T32006160
MS-T33002062X-36	MS-T33002062X	mands-MS-T33002062X
MS-T33002062X-38	MS-T33002062X	mands-MS-T33002062X
MS-T33002062X-50	MS-T33002062X	mands-MS-T33002062X
MS-T32006160-BEYAZ-42	SET4	mands-MS-T32006160
MS-T32006160-BEYAZ-50	SET4	mands-MS-T32006160
MS-T33002062X-44	MS-T33002062X	mands-MS-T33002062X
MS-T33002062X-40	MS-T33002062X	mands-MS-T33002062X
MS-T32006160-BEYAZ-36	SET4	mands-MS-T32006160
MS-T33002062X-48	MS-T33002062X	mands-MS-T33002062X
MS-T32006160-BEYAZ-48	SET4	mands-MS-T32006160
MS-T32006160-BEYAZ-46	SET4	mands-MS-T32006160
MS-T32006160-KAKAO-38	SET4	mands-MS-T32006160
MS-T33002062X-46	MS-T33002062X	mands-MS-T33002062X
MS-T32006160-KAKAO-36	SET4	mands-MS-T32006160
MS-T61005022F-BLACK-40	SET2	mands-MS-T61005022F
MS-T61005022F-BEYAZ-44	SET2	mands-MS-T61005022F
MS-T61005022F-BLACK-44	SET2	mands-MS-T61005022F
MS-T61005022F-BEYAZ-38	SET2	mands-MS-T61005022F
MS-T61005022F-BEYAZ-40	SET2	mands-MS-T61005022F
MS-T61005022F-BEYAZ-50	SET2	mands-MS-T61005022F
MS-T61005022F-BEYAZ-34	SET2	mands-MS-T61005022F
MS-T61005760N-BEYAZ-34	SET3	mands-MS-T61005760N
MS-T61005022F-BEYAZ-36	SET2	mands-MS-T61005022F
MS-T61005022F-BLACK-48	SET2_MS-T61005022F-BLACK-48	mands-MS-T61005022F
MS-T61005022F-BEYAZ-48	SET2	mands-MS-T61005022F
MS-T61005022F-BEYAZ-42	SET2	mands-MS-T61005022F
MS-T61005022F-BEYAZ-52	SET2	mands-MS-T61005022F
MS-T61005022F-BEYAZ-46	SET2	mands-MS-T61005022F
MS-T61005760N-BEYAZ-36	SET3	mands-MS-T61005760N
MS-T61005022F-BLACK-50	SET2_MS-T61005022F-BLACK-50	mands-MS-T61005022F
MS-T61005760N-BEYAZ-48	SET3	mands-MS-T61005760N
MS-T61005022F-BLACK-52	SET2	mands-MS-T61005022F
MS-T61005760N-BEYAZ-44	SET3	mands-MS-T61005760N
MS-T61005760N-BEYAZ-38	SET3	mands-MS-T61005760N
MS-T61005760N-BEYAZ-40	SET3	mands-MS-T61005760N
MS-T61005760N-BEYAZ-42	SET3	mands-MS-T61005760N
MS-T61005760N-BEYAZ-50	SET3	mands-MS-T61005760N
MS-T61005760N-BEYAZ-46	SET3	mands-MS-T61005760N
MS-T14002533F-SIYAH-S	set1	mands-MS-T14002533F
MS-T14004107S-MULTI-M	SET2	mands-MS-T14004107S
MS-T14004107S-BEYAZ-XXL	SET2	mands-MS-T14004107S
MS-T14002533F-MAVI-XXL	set1	mands-MS-T14002533F
MS-T14003846-XXL	MS-T14003846	mands-MS-T14003846
MS-T14002533F-MAVI-3XL	set1	mands-MS-T14002533F
MS-T14002533F-BEYAZ-XXL	set1	mands-MS-T14002533F
MS-T14002533F-SIYAH-M	set1	mands-MS-T14002533F
MS-T14002533F-MAVI-XL	set1	mands-MS-T14002533F
MS-T14002533F-BEYAZ-XL	set1	mands-MS-T14002533F
MS-T14004107S-BEYAZ-S	SET2	mands-MS-T14004107S
MS-T14003846-M	MS-T14003846	mands-MS-T14003846
MS-T14004107S-BEYAZ-L	SET2	mands-MS-T14004107S
MS-T14004107S-BEYAZ-3XL	SET2	mands-MS-T14004107S
MS-T14004107S-SIYAH-S	SET2	mands-MS-T14004107S
MS-T14004107S-MULTI-XXL	SET2	mands-MS-T14004107S
MS-T14004787S-SIYAH-S	SET4	mands-MS-T14004787S
MS-T14004787S-BEYAZ-3XL	SET4	mands-MS-T14004787S
MS-T14006221A-SIYAH-XL	SET11	mands-MS-T14006221A
MS-T14006123A-BEYAZ-XXL	SET9	mands-MS-T14006123A
MS-T14004849F-XXL	MS-T14004849F	mands-MS-T14004849F
MS-T14002533F-SIYAH-L	set1	mands-MS-T14002533F
MS-T14002533F-MAVI-M	set1	mands-MS-T14002533F
MS-T14004107S-MULTI-L	SET2	mands-MS-T14004107S
MS-T14004787S-BEYAZ-XXL	SET4	mands-MS-T14004787S
MS-T14004793S-MAVI-L	SET5	mands-MS-T14004793S
MS-T14002533F-BEYAZ-M	set1	mands-MS-T14002533F
MS-T14003846-L	MS-T14003846	mands-MS-T14003846
MS-T14002533F-BEYAZ-L	set1	mands-MS-T14002533F
MS-T14004793S-MAVI-3XL	SET5	mands-MS-T14004793S
MS-T14004107S-MULTI-XL	SET2	mands-MS-T14004107S
MS-T14006123A-BEYAZ-S	SET9	mands-MS-T14006123A
MS-T14006123A-BEYAZ-M	SET9	mands-MS-T14006123A
MS-T14006766S-MAVI-XL	SET12	mands-MS-T14006766S
MS-T14006766S-BEYAZ-M	SET12	mands-MS-T14006766S
MS-T14006665C-XL	MS-T14006665C	mands-MS-T14006665C
MS-T14006766S-BEYAZ-XL	SET12	mands-MS-T14006766S
MS-T14005390A-BEYAZ-S	SET8	mands-MS-T14005390A
MS-T14006766S-MAVI-XXL	SET12	mands-MS-T14006766S
MS-T14005390A-BEYAZ-L	SET8	mands-MS-T14005390A
MS-T14006766S-SIYAH-XXL	SET12	mands-MS-T14006766S
MS-T14006221A-SIYAH-M	SET11	mands-MS-T14006221A
MS-T14006766S-MAVI-S	SET12	mands-MS-T14006766S
MS-T14005390A-BEYAZ-M	SET8	mands-MS-T14005390A
MS-T14005390A-SIYAH-S	SET8	mands-MS-T14005390A
MS-T14002533F-SIYAH-3XL	set1	mands-MS-T14002533F
MS-T14004107S-BEYAZ-M	SET2	mands-MS-T14004107S
MS-T14004793S-MAVI-M	SET5	mands-MS-T14004793S
MS-T14004787S-SIYAH-XL	SET4	mands-MS-T14004787S
MS-T14004787S-SIYAH-M	SET4	mands-MS-T14004787S
MS-T14004849F-M	MS-T14004849F	mands-MS-T14004849F
MS-T14006705C-S	MS-T14006705C	mands-MS-T14006705C
MS-T14005390A-SIYAH-L	SET8	mands-MS-T14005390A
MS-T14002533F-SIYAH-XL	set1	mands-MS-T14002533F
MS-T14004849F-L	MS-T14004849F	mands-MS-T14004849F
MS-T14004107S-SIYAH-M	SET2	mands-MS-T14004107S
MS-T14004787S-SIYAH-L	SET4	mands-MS-T14004787S
MS-T14006221A-BEYAZ-XXL	SET11	mands-MS-T14006221A
MS-T14006705C-L	MS-T14006705C	mands-MS-T14006705C
MS-T14006766S-SIYAH-M	SET12	mands-MS-T14006766S
MS-T14003846-S	MS-T14003846	mands-MS-T14003846
MS-T14004793S-GRI-M	SET5	mands-MS-T14004793S
MS-T14004787S-BEYAZ-M	SET4	mands-MS-T14004787S
MS-T14004787S-SIYAH-XXL	SET4	mands-MS-T14004787S
MS-T14002533F-MAVI-L	set1	mands-MS-T14002533F
MS-T14005390A-BEYAZ-XXL	SET8	mands-MS-T14005390A
MS-T14006125A-XXL	MS-T14006125A	mands-MS-T14006125A
MS-T14004793S-GRI-L	SET5	mands-MS-T14004793S
MS-T14002533F-BEYAZ-3XL	set1	mands-MS-T14002533F
MS-T14004107S-SIYAH-XXL	SET2	mands-MS-T14004107S
MS-T14005390A-BEYAZ-XL	SET8	mands-MS-T14005390A
MS-T14006705C-M	MS-T14006705C	mands-MS-T14006705C
MS-T14004793S-MAVI-XL	SET5	mands-MS-T14004793S
MS-T14005390A-SIYAH-M	SET8	mands-MS-T14005390A
MS-T14004107S-BEYAZ-XL	SET2	mands-MS-T14004107S
MS-T14006125A-XL	MS-T14006125A	mands-MS-T14006125A
MS-T14006766S-MAVI-3XL	SET12	mands-MS-T14006766S
MS-T14006221A-SIYAH-L	SET11	mands-MS-T14006221A
MS-T14004107S-SIYAH-3XL	SET2	mands-MS-T14004107S
MS-T14006221A-BEYAZ-M	SET11	mands-MS-T14006221A
MS-T14006221A-BEYAZ-XL	SET11	mands-MS-T14006221A
MS-T14006665C-M	MS-T14006665C	mands-MS-T14006665C
MS-T14004849F-S	MS-T14004849F	mands-MS-T14004849F
MS-T14006766S-MAVI-M	SET12	mands-MS-T14006766S
MS-T14004787S-BEYAZ-XL	SET4	mands-MS-T14004787S
MS-T14006221A-BEYAZ-S	SET11	mands-MS-T14006221A
MS-T14004107S-MULTI-S	SET2	mands-MS-T14004107S
MS-T14006221A-BEYAZ-L	SET11	mands-MS-T14006221A
MS-T14005390A-SIYAH-XXL	SET8	mands-MS-T14005390A
MS-T14006766S-MAVI-L	SET12	mands-MS-T14006766S
MS-T14006766S-BEYAZ-S	SET12	mands-MS-T14006766S
MS-T14006766S-SIYAH-XL	SET12	mands-MS-T14006766S
MS-T14006766S-SIYAH-L	SET12	mands-MS-T14006766S
MS-T14006766S-BEYAZ-L	SET12	mands-MS-T14006766S
MS-T14006705C-XXL	MS-T14006705C	mands-MS-T14006705C
MS-T14006766S-BEYAZ-3XL	SET12	mands-MS-T14006766S
MS-T14004793S-GRI-3XL	SET5	mands-MS-T14004793S
MS-T14002533F-SIYAH-XXL	set1	mands-MS-T14002533F
MS-T14004107S-SIYAH-L	SET2	mands-MS-T14004107S
MS-T14002533F-MAVI-S	set1	mands-MS-T14002533F
MS-T14004787S-SIYAH-3XL	SET4	mands-MS-T14004787S
MS-T14003846-XL	MS-T14003846	mands-MS-T14003846
MS-T14002533F-BEYAZ-S	set1	mands-MS-T14002533F
MS-T14006123A-BEYAZ-L	SET9	mands-MS-T14006123A
MS-T14006766S-SIYAH-3XL	SET12	mands-MS-T14006766S
MS-T14006125A-S	MS-T14006125A	mands-MS-T14006125A
MS-T14004793S-MAVI-S	SET5	mands-MS-T14004793S
MS-T14004793S-GRI-XXL	SET5	mands-MS-T14004793S
MS-T14006123A-BEYAZ-XL	SET9	mands-MS-T14006123A
MS-T14006221A-SIYAH-XXL	SET11	mands-MS-T14006221A
MS-T14006221A-SIYAH-S	SET11	mands-MS-T14006221A
MS-T14006766S-SIYAH-S	SET12	mands-MS-T14006766S
MS-T14004793S-MAVI-XXL	SET5	mands-MS-T14004793S
MS-T14006665C-S	MS-T14006665C	mands-MS-T14006665C
MS-T14006125A-M	MS-T14006125A	mands-MS-T14006125A
MS-T14004849F-XL	MS-T14004849F	mands-MS-T14004849F
MS-T14005390A-SIYAH-XL	SET8	mands-MS-T14005390A
MS-T14004107S-SIYAH-XL	SET2	mands-MS-T14004107S
MS-T14004793S-GRI-S	SET5	mands-MS-T14004793S
MS-T14006125A-L	MS-T14006125A	mands-MS-T14006125A
MS-T14006665C-XXL	MS-T14006665C	mands-MS-T14006665C
MS-T14006665C-L	MS-T14006665C	mands-MS-T14006665C
MS-T14004787S-BEYAZ-L	SET4	mands-MS-T14004787S
MS-T14004793S-GRI-XL	SET5	mands-MS-T14004793S
MS-T14004787S-BEYAZ-S	SET4	mands-MS-T14004787S
MS-T14006705C-XL	MS-T14006705C	mands-MS-T14006705C
MS-T14006766S-BEYAZ-XXL	SET12	mands-MS-T14006766S
MS-T61005016L-50	MS-T61005016L	mands-MS-T61005016L
MS-T61005016L-40	MS-T61005016L	mands-MS-T61005016L
MS-T61005781F-BEYAZ-38	set1	mands-MS-T61005781F
MS-T61005783L-BEYAZ-52	set2	mands-MS-T61005783L
MS-T61005390S-46	MS-T61005390S	mands-MS-T61005390S
MS-T61005016L-38	MS-T61005016L	mands-MS-T61005016L
MS-T61005783L-BEYAZ-44	set2	mands-MS-T61005783L
MS-T61005781F-BEYAZ-48	set1	mands-MS-T61005781F
MS-T61005783L-PEMBE-34	set2	mands-MS-T61005783L
MS-T61005781F-SIYAH-42	set1	mands-MS-T61005781F
MS-T61005390S-42	MS-T61005390S	mands-MS-T61005390S
MS-T61005783L-PEMBE-50	set2	mands-MS-T61005783L
MS-T61005783L-PEMBE-38	set2	mands-MS-T61005783L
MS-T61005783L-PEMBE-44	set2	mands-MS-T61005783L
MS-T61005783L-BEYAZ-34	set2	mands-MS-T61005783L
MS-T61005781F-SIYAH-40	set1	mands-MS-T61005781F
MS-T61005783L-BEYAZ-36	set2	mands-MS-T61005783L
MS-T61005390S-38	MS-T61005390S	mands-MS-T61005390S
MS-T61005783L-BEYAZ-46	set2	mands-MS-T61005783L
MS-T61005781F-SIYAH-48	set1	mands-MS-T61005781F
MS-T61005390L-44	MS-T61005390L	mands-MS-T61005390L
MS-T61005016L-44	MS-T61005016L	mands-MS-T61005016L
MS-T61005781F-SIYAH-46	set1	mands-MS-T61005781F
MS-T61005781F-SIYAH-52	set1	mands-MS-T61005781F
MS-T61005390L-46	MS-T61005390L	mands-MS-T61005390L
MS-T61005016L-48	MS-T61005016L	mands-MS-T61005016L
MS-T61005783L-BEYAZ-38	set2	mands-MS-T61005783L
MS-T61005016L-42	MS-T61005016L	mands-MS-T61005016L
MS-T61005390L-40	MS-T61005390L	mands-MS-T61005390L
MS-T61005016L-46	MS-T61005016L	mands-MS-T61005016L
MS-T61005781F-BEYAZ-36	set1	mands-MS-T61005781F
MS-T61005781F-SIYAH-38	set1	mands-MS-T61005781F
MS-T61005783L-BEYAZ-48	set2	mands-MS-T61005783L
MS-T61005781F-BEYAZ-42	set1	mands-MS-T61005781F
MS-T61005016L-36	MS-T61005016L	mands-MS-T61005016L
MS-T61005781F-SIYAH-36	set1	mands-MS-T61005781F
MS-T61005390S-50	MS-T61005390S	mands-MS-T61005390S
MS-T61005781F-BEYAZ-40	set1	mands-MS-T61005781F
MS-T61005390S-40	MS-T61005390S	mands-MS-T61005390S
MS-T61005390S-44	MS-T61005390S	mands-MS-T61005390S
MS-T61005016L-52	MS-T61005016L	mands-MS-T61005016L
MS-T61005783L-BEYAZ-42	set2	mands-MS-T61005783L
MS-T61005783L-PEMBE-46	set2	mands-MS-T61005783L
MS-T61005781F-BEYAZ-44	set1	mands-MS-T61005781F
MS-T61005783L-BEYAZ-50	set2	mands-MS-T61005783L
MS-T61005781F-BEYAZ-46	set1	mands-MS-T61005781F
MS-T61005390L-48	MS-T61005390L	mands-MS-T61005390L
MS-T61005390L-50	MS-T61005390L	mands-MS-T61005390L
MS-T61005390S-48	MS-T61005390S	mands-MS-T61005390S
MS-T61005783L-PEMBE-42	set2	mands-MS-T61005783L
MS-T61005783L-BEYAZ-40	set2	mands-MS-T61005783L
MS-T61005783L-PEMBE-48	set2	mands-MS-T61005783L
MS-T61005016L-34	MS-T61005016L	mands-MS-T61005016L
MS-T61005781F-BEYAZ-50	set1	mands-MS-T61005781F
MS-T61005781F-BEYAZ-52	set1	mands-MS-T61005781F
MS-T61005390L-42	MS-T61005390L	mands-MS-T61005390L
MS-T61005781F-SIYAH-44	set1	mands-MS-T61005781F
MS-T61005783L-PEMBE-40	set2	mands-MS-T61005783L
MS-T61005781F-SIYAH-50	set1	mands-MS-T61005781F
MS-T61005783L-PEMBE-36	set2	mands-MS-T61005783L
MS-T81006470L-KREM-36	SET2	mands-MS-T81006470L
MS-T61005016L-SIYAH-48	MS-T61005016L-SIYAH	mands-MS-T61005016L
MS-T81006470L-KREM-34	SET2	mands-MS-T81006470L
MS-T81006470L-KREM-44	SET2	mands-MS-T81006470L
MS-T81006470L-KREM-48	SET2	mands-MS-T81006470L
MS-T61005016L-SIYAH-38	MS-T61005016L-SIYAH	mands-MS-T61005016L
MS-T61005016L-SIYAH-52	MS-T61005016L-SIYAH	mands-MS-T61005016L
MS-T61005016L-SIYAH-40	MS-T61005016L-SIYAH	mands-MS-T61005016L
MS-T61005016L-SIYAH-36	MS-T61005016L-SIYAH	mands-MS-T61005016L
MS-T61005016L-SIYAH-44	MS-T61005016L-SIYAH	mands-MS-T61005016L
MS-T81006470L-KREM-38	SET2	mands-MS-T81006470L
MS-T81006470L-KREM-40	SET2	mands-MS-T81006470L
MS-T61005016L-SIYAH-50	MS-T61005016L-SIYAH	mands-MS-T61005016L
MS-T61005016L-SIYAH-42	MS-T61005016L-SIYAH	mands-MS-T61005016L
MS-T61005016L-SIYAH-46	MS-T61005016L-SIYAH	mands-MS-T61005016L
MS-T81006470L-KREM-42	SET2	mands-MS-T81006470L
MS-T81006470L-KREM-46	SET2	mands-MS-T81006470L
MS-T41007391-BEYAZ-48	MS-T41007391-BEYAZ	mands-MS-T41007391
MS-T14008374F-XL	MS-T14008374F	mands-MS-T14008374F
MS-T14005318A-GRI-L	SET2	mands-MS-T14005318A
MS-T14005318A-SIYAH-S	SET2	mands-MS-T14005318A
MS-T14005318A-SIYAH-XXL	SET2	mands-MS-T14005318A
MS-T14008374F-L	MS-T14008374F	mands-MS-T14008374F
MS-T14005318A-BEYAZ-XXL	SET2	mands-MS-T14005318A
MS-T14008374F-M	MS-T14008374F	mands-MS-T14008374F
MS-T14005318A-BEYAZ-M	SET2	mands-MS-T14005318A
MS-T14005318A-GRI-XL	SET2	mands-MS-T14005318A
MS-T14005318A-BEYAZ-S	SET2	mands-MS-T14005318A
MS-T14005318A-SIYAH-L	SET2	mands-MS-T14005318A
MS-T14005318A-BEYAZ-XL	SET2	mands-MS-T14005318A
MS-T14005318A-GRI-XXL	SET2	mands-MS-T14005318A
MS-T14005307A-SIYAH-XL	MS-T14005307A-SIYAH	mands-MS-T14005307A
MS-T14005307A-SIYAH-L	MS-T14005307A-SIYAH	mands-MS-T14005307A
MS-T14005318A-GRI-S	SET2	mands-MS-T14005318A
MS-T14008374F-S	MS-T14008374F	mands-MS-T14008374F
MS-T14005318A-BEYAZ-L	SET2	mands-MS-T14005318A
MS-T14008374F-XXL	MS-T14008374F	mands-MS-T14008374F
MS-T14005318A-SIYAH-M	SET2	mands-MS-T14005318A
MS-T14005307A-SIYAH-S	MS-T14005307A-SIYAH	mands-MS-T14005307A
MS-T14005318A-GRI-M	SET2	mands-MS-T14005318A
MS-T14005318A-SIYAH-XL	SET2	mands-MS-T14005318A
MS-T14005307A-SIYAH-XXL	MS-T14005307A-SIYAH	mands-MS-T14005307A
MS-T14005307A-SIYAH-M	MS-T14005307A-SIYAH	mands-MS-T14005307A
SML-MS-T61004884-KREM-48	set2	mands-SML-T61004884
MS-T61005015T-PEMBE-38	MS-T61005015T-PEMBE	mands-MS-T61005015T
MS-T61005015T-PEMBE-48	MS-T61005015T-PEMBE	mands-MS-T61005015T
MS-T61005781F-PEMBE-48	MS-T61005781F-PEMBE	mands-MS-T61005781F
MS-T81006470A-KREM-38	MS-T81006470A-KREM	mands-MS-T81006470A
MS-T61005015T-PEMBE-44	MS-T61005015T-PEMBE	mands-MS-T61005015T
SML-MS-T61004884-KREM-46	set2	mands-SML-T61004884
MS-T81006470A-KREM-36	MS-T81006470A-KREM	mands-MS-T81006470A
MS-T81006470A-KREM-42	MS-T81006470A-KREM	mands-MS-T81006470A
MS-T61005015T-PEMBE-52	MS-T61005015T-PEMBE	mands-MS-T61005015T
SML-MS-T61004884-KREM-38	set2	mands-SML-T61004884
MS-T61005781F-PEMBE-34	MS-T61005781F-PEMBE	mands-MS-T61005781F
SML-MS-T61004884-KREM-36	set2	mands-SML-T61004884
MS-T61005015T-PEMBE-42	MS-T61005015T-PEMBE	mands-MS-T61005015T
SML-MS-T61004884-KREM-40	set2	mands-SML-T61004884
MS-T61005781F-PEMBE-46	MS-T61005781F-PEMBE	mands-MS-T61005781F
MS-T81006470A-KREM-48	MS-T81006470A-KREM	mands-MS-T81006470A
MS-T61005015T-PEMBE-46	MS-T61005015T-PEMBE	mands-MS-T61005015T
SML-MS-T61004884-KREM-44	set2	mands-SML-T61004884
MS-T61005781F-PEMBE-40	MS-T61005781F-PEMBE	mands-MS-T61005781F
MS-T81006470A-KREM-44	MS-T81006470A-KREM	mands-MS-T81006470A
MS-T61005781F-PEMBE-38	MS-T61005781F-PEMBE	mands-MS-T61005781F
MS-T61005015T-PEMBE-40	MS-T61005015T-PEMBE	mands-MS-T61005015T
SML-MS-T61004884-KREM-52	set2	mands-SML-T61004884
MS-T61005781F-PEMBE-44	MS-T61005781F-PEMBE	mands-MS-T61005781F
MS-T61005015T-PEMBE-36	MS-T61005015T-PEMBE	mands-MS-T61005015T
MS-T61005015T-PEMBE-34	MS-T61005015T-PEMBE	mands-MS-T61005015T
SML-MS-T61004884-KREM-50	set2	mands-SML-T61004884
MS-T81006470A-KREM-50	MS-T81006470A-KREM	mands-MS-T81006470A
MS-T81006470A-KREM-40	MS-T81006470A-KREM	mands-MS-T81006470A
MS-T81006470A-KREM-34	MS-T81006470A-KREM	mands-MS-T81006470A
MS-T61005781F-PEMBE-42	MS-T61005781F-PEMBE	mands-MS-T61005781F
MS-T61005015T-PEMBE-50	MS-T61005015T-PEMBE	mands-MS-T61005015T
MS-T61005781F-PEMBE-52	MS-T61005781F-PEMBE	mands-MS-T61005781F
MS-T61005781F-PEMBE-50	MS-T61005781F-PEMBE	mands-MS-T61005781F
MS-T81006470A-KREM-46	MS-T81006470A-KREM	mands-MS-T81006470A
MS-T61005781F-PEMBE-36	MS-T61005781F-PEMBE	mands-MS-T61005781F
MS-T07001237A-SIYAH-XXL	SET7	mands-MS-T07001237A
MS-T07001237A-GRI-XXL	SET7	mands-MS-T07001237A
MS-T07001237A-SIYAH-M	SET7	mands-MS-T07001237A
MS-T07000063-MAVI-M	SET10	mands-MS-T07000063
MS-T07003567-LACIVERT-XL	SET11	mands-MS-T07003567
MS-T07000539-MAVI-L	SET9	mands-MS-T07000539
MS-T07001231A-SIYAH-M	SET12	mands-MS-T07001231A
MS-T07001237A-SIYAH-XL	SET7	mands-MS-T07001237A
MS-T07000063-YESIL-S	SET10	mands-MS-T07000063
MS-T07001602A-GRI-M	SET8	mands-MS-T07001602A
MS-T07001231A-SIYAH-XXL	SET12	mands-MS-T07001231A
MS-T07000500-MAVI-M	SET16	mands-MS-T07000500
MS-T07000500-GRI-L	SET16	mands-MS-T07000500
MS-T07000002-GRI-L	SET17	mands-MS-T07000002
MS-T07000002-MAVI-XXL	SET17	mands-MS-T07000002
MS-T07001237A-GRI-XL	SET7	mands-MS-T07001237A
MS-T07001602A-GRI-XL	SET8	mands-MS-T07001602A
MS-T07001231A-LACIVERT-S	SET12	mands-MS-T07001231A
MS-T07001231A-LACIVERT-XL	SET12	mands-MS-T07001231A
MS-T07000047-LACIVERT-XL	MS-T07000047	mands-MS-T07000047
MS-T07000047-LACIVERT-S	MS-T07000047	mands-MS-T07000047
MS-T07000047-LACIVERT-XXL	MS-T07000047	mands-MS-T07000047
MS-T07000500-GRI-XXL	SET16	mands-MS-T07000500
MS-T07000002-MAVI-S	SET17	mands-MS-T07000002
MS-T07001237A-GRI-M	SET7	mands-MS-T07001237A
MS-T07001237A-SIYAH-L	SET7	mands-MS-T07001237A
MS-T07000063-MAVI-S	SET10	mands-MS-T07000063
MS-T07000063-MAVI-XL	SET10	mands-MS-T07000063
MS-T07001231A-GRI-XL	SET12	mands-MS-T07001231A
MS-T07001231A-SIYAH-XL	SET12	mands-MS-T07001231A
MS-T07000047-LACIVERT-M	MS-T07000047	mands-MS-T07000047
MS-T07000500-MAVI-XXL	SET16	mands-MS-T07000500
MS-T07000002-GRI-S	SET17	mands-MS-T07000002
MS-T07000002-GRI-M	SET17	mands-MS-T07000002
MS-T07000047-LACIVERT-L	MS-T07000047	mands-MS-T07000047
MS-T07000500-MAVI-XL	SET16	mands-MS-T07000500
MS-T07001602A-GRI-XS	SET8	mands-MS-T07001602A
MS-T07001602A-GRI-XXL	SET8	mands-MS-T07001602A
MS-T07003567-LACIVERT-XXL	SET11	mands-MS-T07003567
MS-T07001602A-GRI-L	SET8	mands-MS-T07001602A
MS-T07000539-MAVI-S	SET9	mands-MS-T07000539
MS-T07000063-YESIL-L	SET10	mands-MS-T07000063
MS-T07000063-YESIL-XL	SET10	mands-MS-T07000063
MS-T07001231A-GRI-XXL	SET12	mands-MS-T07001231A
MS-T07000063-YESIL-XXL	SET10	mands-MS-T07000063
MS-T07000063-MAVI-XXL	SET10	mands-MS-T07000063
MS-T07001231A-GRI-S	SET12	mands-MS-T07001231A
MS-T07001231A-LACIVERT-M	SET12	mands-MS-T07001231A
MS-T07001231A-SIYAH-L	SET12	mands-MS-T07001231A
MS-T07001231A-LACIVERT-XXL	SET12	mands-MS-T07001231A
MS-T07001231A-GRI-M	SET12	mands-MS-T07001231A
MS-T07003567-LACIVERT-L	SET11	mands-MS-T07003567
MS-T07000539-MAVI-XL	SET9	mands-MS-T07000539
MS-T07001231A-GRI-L	SET12	mands-MS-T07001231A
MS-T07001602A-GRI-S	SET8	mands-MS-T07001602A
MS-T07000500-GRI-XL	SET16	mands-MS-T07000500
MS-T07001231A-SIYAH-S	SET12	mands-MS-T07001231A
MS-T07001237A-SIYAH-S	SET7	mands-MS-T07001237A
MS-T07000002-MAVI-M	SET17	mands-MS-T07000002
MS-T07000002-MAVI-XL	SET17	mands-MS-T07000002
MS-T07001237A-GRI-S	SET7	mands-MS-T07001237A
MS-T07001237A-GRI-L	SET7	mands-MS-T07001237A
MS-T07003567-LACIVERT-S	SET11	mands-MS-T07003567
MS-T07000500-MAVI-L	SET16	mands-MS-T07000500
MS-T07000500-GRI-M	SET16	mands-MS-T07000500
MS-T07000539-MAVI-XXL	SET9	mands-MS-T07000539
MS-T07000500-GRI-S	SET16	mands-MS-T07000500
MS-T07000539-MAVI-M	SET9	mands-MS-T07000539
MS-T07003567-LACIVERT-M	SET11	mands-MS-T07003567
MS-T07000002-MAVI-L	SET17	mands-MS-T07000002
MS-T07000002-GRI-XXL	SET17	mands-MS-T07000002
MS-T07001231A-LACIVERT-L	SET12	mands-MS-T07001231A
MS-T07000063-YESIL-M	SET10	mands-MS-T07000063
MS-T07000500-MAVI-S	SET16	mands-MS-T07000500
MS-T07000002-GRI-XL	SET17	mands-MS-T07000002
MS-T61005390S-BEJ-48	MS-T61005390S-BEJ	mands-MS-T61005390S
MS-T61005390F-BEJ-42	MS-T61005390F	mands-MS-T61005390F
MS-T61005390S-BEJ-40	MS-T61005390S-BEJ	mands-MS-T61005390S
MS-T61005390F-BEJ-50	MS-T61005390F	mands-MS-T61005390F
MS-T61005390S-BEJ-52	MS-T61005390S-BEJ	mands-MS-T61005390S
MS-T61005390F-BEJ-38	MS-T61005390F	mands-MS-T61005390F
MS-T61005390S-BEJ-36	MS-T61005390S-BEJ	mands-MS-T61005390S
MS-T61005390S-BEJ-42	MS-T61005390S-BEJ	mands-MS-T61005390S
MS-T61005390F-BEJ-46	MS-T61005390F	mands-MS-T61005390F
MS-T61005390L-BEJ-48	MS-T61005390L	mands-MS-T61005390L
MS-T61005390L-BEJ-42	MS-T61005390L	mands-MS-T61005390L
MS-T61005390F-BEJ-52	MS-T61005390F	mands-MS-T61005390F
MS-T61005390L-BEJ-44	MS-T61005390L	mands-MS-T61005390L
MS-T61004054E-SIYAH-46	MS-T61004054E	mands-MS-T61004054E
MS-T61004054E-SIYAH-40	MS-T61004054E	mands-MS-T61004054E
MS-T61005184B-BEYAZ-48	MS-T61005184B	mands-MS-T61005184B
MS-T61005390S-BEJ-50	MS-T61005390S-BEJ	mands-MS-T61005390S
MS-T61004054T-SIYAH-36	MS-T61004054T	mands-MS-T61004054T
MS-T61004054T-SIYAH-38	MS-T61004054T	mands-MS-T61004054T
MS-T61005390F-BEJ-44	MS-T61005390F	mands-MS-T61005390F
MS-T61005390S-BEJ-44	MS-T61005390S-BEJ	mands-MS-T61005390S
MS-T61005390L-BEJ-52	MS-T61005390L	mands-MS-T61005390L
MS-T61005184B-BEYAZ-40	MS-T61005184B	mands-MS-T61005184B
MS-T61004054E-SIYAH-48	MS-T61004054E	mands-MS-T61004054E
MS-T61004054E-SIYAH-34	MS-T61004054E	mands-MS-T61004054E
MS-T61004054E-PEMBE-34	MS-T61004054E	mands-MS-T61004054E
MS-T61004054T-SIYAH-34	MS-T61004054T	mands-MS-T61004054T
MS-T61005390F-BEJ-36	MS-T61005390F	mands-MS-T61005390F
MS-T61005390S-BEJ-34	MS-T61005390S-BEJ	mands-MS-T61005390S
MS-T61005390S-BEJ-46	MS-T61005390S-BEJ	mands-MS-T61005390S
MS-T61005390L-BEJ-40	MS-T61005390L	mands-MS-T61005390L
MS-T61005390L-BEJ-34	MS-T61005390L	mands-MS-T61005390L
MS-T61005390L-BEJ-36	MS-T61005390L	mands-MS-T61005390L
MS-T61005184B-BEYAZ-34	MS-T61005184B	mands-MS-T61005184B
MS-T61004054T-BEJ-40	MS-T61004054T	mands-MS-T61004054T
MS-T61004054E-SIYAH-42	MS-T61004054E	mands-MS-T61004054E
MS-T61004054T-SIYAH-48	MS-T61004054T	mands-MS-T61004054T
MS-T61004054T-BEJ-44	MS-T61004054T	mands-MS-T61004054T
MS-T61004054E-SIYAH-50	MS-T61004054E	mands-MS-T61004054E
MS-T61005184B-BEYAZ-46	MS-T61005184B	mands-MS-T61005184B
MS-T61005184B-BEYAZ-50	MS-T61005184B	mands-MS-T61005184B
MS-T61005390L-BEJ-50	MS-T61005390L	mands-MS-T61005390L
MS-T61004054E-PEMBE-46	MS-T61004054E	mands-MS-T61004054E
MS-T61005390S-BEJ-38	MS-T61005390S-BEJ	mands-MS-T61005390S
MS-T61005390L-BEJ-46	MS-T61005390L	mands-MS-T61005390L
MS-T61005390F-BEJ-48	MS-T61005390F	mands-MS-T61005390F
MS-T61005390F-BEJ-40	MS-T61005390F	mands-MS-T61005390F
MS-T61004054T-SIYAH-42	MS-T61004054T	mands-MS-T61004054T
MS-T61004054E-PEMBE-50	MS-T61004054E	mands-MS-T61004054E
MS-T61004054E-PEMBE-38	MS-T61004054E	mands-MS-T61004054E
MS-T61004054E-PEMBE-44	MS-T61004054E	mands-MS-T61004054E
MS-T61004054E-SIYAH-36	MS-T61004054E	mands-MS-T61004054E
MS-T61004054E-PEMBE-40	MS-T61004054E	mands-MS-T61004054E
MS-T61004054T-SIYAH-50	MS-T61004054T	mands-MS-T61004054T
MS-T61004054T-BEJ-48	MS-T61004054T	mands-MS-T61004054T
MS-T61005390L-BEJ-38	MS-T61005390L	mands-MS-T61005390L
MS-T61004054E-SIYAH-38	MS-T61004054E	mands-MS-T61004054E
MS-T61004054T-BEJ-42	MS-T61004054T	mands-MS-T61004054T
MS-T61004054T-SIYAH-40	MS-T61004054T	mands-MS-T61004054T
MS-T61004054E-PEMBE-42	MS-T61004054E	mands-MS-T61004054E
MS-T61004054E-PEMBE-36	MS-T61004054E	mands-MS-T61004054E
MS-T61004054T-SIYAH-44	MS-T61004054T	mands-MS-T61004054T
MS-T61004054T-SIYAH-46	MS-T61004054T	mands-MS-T61004054T
MS-T61004054T-BEJ-34	MS-T61004054T	mands-MS-T61004054T
MS-T61005184B-BEYAZ-42	MS-T61005184B	mands-MS-T61005184B
MS-T61005184B-BEYAZ-38	MS-T61005184B	mands-MS-T61005184B
MS-T61004054T-BEJ-50	MS-T61004054T	mands-MS-T61004054T
MS-T61004054E-PEMBE-48	MS-T61004054E	mands-MS-T61004054E
MS-T61005184B-BEYAZ-36	MS-T61005184B	mands-MS-T61005184B
MS-T61004054E-SIYAH-44	MS-T61004054E	mands-MS-T61004054E
MS-T61004054T-BEJ-36	MS-T61004054T	mands-MS-T61004054T
MS-T61004054T-BEJ-46	MS-T61004054T	mands-MS-T61004054T
MS-T61004054T-BEJ-38	MS-T61004054T	mands-MS-T61004054T
MS-T61004054B-BEJ-46	MS-T61004054B	mands-MS-T61004054B
MS-T61004054B-SIYAH-42	MS-T61004054B	mands-MS-T61004054B
MS-T61004054B-SIYAH-44	MS-T61004054B	mands-MS-T61004054B
MS-T81006476A-40	MS-T81006476A	mands-MS-T81006476A
MS-T61004054B-BEJ-38	MS-T61004054B	mands-MS-T61004054B
MS-T61004054B-BEJ-42	MS-T61004054B	mands-MS-T61004054B
MS-T81006476A-38	MS-T81006476A	mands-MS-T81006476A
MS-T61004054B-SIYAH-38	MS-T61004054B	mands-MS-T61004054B
MS-T61004054B-SIYAH-36	MS-T61004054B	mands-MS-T61004054B
MS-T61004054B-PEMBE-38	MS-T61004054B	mands-MS-T61004054B
MS-T61004054B-PEMBE-46	MS-T61004054B	mands-MS-T61004054B
MS-T61004054B-BEJ-40	MS-T61004054B	mands-MS-T61004054B
MS-T61004054B-PEMBE-36	MS-T61004054B	mands-MS-T61004054B
MS-T61004054B-PEMBE-48	MS-T61004054B	mands-MS-T61004054B
MS-T81006476A-42	MS-T81006476A	mands-MS-T81006476A
MS-T81006476A-34	MS-T81006476A	mands-MS-T81006476A
MS-T61004054B-SIYAH-40	MS-T61004054B	mands-MS-T61004054B
MS-T61004054B-SIYAH-50	MS-T61004054B	mands-MS-T61004054B
MS-T61004054B-SIYAH-48	MS-T61004054B	mands-MS-T61004054B
MS-T81006476A-36	MS-T81006476A	mands-MS-T81006476A
MS-T81006476A-46	MS-T81006476A	mands-MS-T81006476A
MS-T61004054B-BEJ-44	MS-T61004054B	mands-MS-T61004054B
MS-T61004054B-SIYAH-46	MS-T61004054B	mands-MS-T61004054B
MS-T61004054B-BEJ-36	MS-T61004054B	mands-MS-T61004054B
MS-T61004054B-PEMBE-42	MS-T61004054B	mands-MS-T61004054B
MS-T61004054B-PEMBE-40	MS-T61004054B	mands-MS-T61004054B
MS-T81006476A-44	MS-T81006476A	mands-MS-T81006476A
MS-T61004054B-BEJ-50	MS-T61004054B	mands-MS-T61004054B
MS-T61004054B-BEJ-48	MS-T61004054B	mands-MS-T61004054B
MS-T61004054B-PEMBE-44	MS-T61004054B	mands-MS-T61004054B
MS-T61004054B-PEMBE-50	MS-T61004054B	mands-MS-T61004054B
MS-T14004812S-MULTI-XL	MS-T14004812S	mands-MS-T14004812S
MS-T14004812S-MULTI-M	MS-T14004812S	mands-MS-T14004812S
MS-T14004812S-MULTI-XXL	MS-T14004812S	mands-MS-T14004812S
MS-T14004812S-MULTI-S	MS-T14004812S	mands-MS-T14004812S
MS-T14004812S-MULTI-L	MS-T14004812S	mands-MS-T14004812S
MS-T07001231A-MOR-L	MS-T07001231A	mands-MS-T07001231A
MS-T07001602A-BEYAZ-3XL	MS-T07001602A	mands-MS-T07001602A
MS-T07001602A-BEYAZ-XXL	MS-T07001602A	mands-MS-T07001602A
MS-T07001231A-MOR-S	MS-T07001231A	mands-MS-T07001231A
MS-T07001231A-MAVI-XXL	MS-T07001231A	mands-MS-T07001231A
MS-T07001602A-BEYAZ-L	MS-T07001602A	mands-MS-T07001602A
MS-T07001231A-MAVI-XL	MS-T07001231A	mands-MS-T07001231A
MS-T07001602A-BEYAZ-XS	MS-T07001602A	mands-MS-T07001602A
MS-T07001602A-BEYAZ-M	MS-T07001602A	mands-MS-T07001602A
MS-T07001231A-YESIL-S	MS-T07001231A	mands-MS-T07001231A
MS-T07001231A-MOR-XL	MS-T07001231A	mands-MS-T07001231A
MS-T07001231A-KAHVE-S	MS-T07001231A	mands-MS-T07001231A
MS-T07001231A-KAHVE-XXL	MS-T07001231A	mands-MS-T07001231A
MS-T07001231A-MOR-M	MS-T07001231A	mands-MS-T07001231A
MS-T07001602A-BEYAZ-S	MS-T07001602A	mands-MS-T07001602A
MS-T07001602A-BEYAZ-XL	MS-T07001602A	mands-MS-T07001602A
MS-T07001231A-YESIL-XXL	MS-T07001231A	mands-MS-T07001231A
MS-T07001231A-MAVI-L	MS-T07001231A	mands-MS-T07001231A
MS-T07001231A-KAHVE-L	MS-T07001231A	mands-MS-T07001231A
MS-T07001231A-YESIL-L	MS-T07001231A	mands-MS-T07001231A
MS-T07001231A-MAVI-M	MS-T07001231A	mands-MS-T07001231A
MS-T07001231A-KAHVE-M	MS-T07001231A	mands-MS-T07001231A
MS-T07001231A-MAVI-S	MS-T07001231A	mands-MS-T07001231A
MS-T07001231A-YESIL-XL	MS-T07001231A	mands-MS-T07001231A
MS-T07001231A-YESIL-M	MS-T07001231A	mands-MS-T07001231A
MS-T07001231A-MOR-XXL	MS-T07001231A	mands-MS-T07001231A
MS-T07001231A-KAHVE-XL	MS-T07001231A	mands-MS-T07001231A
MS-T37003437S-MAVI-XL	MS-T37003437S	mands-MS-T37003437S
MS-T37003437S-MAVI-M	MS-T37003437S	mands-MS-T37003437S
MS-T37003437S-MAVI-XS	MS-T37003437S	mands-MS-T37003437S
MS-T37003437S-MAVI-L	MS-T37003437S	mands-MS-T37003437S
MS-T37003437S-MAVI-S	MS-T37003437S	mands-MS-T37003437S
MS-T61005100X-TURUNCU-1-42	MS-T61005100X	mands-MS-T61005100X
MS-T61005100X-TURUNCU-1-34	MS-T61005100X	mands-MS-T61005100X
MS-T61005184B-HAKI-34	MS-T61005184B	mands-MS-T61005184B
MS-T61005184B-HAKI-52	MS-T61005184B	mands-MS-T61005184B
MS-T61005184B-HAKI-38	MS-T61005184B	mands-MS-T61005184B
MS-T61005100X-TURUNCU-1-46	MS-T61005100X	mands-MS-T61005100X
MS-T61005184B-HAKI-40	MS-T61005184B	mands-MS-T61005184B
MS-T61005184B-HAKI-44	MS-T61005184B	mands-MS-T61005184B
MS-T61005100X-TURUNCU-1-38	MS-T61005100X	mands-MS-T61005100X
MS-T61005100X-TURUNCU-1-50	MS-T61005100X	mands-MS-T61005100X
MS-T61005100X-TURUNCU-1-44	MS-T61005100X	mands-MS-T61005100X
MS-T61005100X-TURUNCU-1-40	MS-T61005100X	mands-MS-T61005100X
MS-T61005100X-TURUNCU-1-36	MS-T61005100X	mands-MS-T61005100X
MS-T61005100X-TURUNCU-1-48	MS-T61005100X	mands-MS-T61005100X
MS-T61005100X-TURUNCU-1-52	MS-T61005100X	mands-MS-T61005100X
MS-T61005184B-HAKI-48	MS-T61005184B	mands-MS-T61005184B
SML-MS-T61006232B-MAVI-S	SML-MS-T61006232B	mands-SML-T61006232B
MS-T61005184B-HAKI-46	MS-T61005184B	mands-MS-T61005184B
MS-T61005184B-HAKI-50	MS-T61005184B	mands-MS-T61005184B
MS-T14004843F-MAVIMIX-M	MS-T14004843F	mands-MS-T14004843F
MS-T14004843F-MAVIMIX-XL	MS-T14004843F	mands-MS-T14004843F
MS-T14004843F-MAVIMIX-XXL	MS-T14004843F	mands-MS-T14004843F
MS-T14004843F-MAVIMIX-S	MS-T14004843F	mands-MS-T14004843F
MS-T14004843F-MAVIMIX-L	MS-T14004843F	mands-MS-T14004843F
MS-T07000093-GRI-XL	MS-T07000093	mands-MS-T07000093
MS-T07000093-GRI-XXL	MS-T07000093	mands-MS-T07000093
MS-T07000090-GRI-XXL	MS-T07000090	mands-MS-T07000090
MS-T07005112-RENKSIZ-L	MS-T07005112	mands-MS-T07005112
MS-T07005112-RENKSIZ-S	MS-T07005112	mands-MS-T07005112
MS-T07000090-GRI-M	MS-T07000090	mands-MS-T07000090
MS-T07000090-GRI-XL	MS-T07000090	mands-MS-T07000090
MS-T07007625-GRI-L	MS-T07007625	mands-MS-T07007625
MS-T07005112-RENKSIZ-XXL	MS-T07005112	mands-MS-T07005112
MS-T07007625-GRI-M	MS-T07007625	mands-MS-T07007625
MS-T07007625-GRI-XXL	MS-T07007625	mands-MS-T07007625
MS-T07000093-GRI-S	MS-T07000093	mands-MS-T07000093
MS-T07000093-GRI-M	MS-T07000093	mands-MS-T07000093
MS-T07000090-GRI-L	MS-T07000090	mands-MS-T07000090
MS-T07000090-GRI-S	MS-T07000090	mands-MS-T07000090
MS-T07007625-GRI-S	MS-T07007625	mands-MS-T07007625
MS-T07005112-RENKSIZ-M	MS-T07005112	mands-MS-T07005112
MS-T07007625-GRI-XL	MS-T07007625	mands-MS-T07007625
MS-T07005112-RENKSIZ-XL	MS-T07005112	mands-MS-T07005112
MS-T07000093-GRI-L	MS-T07000093	mands-MS-T07000093
MS-T14006134A-SIYAH-XXL	MS-T14006134A	mands-MS-T14006134A
MS-T14003516-BEYAZ-XL	MS-T14003516	mands-MS-T14003516
MS-T14006901V-BEYAZ-M	MS-T14006901V	mands-MS-T14006901V
MS-T14006901V-BEYAZ-L	MS-T14006901V	mands-MS-T14006901V
MS-T14006134A-SIYAH-S	MS-T14006134A	mands-MS-T14006134A
MS-T14006901V-BEYAZ-XL	MS-T14006901V	mands-MS-T14006901V
MS-T14006901V-SIYAH-M	MS-T14006901V	mands-MS-T14006901V
MS-T14006901V-SIYAH-XXL	MS-T14006901V	mands-MS-T14006901V
MS-T14003516-BEYAZ-M	MS-T14003516	mands-MS-T14003516
MS-T14005390A-GRI-M	MS-T14005390A	mands-MS-T14005390A
MS-T14003516-BEYAZ-3XL	MS-T14003516	mands-MS-T14003516
MS-T14006134A-SIYAH-L	MS-T14006134A	mands-MS-T14006134A
MS-T14003516-BEYAZ-XXL	MS-T14003516	mands-MS-T14003516
MS-T14006901V-SIYAH-S	MS-T14006901V	mands-MS-T14006901V
MS-T14006901V-BEYAZ-XXL	MS-T14006901V	mands-MS-T14006901V
MS-T14005390A-GRI-L	MS-T14005390A	mands-MS-T14005390A
MS-T14005390A-GRI-XL	MS-T14005390A	mands-MS-T14005390A
MS-T14003516-BEYAZ-L	MS-T14003516	mands-MS-T14003516
MS-T14006901V-BEYAZ-S	MS-T14006901V	mands-MS-T14006901V
MS-T14005390A-GRI-XXL	MS-T14005390A	mands-MS-T14005390A
MS-T14006901V-SIYAH-L	MS-T14006901V	mands-MS-T14006901V
MS-T14005390A-GRI-S	MS-T14005390A	mands-MS-T14005390A
MS-T14006134A-SIYAH-M	MS-T14006134A	mands-MS-T14006134A
MS-T14006901V-SIYAH-XL	MS-T14006901V	mands-MS-T14006901V
MS-T14003516-BEYAZ-S	MS-T14003516	mands-MS-T14003516
MS-T14006134A-SIYAH-XL	MS-T14006134A	mands-MS-T14006134A
MS-T37004619F-KREM-S	MS-T37004619F	mands-MS-T37004619F
MS-T37004619F-YESIL-XS	MS-T37004619F	mands-MS-T37004619F
MS-T37004619F-YESIL-M	MS-T37004619F	mands-MS-T37004619F
MS-T37001804P-LACIVERT-L	MS-T37001804P	mands-MS-T37001804P
MS-T37001804P-LACIVERT-M	MS-T37001804P	mands-MS-T37001804P
MS-T37004619F-KREM-M	MS-T37004619F	mands-MS-T37004619F
MS-T37001804P-LACIVERT-XL	MS-T37001804P	mands-MS-T37001804P
MS-T37004620F-SIYAH-L	MS-T37004620F	mands-MS-T37004620F
MS-T37004619F-KREM-L	MS-T37004619F	mands-MS-T37004619F
MS-T37004619F-KREM-XS	MS-T37004619F	mands-MS-T37004619F
MS-T37001804P-LACIVERT-XS	MS-T37001804P	mands-MS-T37001804P
MS-T37004619F-YESIL-L	MS-T37004619F	mands-MS-T37004619F
MS-T37004620F-SIYAH-S	MS-T37004620F	mands-MS-T37004620F
MS-T37004620F-SIYAH-M	MS-T37004620F	mands-MS-T37004620F
MS-T37001804P-LACIVERT-S	MS-T37001804P	mands-MS-T37001804P
MS-T37004619F-KREM-XL	MS-T37004619F	mands-MS-T37004619F
MS-T37004620F-SIYAH-XL	MS-T37004620F	mands-MS-T37004620F
MS-T37004619F-YESIL-S	MS-T37004619F	mands-MS-T37004619F
MS-T37004620F-SIYAH-XS	MS-T37004620F	mands-MS-T37004620F
MS-T37004619F-YESIL-XL	MS-T37004619F	mands-MS-T37004619F
SML-MS-T61006231L-XS	SML-MS-T61006231L	mands-SML-T61006231L
SML-MS-T61004293L-L	SML-MS-T61004293L	mands-SML-T61004293L
MS-T61005016L-PEMBE-36	MS-T61005016L	mands-MS-T61005016L
MS-T61005016L-PEMBE-38	MS-T61005016L	mands-MS-T61005016L
SML-MS-T61006231J-LACIVERT-XS	SML-MS-T61006231J	mands-SML-T61006231J
SML-MS-T61006900H-L	SML-MS-T61006900H	mands-SML-T61006900H
SML-MS-T61006231B-S	SML-MS-T61006231B	mands-SML-T61006231B
SML-MS-T61004293L-XL	SML-MS-T61004293L	mands-SML-T61004293L
SML-MS-T61004306L-M	SML-MS-T61004306L	mands-SML-T61004306L
SML-MS-T61006231B-M	SML-MS-T61006231B	mands-SML-T61006231B
SML-MS-T61006231L-M	SML-MS-T61006231L	mands-SML-T61006231L
SML-MS-T61004306L-S	SML-MS-T61004306L	mands-SML-T61004306L
SML-MS-T61006231J-KIRMIZI-L	SML-MS-T61006231J	mands-SML-T61006231J
MS-T61004902E-BEYAZ-34	MS-T61004902E	mands-MS-T61004902E
SML-MS-T61004293L-S	SML-MS-T61004293L	mands-SML-T61004293L
SML-MS-T61006231J-LACIVERT-L	SML-MS-T61006231J	mands-SML-T61006231J
SML-MS-T61006231B-L	SML-MS-T61006231B	mands-SML-T61006231B
MS-T61005016L-PEMBE-40	MS-T61005016L	mands-MS-T61005016L
MS-T61005016L-PEMBE-42	MS-T61005016L	mands-MS-T61005016L
SML-MS-T61006231L-XL	SML-MS-T61006231L	mands-SML-T61006231L
MS-T61005016L-PEMBE-46	MS-T61005016L	mands-MS-T61005016L
SML-MS-T61006231B-MAVI-S	SML-MS-T61006231B	mands-SML-T61006231B
SML-MS-T61006900H-S	SML-MS-T61006900H	mands-SML-T61006900H
MS-T61004902E-BEYAZ-44	MS-T61004902E	mands-MS-T61004902E
SML-MS-T61006231B-XL	SML-MS-T61006231B	mands-SML-T61006231B
SML-MS-T61006231J-LACIVERT-M	SML-MS-T61006231J	mands-SML-T61006231J
MS-T61004902E-BEYAZ-38	MS-T61004902E	mands-MS-T61004902E
MS-T61004902E-BEYAZ-52	MS-T61004902E	mands-MS-T61004902E
SML-MS-T61006231J-KIRMIZI-XS	SML-MS-T61006231J	mands-SML-T61006231J
SML-MS-T61006231J-LACIVERT-XL	SML-MS-T61006231J	mands-SML-T61006231J
SML-MS-T61006231J-KIRMIZI-M	SML-MS-T61006231J	mands-SML-T61006231J
SML-MS-T61006231B-MAVI-XS	SML-MS-T61006231B	mands-SML-T61006231B
MS-T61005016L-PEMBE-52	MS-T61005016L	mands-MS-T61005016L
SML-MS-T61006231L-L	SML-MS-T61006231L	mands-SML-T61006231L
MS-T61004902E-BEYAZ-50	MS-T61004902E	mands-MS-T61004902E
MS-T61005016L-PEMBE-48	MS-T61005016L	mands-MS-T61005016L
SML-MS-T61004306L-XS	SML-MS-T61004306L	mands-SML-T61004306L
SML-MS-T61006231B-MAVI-XL	SML-MS-T61006231B	mands-SML-T61006231B
MS-T61005186S-LACIVERT-46	MS-T61005186S	mands-MS-T61005186S
SML-MS-T61006900H-XS	SML-MS-T61006900H	mands-SML-T61006900H
SML-MS-T61004293L-XS	SML-MS-T61004293L	mands-SML-T61004293L
SML-MS-T61006231J-KIRMIZI-S	SML-MS-T61006231J	mands-SML-T61006231J
SML-MS-T61006900H-XL	SML-MS-T61006900H	mands-SML-T61006900H
MS-T61004902E-BEYAZ-46	MS-T61004902E	mands-MS-T61004902E
SML-MS-T61006232J-MAVI-S	SML-MS-T61006232J	mands-SML-T61006232J
MS-T61005016L-PEMBE-34	MS-T61005016L	mands-MS-T61005016L
MS-T61005016L-PEMBE-50	MS-T61005016L	mands-MS-T61005016L
SML-MS-T61006232J-MAVI-L	SML-MS-T61006232J	mands-SML-T61006232J
SML-MS-T61004306L-XL	SML-MS-T61004306L	mands-SML-T61004306L
SML-MS-T61006231B-XS	SML-MS-T61006231B	mands-SML-T61006231B
SML-MS-T61004293L-M	SML-MS-T61004293L	mands-SML-T61004293L
MS-T61004902E-BEYAZ-48	MS-T61004902E	mands-MS-T61004902E
MS-T61004902E-BEYAZ-42	MS-T61004902E	mands-MS-T61004902E
SML-MS-T61006231J-LACIVERT-S	SML-MS-T61006231J	mands-SML-T61006231J
SML-MS-T61006232J-MAVI-M	SML-MS-T61006232J	mands-SML-T61006232J
SML-MS-T61006900H-M	SML-MS-T61006900H	mands-SML-T61006900H
SML-MS-T61006231J-KIRMIZI-XL	SML-MS-T61006231J	mands-SML-T61006231J
SML-MS-T61006231B-MAVI-M	SML-MS-T61006231B	mands-SML-T61006231B
MS-T61005016L-PEMBE-44	MS-T61005016L	mands-MS-T61005016L
SML-MS-T61006231L-S	SML-MS-T61006231L	mands-SML-T61006231L
SML-MS-T61006232J-MAVI-XS	SML-MS-T61006232J	mands-SML-T61006232J
MS-T61004902E-BEYAZ-40	MS-T61004902E	mands-MS-T61004902E
SML-MS-T61004306L-L	SML-MS-T61004306L	mands-SML-T61004306L
MS-T61004902E-BEYAZ-36	MS-T61004902E	mands-MS-T61004902E
SML-MS-T61006232J-MAVI-XL	SML-MS-T61006232J	mands-SML-T61006232J
SML-MS-T61006231B-MAVI-L	SML-MS-T61006231B	mands-SML-T61006231B
MS-T61004958L-BEJ-48	MS-T61004958L	mands-MS-T61004958L
MS-T61004958L-SIYAH-44	MS-T61004958L	mands-MS-T61004958L
MS-T61004910B-BEJ-38	MS-T61004910B	mands-MS-T61004910B
MS-T61004910B-BEJ-40	MS-T61004910B	mands-MS-T61004910B
MS-T61004958L-SIYAH-34	MS-T61004958L	mands-MS-T61004958L
MS-T61008802L-SIYAH-46	MS-T61008802L	mands-MS-T61008802L
MS-T61008802L-SIYAH-40	MS-T61008802L	mands-MS-T61008802L
SML-MS-T61008802L-BEJ-40	SML-MS-T61008802L	mands-SML-T61008802L
MS-T61004958L-SIYAH-36	MS-T61004958L	mands-MS-T61004958L
MS-T61004958L-SIYAH-38	MS-T61004958L	mands-MS-T61004958L
MS-T61004958L-BEJ-42	MS-T61004958L	mands-MS-T61004958L
MS-T61004910B-BEJ-42	MS-T61004910B	mands-MS-T61004910B
MS-T61004910B-BEJ-50	MS-T61004910B	mands-MS-T61004910B
MS-T61008802L-SIYAH-52	MS-T61008802L	mands-MS-T61008802L
MS-T61004910B-BEJ-46	MS-T61004910B	mands-MS-T61004910B
MS-T61004958F-SIYAH-48	MS-T61004958F	mands-MS-T61004958F
MS-T61004958L-SIYAH-48	MS-T61004958L	mands-MS-T61004958L
MS-T61008802L-SIYAH-42	MS-T61008802L	mands-MS-T61008802L
MS-T61004958L-BEJ-46	MS-T61004958L	mands-MS-T61004958L
MS-T61004958F-SIYAH-50	MS-T61004958F	mands-MS-T61004958F
MS-T61004958F-SIYAH-36	MS-T61004958F	mands-MS-T61004958F
MS-T61004958F-SIYAH-34	MS-T61004958F	mands-MS-T61004958F
MS-T61004958L-SIYAH-46	MS-T61004958L	mands-MS-T61004958L
MS-T61008802L-SIYAH-44	MS-T61008802L	mands-MS-T61008802L
MS-T61004958L-BEJ-50	MS-T61004958L	mands-MS-T61004958L
MS-T61004910B-BEJ-36	MS-T61004910B	mands-MS-T61004910B
MS-T61004910B-BEJ-52	MS-T61004910B	mands-MS-T61004910B
MS-T61008802L-SIYAH-50	MS-T61008802L	mands-MS-T61008802L
MS-T61004958L-BEJ-38	MS-T61004958L	mands-MS-T61004958L
MS-T61004958L-SIYAH-40	MS-T61004958L	mands-MS-T61004958L
MS-T61004958L-BEJ-34	MS-T61004958L	mands-MS-T61004958L
MS-T61004958F-SIYAH-44	MS-T61004958F	mands-MS-T61004958F
MS-T61004958F-SIYAH-40	MS-T61004958F	mands-MS-T61004958F
MS-T61008802L-SIYAH-34	MS-T61008802L	mands-MS-T61008802L
MS-T61005015B-BEJ-42	MS-T61005015B	mands-MS-T61005015B
MS-T61004958L-BEJ-44	MS-T61004958L	mands-MS-T61004958L
MS-T61004958F-SIYAH-52	MS-T61004958F	mands-MS-T61004958F
MS-T61005015B-BEJ-38	MS-T61005015B	mands-MS-T61005015B
MS-T61008802L-SIYAH-38	MS-T61008802L	mands-MS-T61008802L
MS-T61004910B-BEJ-34	MS-T61004910B	mands-MS-T61004910B
MS-T61005015B-BEJ-40	MS-T61005015B	mands-MS-T61005015B
MS-T61004958L-BEJ-52	MS-T61004958L	mands-MS-T61004958L
MS-T61008802L-SIYAH-36	MS-T61008802L	mands-MS-T61008802L
MS-T61004910B-BEJ-48	MS-T61004910B	mands-MS-T61004910B
MS-T61004958F-SIYAH-38	MS-T61004958F	mands-MS-T61004958F
MS-T61004958L-BEJ-36	MS-T61004958L	mands-MS-T61004958L
MS-T61004958L-SIYAH-50	MS-T61004958L	mands-MS-T61004958L
MS-T61004958L-BEJ-40	MS-T61004958L	mands-MS-T61004958L
MS-T61004910B-BEJ-44	MS-T61004910B	mands-MS-T61004910B
MS-T61004958F-SIYAH-42	MS-T61004958F	mands-MS-T61004958F
MS-T61004958F-SIYAH-46	MS-T61004958F	mands-MS-T61004958F
MS-T61005015B-BEJ-34	MS-T61005015B	mands-MS-T61005015B
MS-T61008802L-SIYAH-48	MS-T61008802L	mands-MS-T61008802L
MS-T61005015B-BEJ-36	MS-T61005015B	mands-MS-T61005015B
MS-T61004958L-SIYAH-42	MS-T61004958L	mands-MS-T61004958L
MS-T61004902E-PEMBE-36	MS-T61004902E	mands-MS-T61004902E
MS-T61004902E-PEMBE-40	MS-T61004902E	mands-MS-T61004902E
MS-T61005390E-SIYAH-40	MS-T61005390E	mands-MS-T61005390E
MS-T61004902E-PEMBE-50	MS-T61004902E	mands-MS-T61004902E
MS-T61005390E-SIYAH-34	MS-T61005390E	mands-MS-T61005390E
MS-T61004910B-BEYAZ-52	MS-T61004910B	mands-MS-T61004910B
MS-T61005390E-SIYAH-42	MS-T61005390E	mands-MS-T61005390E
MS-T61005390E-BEJ-34	MS-T61005390E	mands-MS-T61005390E
MS-T61004113E-SIYAH-50	MS-T61004113E	mands-MS-T61004113E
MS-T61004902E-PEMBE-44	MS-T61004902E	mands-MS-T61004902E
MS-T61005390E-SIYAH-48	MS-T61005390E	mands-MS-T61005390E
MS-T61004113E-SIYAH-34	MS-T61004113E	mands-MS-T61004113E
MS-T61005390E-BEJ-42	MS-T61005390E	mands-MS-T61005390E
MS-T61004113E-SIYAH-40	MS-T61004113E	mands-MS-T61004113E
MS-T61004910B-BEYAZ-34	MS-T61004910B	mands-MS-T61004910B
MS-T61004902E-PEMBE-34	MS-T61004902E	mands-MS-T61004902E
MS-T61005390E-SIYAH-38	MS-T61005390E	mands-MS-T61005390E
MS-T61004113E-SIYAH-44	MS-T61004113E	mands-MS-T61004113E
MS-T61005390E-SIYAH-46	MS-T61005390E	mands-MS-T61005390E
MS-T61005390E-BEJ-44	MS-T61005390E	mands-MS-T61005390E
MS-T61005390E-BEJ-36	MS-T61005390E	mands-MS-T61005390E
MS-T61005390E-BEJ-40	MS-T61005390E	mands-MS-T61005390E
MS-T61004902E-PEMBE-38	MS-T61004902E	mands-MS-T61004902E
MS-T61004113E-SIYAH-52	MS-T61004113E	mands-MS-T61004113E
MS-T61004910B-BEYAZ-50	MS-T61004910B	mands-MS-T61004910B
MS-T61004910B-BEYAZ-46	MS-T61004910B	mands-MS-T61004910B
MS-T61004113E-SIYAH-46	MS-T61004113E	mands-MS-T61004113E
MS-T61008800N-BEJ-38	MS-T61008800N	mands-MS-T61008800N
MS-T61008800N-BEJ-46	MS-T61008800N	mands-MS-T61008800N
MS-T61008800N-BEJ-40	MS-T61008800N	mands-MS-T61008800N
MS-T61004902E-PEMBE-42	MS-T61004902E	mands-MS-T61004902E
MS-T61004113E-SIYAH-48	MS-T61004113E	mands-MS-T61004113E
MS-T61005390E-BEJ-46	MS-T61005390E	mands-MS-T61005390E
MS-T61008800N-BEJ-42	MS-T61008800N	mands-MS-T61008800N
MS-T61008800N-BEJ-36	MS-T61008800N	mands-MS-T61008800N
MS-T61005390E-SIYAH-50	MS-T61005390E	mands-MS-T61005390E
MS-T61005390E-SIYAH-44	MS-T61005390E	mands-MS-T61005390E
MS-T61005390E-BEJ-38	MS-T61005390E	mands-MS-T61005390E
MS-T61005390E-SIYAH-36	MS-T61005390E	mands-MS-T61005390E
MS-T61004902E-PEMBE-46	MS-T61004902E	mands-MS-T61004902E
MS-T61005390E-BEJ-50	MS-T61005390E	mands-MS-T61005390E
MS-T61004910B-BEYAZ-40	MS-T61004910B	mands-MS-T61004910B
MS-T61005390E-BEJ-52	MS-T61005390E	mands-MS-T61005390E
MS-T61004902E-PEMBE-52	MS-T61004902E	mands-MS-T61004902E
MS-T61008800N-BEJ-44	MS-T61008800N	mands-MS-T61008800N
MS-T61008800N-BEJ-34	MS-T61008800N	mands-MS-T61008800N
MS-T61004910B-BEYAZ-44	MS-T61004910B	mands-MS-T61004910B
MS-T61004113E-SIYAH-38	MS-T61004113E	mands-MS-T61004113E
MS-T61004113E-SIYAH-42	MS-T61004113E	mands-MS-T61004113E
MS-T61004910B-BEYAZ-36	MS-T61004910B	mands-MS-T61004910B
MS-T61005390E-BEJ-48	MS-T61005390E	mands-MS-T61005390E
MS-T61005390E-SIYAH-52	MS-T61005390E	mands-MS-T61005390E
MS-T61004113E-SIYAH-36	MS-T61004113E	mands-MS-T61004113E
MS-T61004910B-BEYAZ-48	MS-T61004910B	mands-MS-T61004910B
MS-T61004910B-BEYAZ-38	MS-T61004910B	mands-MS-T61004910B
MS-T61004910B-BEYAZ-42	MS-T61004910B	mands-MS-T61004910B
MS-T59004562J-SARI-42	MS-T59004562J	mands-MS-T59004562J
MS-T59004562J-SARI-50	MS-T59004562J	mands-MS-T59004562J
MS-T59002399J-SIYAH-36	MS-T59002399J	mands-MS-T59002399J
MS-T59002399J-SIYAH-42	MS-T59002399J	mands-MS-T59002399J
MS-T59004562J-SARI-40	MS-T59004562J	mands-MS-T59004562J
MS-T59004562J-SARI-48	MS-T59004562J	mands-MS-T59004562J
MS-T59002399J-SIYAH-38	MS-T59002399J	mands-MS-T59002399J
MS-T59004562J-SARI-46	MS-T59004562J	mands-MS-T59004562J
MS-T59002399J-SIYAH-34	MS-T59002399J	mands-MS-T59002399J
MS-T59002399J-SIYAH-40	MS-T59002399J	mands-MS-T59002399J
MS-T59004562J-SARI-36	MS-T59004562J	mands-MS-T59004562J
MS-T59002399J-SIYAH-52	MS-T59002399J	mands-MS-T59002399J
MS-T59002399J-SIYAH-50	MS-T59002399J	mands-MS-T59002399J
MS-T59002399J-SIYAH-44	MS-T59002399J	mands-MS-T59002399J
MS-T59004562J-SARI-38	MS-T59004562J	mands-MS-T59004562J
MS-T59002399J-SIYAH-48	MS-T59002399J	mands-MS-T59002399J
MS-T59002399J-SIYAH-46	MS-T59002399J	mands-MS-T59002399J
MS-T59004562J-SARI-44	MS-T59004562J	mands-MS-T59004562J
MS-T59004562J-SARI-34	MS-T59004562J	mands-MS-T59004562J
MS-T59002289W-KIRMIZI-46	MS-T59002289W	mands-MS-T59002289W
MS-T59002289W-KIRMIZI-44	MS-T59002289W	mands-MS-T59002289W
MS-T59006839W-KIRMIZI-50	MS-T59006839W	mands-MS-T59006839W
MS-T59002289W-KIRMIZI-40	MS-T59002289W	mands-MS-T59002289W
MS-T59002289W-KIRMIZI-48	MS-T59002289W	mands-MS-T59002289W
MS-T59006839W-KIRMIZI-38	MS-T59006839W	mands-MS-T59006839W
MS-T59002289W-KIRMIZI-42	MS-T59002289W	mands-MS-T59002289W
MS-T59006839W-KIRMIZI-34	MS-T59006839W	mands-MS-T59006839W
MS-T59006839W-KIRMIZI-40	MS-T59006839W	mands-MS-T59006839W
MS-T59006839W-KIRMIZI-48	MS-T59006839W	mands-MS-T59006839W
MS-T59006839W-KIRMIZI-42	MS-T59006839W	mands-MS-T59006839W
MS-T59006839W-KIRMIZI-36	MS-T59006839W	mands-MS-T59006839W
MS-T59002289W-KIRMIZI-50	MS-T59002289W	mands-MS-T59002289W
MS-T59006839W-KIRMIZI-46	MS-T59006839W	mands-MS-T59006839W
MS-T59006839W-KIRMIZI-44	MS-T59006839W	mands-MS-T59006839W
MS-T59002289W-KIRMIZI-38	MS-T59002289W	mands-MS-T59002289W
MS-T50005470T-MAVI-XL	MS-T50005470T-	mands-MS-T50005470T
MS-T06000112-KAHVE-S	MS-T06000112-	mands-MS-T06000112
MS-T50005365T-MAVI-44	MS-T50005365T	mands-MS-T50005365T
MS-T50005470T-MAVI-XS	MS-T50005470T-	mands-MS-T50005470T
MS-T38000332-KIRMIZI-XS	MS-T38000332	mands-MS-T38000332
MS-T50005470T-MAVI-M	MS-T50005470T-	mands-MS-T50005470T
MS-T38000332-KIRMIZI-L	MS-T38000332	mands-MS-T38000332
MS-T06000112-KAHVE-M	MS-T06000112-	mands-MS-T06000112
MS-T50005365T-MAVI-40	MS-T50005365T	mands-MS-T50005365T
MS-T06000112-KAHVE-XL	MS-T06000112-	mands-MS-T06000112
MS-T50005365T-MAVI-38	MS-T50005365T	mands-MS-T50005365T
MS-T50005365T-MAVI-48	MS-T50005365T	mands-MS-T50005365T
MS-T38000332-KIRMIZI-XL	MS-T38000332	mands-MS-T38000332
MS-T38000332-KIRMIZI-M	MS-T38000332	mands-MS-T38000332
MS-T50005365T-MAVI-36	MS-T50005365T	mands-MS-T50005365T
MS-T50005365T-MAVI-50	MS-T50005365T	mands-MS-T50005365T
MS-T50005470T-MAVI-S	MS-T50005470T-	mands-MS-T50005470T
MS-T06000112-KAHVE-L	MS-T06000112-	mands-MS-T06000112
MS-T06000112-KAHVE-XS	MS-T06000112-	mands-MS-T06000112
MS-T50005365T-MAVI-46	MS-T50005365T	mands-MS-T50005365T
MS-T50005365T-MAVI-34	MS-T50005365T	mands-MS-T50005365T
MS-T50005365T-MAVI-42	MS-T50005365T	mands-MS-T50005365T
MS-T50005470T-MAVI-L	MS-T50005470T-	mands-MS-T50005470T
MS-T38000332-KIRMIZI-S	MS-T38000332	mands-MS-T38000332
MS-T38005113-SIYAH-46	MS-T38005113	mands-MS-T38005113
MS-T38005113-KREM-40	MS-T38005113	mands-MS-T38005113
MS-T38005113-LACIVERT-46	MS-T38005113	mands-MS-T38005113
MS-T38005113-SIYAH-44	MS-T38005113	mands-MS-T38005113
MS-T38005113-LACIVERT-44	MS-T38005113	mands-MS-T38005113
MS-T38005113-LACIVERT-48	MS-T38005113	mands-MS-T38005113
MS-T38005113-LACIVERT-50	MS-T38005113	mands-MS-T38005113
MS-T38005113-KREM-50	MS-T38005113	mands-MS-T38005113
MS-T38005113-SIYAH-40	MS-T38005113	mands-MS-T38005113
MS-T38005113-KREM-34	MS-T38005113	mands-MS-T38005113
MS-T38005113-SIYAH-34	MS-T38005113	mands-MS-T38005113
MS-T38005113-SIYAH-48	MS-T38005113	mands-MS-T38005113
MS-T38005113-LACIVERT-34	MS-T38005113	mands-MS-T38005113
MS-T38005113-SIYAH-36	MS-T38005113	mands-MS-T38005113
MS-T38005113-SIYAH-42	MS-T38005113	mands-MS-T38005113
MS-T38005113-SIYAH-38	MS-T38005113	mands-MS-T38005113
MS-T38005113-KREM-52	MS-T38005113	mands-MS-T38005113
MS-T38005113-KREM-46	MS-T38005113	mands-MS-T38005113
MS-T38005113-KREM-38	MS-T38005113	mands-MS-T38005113
MS-T38005113-KREM-36	MS-T38005113	mands-MS-T38005113
MS-T38005113-LACIVERT-38	MS-T38005113	mands-MS-T38005113
MS-T38005113-KREM-44	MS-T38005113	mands-MS-T38005113
MS-T38005113-LACIVERT-42	MS-T38005113	mands-MS-T38005113
MS-T38005113-KREM-48	MS-T38005113	mands-MS-T38005113
MS-T38005113-LACIVERT-36	MS-T38005113	mands-MS-T38005113
MS-T50004094T-BEJ-50	MS-T50004094T	mands-MS-T50004094T
MS-T50004094T-BEJ-36	MS-T50004094T	mands-MS-T50004094T
MS-T50004094T-BEJ-40	MS-T50004094T	mands-MS-T50004094T
MS-T50004094T-BEJ-38	MS-T50004094T	mands-MS-T50004094T
MS-T50004094T-BEJ-42	MS-T50004094T	mands-MS-T50004094T
MS-T50004094T-BEJ-48	MS-T50004094T	mands-MS-T50004094T
MS-T50004094T-BEJ-44	MS-T50004094T	mands-MS-T50004094T
MS-T50004094T-BEJ-46	MS-T50004094T	mands-MS-T50004094T
MS-T06000053-SIYAH-44	MS-T06000053	mands-MS-T06000053
MS-T06000053-SIYAH-48	MS-T06000053	mands-MS-T06000053
MS-T06000070-KREM-40	MS-T06000070	mands-MS-T06000070
MS-T97006619I-GRI-44	MS-T97006619I	mands-MS-T97006619I
MS-T06000070-KREM-44	MS-T06000070	mands-MS-T06000070
MS-T06000053-SIYAH-40	MS-T06000053	mands-MS-T06000053
MS-T06000070-KREM-42	MS-T06000070	mands-MS-T06000070
MS-T97006619I-GRI-46	MS-T97006619I	mands-MS-T97006619I
MS-T06000070-KREM-36	MS-T06000070	mands-MS-T06000070
MS-T97006619I-GRI-48	MS-T97006619I	mands-MS-T97006619I
MS-T06000053-SIYAH-46	MS-T06000053	mands-MS-T06000053
MS-T06000053-SIYAH-50	MS-T06000053	mands-MS-T06000053
MS-T06000070-KREM-38	MS-T06000070	mands-MS-T06000070
MS-T06000070-KREM-46	MS-T06000070	mands-MS-T06000070
MS-T97006619I-GRI-38	MS-T97006619I	mands-MS-T97006619I
MS-T97006619I-GRI-40	MS-T97006619I	mands-MS-T97006619I
MS-T06000053-SIYAH-42	MS-T06000053	mands-MS-T06000053
MS-T97006619I-GRI-42	MS-T97006619I	mands-MS-T97006619I
MS-T97006619I-GRI-36	MS-T97006619I	mands-MS-T97006619I
MS-T06000070-KREM-48	MS-T06000070	mands-MS-T06000070
MS-T16005079M-KAHVE-XXL	MS-T16005079M	mands-MS-T16005079M
MS-T16005079M-KAHVE-L	MS-T16005079M	mands-MS-T16005079M
MS-T16005079M-KAHVE-S	MS-T16005079M	mands-MS-T16005079M
MS-T16005412M-TAS-XL	MS-T16005412M	mands-MS-T16005412M
MS-T16005079M-KAHVE-XL	MS-T16005079M	mands-MS-T16005079M
MS-T16005412M-TAS-M	MS-T16005412M	mands-MS-T16005412M
MS-T16005079M-KAHVE-M	MS-T16005079M	mands-MS-T16005079M
MS-T16005412M-TAS-S	MS-T16005412M	mands-MS-T16005412M
MS-T16005412M-TAS-L	MS-T16005412M	mands-MS-T16005412M
MS-T16005412M-TAS-XXL	MS-T16005412M	mands-MS-T16005412M
MS-T16006814M-SIYAH-M	MS-T16006814M	mands-MS-T16006814M
MS-T16006814M-YESIL-S	MS-T16006814M	mands-MS-T16006814M
MS-T16006814M-LACIVERT-XXL	MS-T16006814M	mands-MS-T16006814M
MS-T16006814M-YESIL-L	MS-T16006814M	mands-MS-T16006814M
MS-T16006814M-YESIL-XL	MS-T16006814M	mands-MS-T16006814M
MS-T16006814M-SIYAH-XL	MS-T16006814M	mands-MS-T16006814M
MS-T16006814M-LACIVERT-L	MS-T16006814M	mands-MS-T16006814M
MS-T16006814M-LACIVERT-XL	MS-T16006814M	mands-MS-T16006814M
MS-T16006814M-SIYAH-S	MS-T16006814M	mands-MS-T16006814M
MS-T16006814M-SIYAH-L	MS-T16006814M	mands-MS-T16006814M
MS-T16006814M-LACIVERT-S	MS-T16006814M	mands-MS-T16006814M
MS-T16006814M-YESIL-M	MS-T16006814M	mands-MS-T16006814M
MS-T16006814M-SIYAH-XXL	MS-T16006814M	mands-MS-T16006814M
MS-T16006814M-YESIL-XXL	MS-T16006814M	mands-MS-T16006814M
MS-T16006814M-LACIVERT-M	MS-T16006814M	mands-MS-T16006814M
MS-T14002555F-MAVI-XXL	MS-T14002555F	mands-MS-T14002555F
MS-T14005375A-SIYAH-XL	MS-T14005375A	mands-MS-T14005375A
MS-T14005386A-SIYAH-XXL	MS-T14005386A	mands-MS-T14005386A
MS-T14004814S-MAVI-XXL	MS-T14004814S	mands-MS-T14004814S
MS-T14004814S-MAVI-XL	MS-T14004814S	mands-MS-T14004814S
MS-T14005386A-SIYAH-L	MS-T14005386A	mands-MS-T14005386A
MS-T14002555F-MAVI-M	MS-T14002555F	mands-MS-T14002555F
MS-T14004814S-MAVI-S	MS-T14004814S	mands-MS-T14004814S
MS-T14005375A-SIYAH-L	MS-T14005375A	mands-MS-T14005375A
MS-T14004814S-MAVI-L	MS-T14004814S	mands-MS-T14004814S
MS-T14003003A-MAVI-M	MS-T14003003A	mands-MS-T14003003A
MS-T14005375A-SIYAH-M	MS-T14005375A	mands-MS-T14005375A
MS-T14003003A-MAVI-XL	MS-T14003003A	mands-MS-T14003003A
MS-T14005375A-SIYAH-S	MS-T14005375A	mands-MS-T14005375A
MS-T14002555F-MAVI-L	MS-T14002555F	mands-MS-T14002555F
MS-T14003003A-MAVI-XXL	MS-T14003003A	mands-MS-T14003003A
MS-T14005386A-SIYAH-XL	MS-T14005386A	mands-MS-T14005386A
MS-T14002555F-MAVI-S	MS-T14002555F	mands-MS-T14002555F
MS-T14003003A-MAVI-L	MS-T14003003A	mands-MS-T14003003A
MS-T14004814S-MAVI-M	MS-T14004814S	mands-MS-T14004814S
MS-T14002555F-MAVI-XL	MS-T14002555F	mands-MS-T14002555F
MS-T14005375A-SIYAH-XXL	MS-T14005375A	mands-MS-T14005375A
MS-T14005386A-SIYAH-M	MS-T14005386A	mands-MS-T14005386A
MS-T14005386A-SIYAH-S	MS-T14005386A	mands-MS-T14005386A
MS-T14005333A-SIYAH-XXL	MS-T14005333A	mands-MS-T14005333A
MS-T14003900A-BEYAZ-L	MS-T14003900A	mands-MS-T14003900A
MS-T14005091A-SIYAH-XL	MS-T14005091A	mands-MS-T14005091A
MS-T14003004A-SIYAH-L	MS-T14003004A	mands-MS-T14003004A
MS-T14005335A-MAVI-L	MS-T14005335A	mands-MS-T14005335A
MS-T14005091A-SIYAH-XXL	MS-T14005091A	mands-MS-T14005091A
MS-T14006135A-SIYAH-L	MS-T14006135A	mands-MS-T14006135A
MS-T14003912-MAVI-XXL	MS-T14003912	mands-MS-T14003912
MS-T14005091A-SIYAH-L	MS-T14005091A	mands-MS-T14005091A
MS-T14005336A-BEJ-S	MS-T14005336A	mands-MS-T14005336A
MS-T14005338A-SIYAH-L	MS-T14005338A	mands-MS-T14005338A
MS-T14006137A-SIYAH-L	MS-T14006137A	mands-MS-T14006137A
MS-T14006808S-MAVI-L	MS-T14006808S	mands-MS-T14006808S
MS-T14005338A-SIYAH-XL	MS-T14005338A	mands-MS-T14005338A
MS-T14007022D-BEYAZ-XL	MS-T14007022D	mands-MS-T14007022D
MS-T14004821S-MULTI-M	MS-T14004821S	mands-MS-T14004821S
MS-T14003900A-BEYAZ-XXL	MS-T14003900A	mands-MS-T14003900A
MS-T14005336A-BEJ-M	MS-T14005336A	mands-MS-T14005336A
MS-T14005333A-SIYAH-XL	MS-T14005333A	mands-MS-T14005333A
MS-T14005335A-MAVI-XXL	MS-T14005335A	mands-MS-T14005335A
MS-T14004817S-SIYAH-S	MS-T14004817S	mands-MS-T14004817S
MS-T14007022D-BEYAZ-S	MS-T14007022D	mands-MS-T14007022D
MS-T14006137A-SIYAH-XXL	MS-T14006137A	mands-MS-T14006137A
MS-T14005335A-MAVI-S	MS-T14005335A	mands-MS-T14005335A
MS-T14004820S-LACIVERT-XXL	MS-T14004820S	mands-MS-T14004820S
MS-T14005336A-BEJ-XL	MS-T14005336A	mands-MS-T14005336A
MS-T14004817S-LACIVERT-XL	MS-T14004817S	mands-MS-T14004817S
MS-T14003900A-BEYAZ-M	MS-T14003900A	mands-MS-T14003900A
MS-T14006135A-SIYAH-M	MS-T14006135A	mands-MS-T14006135A
MS-T14006135A-SIYAH-S	MS-T14006135A	mands-MS-T14006135A
MS-T14004818S-MAVI-XL	MS-T14004818S	mands-MS-T14004818S
MS-T14004818S-MAVI-XXL	MS-T14004818S	mands-MS-T14004818S
MS-T14003912-MAVI-XL	MS-T14003912	mands-MS-T14003912
MS-T14004815S-MAVI-XL	MS-T14004815S	mands-MS-T14004815S
MS-T14003004A-SIYAH-XL	MS-T14003004A	mands-MS-T14003004A
MS-T14006808S-MAVI-XL	MS-T14006808S	mands-MS-T14006808S
MS-T14004815S-MAVI-L	MS-T14004815S	mands-MS-T14004815S
MS-T14005335A-MAVI-XL	MS-T14005335A	mands-MS-T14005335A
MS-T14004818S-MAVI-S	MS-T14004818S	mands-MS-T14004818S
MS-T14005333A-SIYAH-M	MS-T14005333A	mands-MS-T14005333A
MS-T14004815S-MAVI-S	MS-T14004815S	mands-MS-T14004815S
MS-T14004821S-MULTI-XXL	MS-T14004821S	mands-MS-T14004821S
MS-T14004817S-SIYAH-L	MS-T14004817S	mands-MS-T14004817S
MS-T14004818S-MAVI-L	MS-T14004818S	mands-MS-T14004818S
MS-T14006137A-SIYAH-S	MS-T14006137A	mands-MS-T14006137A
MS-T14006808S-MAVI-M	MS-T14006808S	mands-MS-T14006808S
MS-T14006137A-SIYAH-M	MS-T14006137A	mands-MS-T14006137A
MS-T14005336A-BEJ-L	MS-T14005336A	mands-MS-T14005336A
MS-T14004815S-MAVI-XXL	MS-T14004815S	mands-MS-T14004815S
MS-T14004913S-MAVI-M	MS-T14004913S	mands-MS-T14004913S
MS-T14004820S-LACIVERT-M	MS-T14004820S	mands-MS-T14004820S
MS-T14004913S-MAVI-S	MS-T14004913S	mands-MS-T14004913S
MS-T14004817S-LACIVERT-M	MS-T14004817S	mands-MS-T14004817S
MS-T14004821S-MULTI-S	MS-T14004821S	mands-MS-T14004821S
MS-T14007022D-BEYAZ-L	MS-T14007022D	mands-MS-T14007022D
MS-T14005338A-SIYAH-XXL	MS-T14005338A	mands-MS-T14005338A
MS-T14004820S-LACIVERT-S	MS-T14004820S	mands-MS-T14004820S
MS-T14005091A-SIYAH-M	MS-T14005091A	mands-MS-T14005091A
MS-T14006135A-BEYAZ-XL	MS-T14006135A	mands-MS-T14006135A
MS-T14004913S-MAVI-XXL	MS-T14004913S	mands-MS-T14004913S
MS-T14005338A-SIYAH-M	MS-T14005338A	mands-MS-T14005338A
MS-T14006808S-MAVI-S	MS-T14006808S	mands-MS-T14006808S
MS-T14006135A-SIYAH-XL	MS-T14006135A	mands-MS-T14006135A
MS-T14006135A-BEYAZ-S	MS-T14006135A	mands-MS-T14006135A
MS-T14006137A-SIYAH-XL	MS-T14006137A	mands-MS-T14006137A
MS-T14006808S-MAVI-XXL	MS-T14006808S	mands-MS-T14006808S
MS-T14003912-MAVI-L	MS-T14003912	mands-MS-T14003912
MS-T14006135A-BEYAZ-M	MS-T14006135A	mands-MS-T14006135A
MS-T14006139A-MAVI-S	MS-T14006139A	mands-MS-T14006139A
MS-T14003900A-BEYAZ-XL	MS-T14003900A	mands-MS-T14003900A
MS-T14006139A-MAVI-M	MS-T14006139A	mands-MS-T14006139A
MS-T14007022D-BEYAZ-M	MS-T14007022D	mands-MS-T14007022D
MS-T14004820S-LACIVERT-L	MS-T14004820S	mands-MS-T14004820S
MS-T14007022D-BEYAZ-XXL	MS-T14007022D	mands-MS-T14007022D
MS-T14006135A-SIYAH-XXL	MS-T14006135A	mands-MS-T14006135A
MS-T14003004A-SIYAH-XXL	MS-T14003004A	mands-MS-T14003004A
MS-T14003912-MAVI-S	MS-T14003912	mands-MS-T14003912
MS-T14006139A-MAVI-XXL	MS-T14006139A	mands-MS-T14006139A
MS-T14004913S-MAVI-XL	MS-T14004913S	mands-MS-T14004913S
MS-T14004913S-MAVI-L	MS-T14004913S	mands-MS-T14004913S
MS-T14005338A-SIYAH-S	MS-T14005338A	mands-MS-T14005338A
MS-T14006139A-MAVI-XL	MS-T14006139A	mands-MS-T14006139A
MS-T14004817S-SIYAH-XL	MS-T14004817S	mands-MS-T14004817S
MS-T14003004A-SIYAH-M	MS-T14003004A	mands-MS-T14003004A
MS-T14005335A-MAVI-M	MS-T14005335A	mands-MS-T14005335A
MS-T14004817S-LACIVERT-L	MS-T14004817S	mands-MS-T14004817S
MS-T14005333A-SIYAH-L	MS-T14005333A	mands-MS-T14005333A
MS-T14003004A-SIYAH-S	MS-T14003004A	mands-MS-T14003004A
MS-T14006139A-MAVI-L	MS-T14006139A	mands-MS-T14006139A
MS-T14004815S-MAVI-M	MS-T14004815S	mands-MS-T14004815S
MS-T14003900A-BEYAZ-S	MS-T14003900A	mands-MS-T14003900A
MS-T14004817S-SIYAH-XXL	MS-T14004817S	mands-MS-T14004817S
MS-T14004821S-MULTI-XL	MS-T14004821S	mands-MS-T14004821S
MS-T14005336A-BEJ-XXL	MS-T14005336A	mands-MS-T14005336A
MS-T14006135A-BEYAZ-XXL	MS-T14006135A	mands-MS-T14006135A
MS-T14004818S-MAVI-M	MS-T14004818S	mands-MS-T14004818S
MS-T14004817S-SIYAH-M	MS-T14004817S	mands-MS-T14004817S
MS-T14005333A-SIYAH-S	MS-T14005333A	mands-MS-T14005333A
MS-T14004817S-LACIVERT-S	MS-T14004817S	mands-MS-T14004817S
MS-T14004820S-LACIVERT-XL	MS-T14004820S	mands-MS-T14004820S
MS-T14004817S-LACIVERT-XXL	MS-T14004817S	mands-MS-T14004817S
MS-T14006135A-BEYAZ-L	MS-T14006135A	mands-MS-T14006135A
MS-T14005091A-SIYAH-S	MS-T14005091A	mands-MS-T14005091A
MS-T14003912-MAVI-M	MS-T14003912	mands-MS-T14003912
MS-T81006470Y-SIYAH-40	MS-T81006470Y	mands-MS-T81006470Y
MS-T81006470Y-SIYAH-46	MS-T81006470Y	mands-MS-T81006470Y
SML-MS-T61006230G-BEYAZ-XS	MS-T61006230G	mands-SML-T61006230G
SML-MS-T81009015V-KIRMIZI-48	SML-MS-T81009015V	mands-SML-T81009015V
SML-MS-T81009015V-KIRMIZI-44	SML-MS-T81009015V	mands-SML-T81009015V
MS-T81006470Y-SIYAH-34	MS-T81006470Y	mands-MS-T81006470Y
MS-T81006470Y-SIYAH-44	MS-T81006470Y	mands-MS-T81006470Y
SML-MS-T81009015V-KIRMIZI-36	SML-MS-T81009015V	mands-SML-T81009015V
SML-MS-T81009015V-KIRMIZI-42	SML-MS-T81009015V	mands-SML-T81009015V
SML-MS-T81009015V-KIRMIZI-46	SML-MS-T81009015V	mands-SML-T81009015V
MS-T81006470Y-SIYAH-50	MS-T81006470Y	mands-MS-T81006470Y
SML-MS-T61006230G-BEYAZ-XL	MS-T61006230G	mands-SML-T61006230G
SML-MS-T81009015V-KIRMIZI-38	SML-MS-T81009015V	mands-SML-T81009015V
MS-T81006470Y-SIYAH-38	MS-T81006470Y	mands-MS-T81006470Y
SML-MS-T61006230G-BEYAZ-S	MS-T61006230G	mands-SML-T61006230G
MS-T81006470Y-SIYAH-36	MS-T81006470Y	mands-MS-T81006470Y
SML-MS-T61006230G-BEYAZ-L	MS-T61006230G	mands-SML-T61006230G
MS-T81006470Y-SIYAH-42	MS-T81006470Y	mands-MS-T81006470Y
SML-MS-T81009015V-KIRMIZI-50	SML-MS-T81009015V	mands-SML-T81009015V
MS-T81006470Y-SIYAH-48	MS-T81006470Y	mands-MS-T81006470Y
SML-MS-T81009015V-KIRMIZI-34	SML-MS-T81009015V	mands-SML-T81009015V
SML-MS-T61006230G-BEYAZ-M	MS-T61006230G	mands-SML-T61006230G
SML-MS-T81009015V-KIRMIZI-40	SML-MS-T81009015V	mands-SML-T81009015V
MS-T81006477Y-BEJ-46	MS-T81006477Y	mands-MS-T81006477Y
MS-T81006477Y-BEJ-48	MS-T81006477Y	mands-MS-T81006477Y
SML-MS-T61006230B-LACIVERT-XL	SML-MS-T61006230B	mands-SML-T61006230B
SML-MS-T61006230T-GRI-XL	SML-MS-T61006230T	mands-SML-T61006230T
SML-MS-T61006230L-SIYAH-XS	SML-MS-T61006230L	mands-SML-T61006230L
MS-T81006477Y-BEJ-42	MS-T81006477Y	mands-MS-T81006477Y
MS-T81006477Y-BEJ-50	MS-T81006477Y	mands-MS-T81006477Y
SML-MS-T61006230B-SIYAH-L	SML-MS-T61006230B	mands-SML-T61006230B
SML-MS-T61006230B-LACIVERT-S	SML-MS-T61006230B	mands-SML-T61006230B
SML-MS-T61006230L-SIYAH-XL	SML-MS-T61006230L	mands-SML-T61006230L
SML-MS-T61007830L-SIYAH-XS	SML-MS-T61007830L	mands-SML-T61007830L
MS-T61004667L-SIYAH-36	MS-T61004667L	mands-MS-T61004667L
SML-MS-T61006230B-SIYAH-XS	SML-MS-T61006230B	mands-SML-T61006230B
MS-T61004667L-SIYAH-38	MS-T61004667L	mands-MS-T61004667L
SML-MS-T61006230L-PEMBE-S	SML-MS-T61006230L	mands-SML-T61006230L
SML-MS-T61006230B-LACIVERT-M	SML-MS-T61006230B	mands-SML-T61006230B
SML-MS-T61006230B-SIYAH-S	SML-MS-T61006230B	mands-SML-T61006230B
SML-MS-T61006230T-GRI-S	SML-MS-T61006230T	mands-SML-T61006230T
SML-MS-T61006230L-SIYAH-S	SML-MS-T61006230L	mands-SML-T61006230L
SML-MS-T61006230B-SIYAH-XL	SML-MS-T61006230B	mands-SML-T61006230B
MS-T61004667L-SIYAH-40	MS-T61004667L	mands-MS-T61004667L
SML-MS-T61006230B-SIYAH-M	SML-MS-T61006230B	mands-SML-T61006230B
SML-MS-T61007830L-SIYAH-XL	SML-MS-T61007830L	mands-SML-T61007830L
SML-MS-T61006230L-PEMBE-XS	SML-MS-T61006230L	mands-SML-T61006230L
SML-MS-T61006230T-GRI-M	SML-MS-T61006230T	mands-SML-T61006230T
MS-T61004667L-SIYAH-42	MS-T61004667L	mands-MS-T61004667L
MS-T81006477Y-BEJ-40	MS-T81006477Y	mands-MS-T81006477Y
SML-MS-T61007830L-SIYAH-S	SML-MS-T61007830L	mands-SML-T61007830L
MS-T61004667L-SIYAH-34	MS-T61004667L	mands-MS-T61004667L
MS-T61004667L-SIYAH-48	MS-T61004667L	mands-MS-T61004667L
SML-MS-T61006230L-SIYAH-M	SML-MS-T61006230L	mands-SML-T61006230L
SML-MS-T61006230B-LACIVERT-XS	SML-MS-T61006230B	mands-SML-T61006230B
MS-T81006477Y-BEJ-34	MS-T81006477Y	mands-MS-T81006477Y
SML-MS-T61006230T-GRI-XS	SML-MS-T61006230T	mands-SML-T61006230T
MS-T81006477Y-BEJ-38	MS-T81006477Y	mands-MS-T81006477Y
SML-MS-T61006230B-LACIVERT-L	SML-MS-T61006230B	mands-SML-T61006230B
SML-MS-T61006230L-SIYAH-L	SML-MS-T61006230L	mands-SML-T61006230L
SML-MS-T61007830L-SIYAH-M	SML-MS-T61007830L	mands-SML-T61007830L
MS-T81006477Y-BEJ-36	MS-T81006477Y	mands-MS-T81006477Y
SML-MS-T61007830L-SIYAH-L	SML-MS-T61007830L	mands-SML-T61007830L
SML-MS-T61006230T-GRI-L	SML-MS-T61006230T	mands-SML-T61006230T
MS-T61004667L-SIYAH-50	MS-T61004667L	mands-MS-T61004667L
MS-T81006477Y-BEJ-44	MS-T81006477Y	mands-MS-T81006477Y
SML-MS-T61006230L-PEMBE-XL	SML-MS-T61006230L	mands-SML-T61006230L
SML-MS-T61006230L-PEMBE-M	SML-MS-T61006230L	mands-SML-T61006230L
MS-T61004667L-SIYAH-44	MS-T61004667L	mands-MS-T61004667L
SML-MS-T61006230L-PEMBE-L	SML-MS-T61006230L	mands-SML-T61006230L
MS-T61004667L-SIYAH-46	MS-T61004667L	mands-MS-T61004667L
SML-MS-T61006974B-PEMBE-XL	SML-MS-T61006974B	mands-SML-T61006974B
SML-MS-T61006905B-LEOPAR-XL	SML-MS-T61006905B	mands-SML-T61006905B
SML-MS-T61006974B-PEMBE-M	SML-MS-T61006974B	mands-SML-T61006974B
SML-MS-T61006974B-PEMBE-S	SML-MS-T61006974B	mands-SML-T61006974B
SML-MS-T61006905B-LEOPAR-S	SML-MS-T61006905B	mands-SML-T61006905B
SML-MS-T61006905B-LEOPAR-M	SML-MS-T61006905B	mands-SML-T61006905B
SML-MS-T61006905B-LEOPAR-XS	SML-MS-T61006905B	mands-SML-T61006905B
SML-MS-T61006905B-LEOPAR-L	SML-MS-T61006905B	mands-SML-T61006905B
SML-MS-T61006974B-PEMBE-L	SML-MS-T61006974B	mands-SML-T61006974B
SML-MS-T61006974B-PEMBE-XS	SML-MS-T61006974B	mands-SML-T61006974B
MS-T07004509-LACIVERT-XL	MS-T07004509	mands-MS-T07004509
MS-T07005135-KREM-M	MS-T07005135	mands-MS-T07005135
MS-T07000577-YESIL-S	MS-T07000577	mands-MS-T07000577
MS-T07005139-KIRMIZI-L	MS-T07005139	mands-MS-T07005139
MS-T07005135-LACIVERT-XL	MS-T07005135	mands-MS-T07005135
MS-T07001328A-LACIVERT-L	MS-T07001328A	mands-MS-T07001328A
MS-T07005135-LACIVERT-S	MS-T07005135	mands-MS-T07005135
MS-T07005139-KIRMIZI-M	MS-T07005139	mands-MS-T07005139
MS-T07005139-KIRMIZI-S	MS-T07005139	mands-MS-T07005139
MS-T07005135-LACIVERT-L	MS-T07005135	mands-MS-T07005135
MS-T07000577-YESIL-XL	MS-T07000577	mands-MS-T07000577
MS-T07004777-LACIVERT-XL	MS-T07004777	mands-MS-T07004777
MS-T07004777-LACIVERT-XXL	MS-T07004777	mands-MS-T07004777
MS-T07000577-YESIL-M	MS-T07000577	mands-MS-T07000577
MS-T07001328A-LACIVERT-XXL	MS-T07001328A	mands-MS-T07001328A
MS-T07004777-LACIVERT-M	MS-T07004777	mands-MS-T07004777
MS-T07005139-KIRMIZI-XL	MS-T07005139	mands-MS-T07005139
MS-T07004509-LACIVERT-M	MS-T07004509	mands-MS-T07004509
MS-T07005135-LACIVERT-XXL	MS-T07005135	mands-MS-T07005135
MS-T07005139-KIRMIZI-XXL	MS-T07005139	mands-MS-T07005139
MS-T07004778-MAVI-XXL	MS-T07004778	mands-MS-T07004778
MS-T07004509-LACIVERT-L	MS-T07004509	mands-MS-T07004509
MS-T07004778-MAVI-S	MS-T07004778	mands-MS-T07004778
MS-T07001328A-LACIVERT-XL	MS-T07001328A	mands-MS-T07001328A
MS-T07004509-LACIVERT-S	MS-T07004509	mands-MS-T07004509
MS-T07004509-LACIVERT-XXL	MS-T07004509	mands-MS-T07004509
MS-T07001328A-LACIVERT-S	MS-T07001328A	mands-MS-T07001328A
MS-T07004777-LACIVERT-L	MS-T07004777	mands-MS-T07004777
MS-T07000577-YESIL-L	MS-T07000577	mands-MS-T07000577
MS-T07005135-KREM-L	MS-T07005135	mands-MS-T07005135
MS-T07004778-MAVI-L	MS-T07004778	mands-MS-T07004778
MS-T07000577-YESIL-XXL	MS-T07000577	mands-MS-T07000577
MS-T07004778-MAVI-XL	MS-T07004778	mands-MS-T07004778
MS-T07004777-LACIVERT-S	MS-T07004777	mands-MS-T07004777
MS-T07004778-MAVI-M	MS-T07004778	mands-MS-T07004778
MS-T07005135-KREM-S	MS-T07005135	mands-MS-T07005135
MS-T07005135-KREM-XXL	MS-T07005135	mands-MS-T07005135
MS-T07005135-KREM-XL	MS-T07005135	mands-MS-T07005135
MS-T07001328A-LACIVERT-M	MS-T07001328A	mands-MS-T07001328A
MS-T07005135-LACIVERT-M	MS-T07005135	mands-MS-T07005135
MS-T37001705P-KREM-M	MS-T37001705P	mands-MS-T37001705P
MS-T37002254J-SIYAH-XS	MS-T37002254J	mands-MS-T37002254J
MS-T37002254J-SIYAH-L	MS-T37002254J	mands-MS-T37002254J
MS-T37002254J-KREM-XS	MS-T37002254J	mands-MS-T37002254J
MS-T37002254J-SIYAH-XL	MS-T37002254J	mands-MS-T37002254J
MS-T37002254J-KREM-M	MS-T37002254J	mands-MS-T37002254J
MS-T37002254J-SIYAH-S	MS-T37002254J	mands-MS-T37002254J
MS-T37002254J-KREM-S	MS-T37002254J	mands-MS-T37002254J
MS-T37001705P-KREM-S	MS-T37001705P	mands-MS-T37001705P
MS-T37001705P-KREM-XL	MS-T37001705P	mands-MS-T37001705P
MS-T37001705P-KREM-L	MS-T37001705P	mands-MS-T37001705P
MS-T37001705P-KREM-XS	MS-T37001705P	mands-MS-T37001705P
MS-T37002254J-SIYAH-M	MS-T37002254J	mands-MS-T37002254J
MS-T37002254J-KREM-L	MS-T37002254J	mands-MS-T37002254J
MS-T37002254J-KREM-XL	MS-T37002254J	mands-MS-T37002254J
MS-T37006194X-PEMBE-36	MS-T37006194X	mands-MS-T37006194X
MS-T37006194X-PEMBE-34	MS-T37006194X	mands-MS-T37006194X
MS-T37003697T-BORDO-M	MS-T37003697T	mands-MS-T37003697T
MS-T37003697T-BORDO-XS	MS-T37003697T	mands-MS-T37003697T
MS-T37003697T-BORDO-L	MS-T37003697T	mands-MS-T37003697T
MS-T37006194X-PEMBE-44	MS-T37006194X	mands-MS-T37006194X
MS-T37006194X-PEMBE-40	MS-T37006194X	mands-MS-T37006194X
MS-T37006194X-PEMBE-42	MS-T37006194X	mands-MS-T37006194X
MS-T37006194X-PEMBE-38	MS-T37006194X	mands-MS-T37006194X
MS-T37003697T-BORDO-S	MS-T37003697T	mands-MS-T37003697T
MS-T37006194X-PEMBE-50	MS-T37006194X	mands-MS-T37006194X
MS-T37003697T-BORDO-XL	MS-T37003697T	mands-MS-T37003697T
MS-T37006194X-PEMBE-46	MS-T37006194X	mands-MS-T37006194X
MS-T37006194X-PEMBE-48	MS-T37006194X	mands-MS-T37006194X
MS-T61004113E-KAHVE-46	MS-T61004113E	mands-MS-T61004113E
MS-T61004104-PEMBE-48	MS-T61004104	mands-MS-T61004104
MS-T61004102-ACIK-PEMBE-34	MS-T61004102	mands-MS-T61004102
MS-T61004102-ACIK-PEMBE-40	MS-T61004102	mands-MS-T61004102
MS-T61004104-PEMBE-34	MS-T61004104	mands-MS-T61004104
MS-T61004113E-KAHVE-44	MS-T61004113E	mands-MS-T61004113E
MS-T61004102-ACIK-PEMBE-38	MS-T61004102	mands-MS-T61004102
MS-T61005760N-YESIL-36	MS-T61005760N	mands-MS-T61005760N
MS-T61004100-ACIK-PEMBE-44	MS-T61004100	mands-MS-T61004100
MS-T61004109B-SIYAH-40	MS-T61004109B	mands-MS-T61004109B
MS-T61004109B-SIYAH-44	MS-T61004109B	mands-MS-T61004109B
MS-T61004102-ACIK-PEMBE-52	MS-T61004102	mands-MS-T61004102
MS-T61005104X-MAVI-TURK-52	MS-T61005104X	mands-MS-T61005104X
MS-T61005760N-YESIL-50	MS-T61005760N	mands-MS-T61005760N
MS-T61005104X-MAVI-TURK-44	MS-T61005104X	mands-MS-T61005104X
MS-T61004104-PEMBE-46	MS-T61004104	mands-MS-T61004104
MS-T61004106-KAHVE-40	MS-T61004106	mands-MS-T61004106
MS-T61004107-KAHVE-34	MS-T61004107	mands-MS-T61004107
MS-T61005104X-ACIK-PEMBE-42	MS-T61005104X	mands-MS-T61005104X
MS-T61006204J-SIYAH-M	MS-T61006204J	mands-MS-T61006204J
MS-T61004666-KIRMIZI-42	MS-T61004666	mands-MS-T61004666
MS-T61005104X-MAVI-TURK-42	MS-T61005104X	mands-MS-T61005104X
MS-T61004666-KIRMIZI-48	MS-T61004666	mands-MS-T61004666
MS-T61004910L-SIYAH-44	MS-T61004910L	mands-MS-T61004910L
MS-T61006204J-SIYAH-XS	MS-T61006204J	mands-MS-T61006204J
MS-T61004910L-SIYAH-34	MS-T61004910L	mands-MS-T61004910L
MS-T61004109B-SIYAH-34	MS-T61004109B	mands-MS-T61004109B
MS-T61004104-PEMBE-38	MS-T61004104	mands-MS-T61004104
MS-T61004282E-MOR-48	MS-T61004282E	mands-MS-T61004282E
MS-T61004106-KAHVE-34	MS-T61004106	mands-MS-T61004106
MS-T61004107-KAHVE-46	MS-T61004107	mands-MS-T61004107
MS-T61005760N-YESIL-46	MS-T61005760N	mands-MS-T61005760N
MS-T61004106-KAHVE-46	MS-T61004106	mands-MS-T61004106
MS-T61005760N-YESIL-44	MS-T61005760N	mands-MS-T61005760N
MS-T61005104X-ACIK-PEMBE-36	MS-T61005104X	mands-MS-T61005104X
MS-T61004100-KAHVE-44	MS-T61004100-	mands-MS-T61004100
MS-T61005760N-YESIL-42	MS-T61005760N	mands-MS-T61005760N
MS-T61004100-KAHVE-38	MS-T61004100-	mands-MS-T61004100
MS-T61004910L-SIYAH-42	MS-T61004910L	mands-MS-T61004910L
MS-T61004109B-SIYAH-46	MS-T61004109B	mands-MS-T61004109B
MS-T61004100-ACIK-PEMBE-38	MS-T61004100	mands-MS-T61004100
MS-T61004910L-BEYAZ-50	MS-T61004910L	mands-MS-T61004910L
MS-T61004107-KAHVE-48	MS-T61004107	mands-MS-T61004107
MS-T61004106-KAHVE-52	MS-T61004106	mands-MS-T61004106
MS-T61004666-KIRMIZI-46	MS-T61004666	mands-MS-T61004666
MS-T61005781F-YESIL-36	MS-T61005781F	mands-MS-T61005781F
MS-T61004109B-SIYAH-48	MS-T61004109B	mands-MS-T61004109B
MS-T61004100-ACIK-PEMBE-46	MS-T61004100	mands-MS-T61004100
MS-T61004910L-SIYAH-40	MS-T61004910L	mands-MS-T61004910L
MS-T61004104-PEMBE-50	MS-T61004104	mands-MS-T61004104
MS-T61004109B-SIYAH-38	MS-T61004109B	mands-MS-T61004109B
MS-T61004113E-KAHVE-36	MS-T61004113E	mands-MS-T61004113E
MS-T61004102-ACIK-PEMBE-48	MS-T61004102	mands-MS-T61004102
MS-T61004282E-MOR-42	MS-T61004282E	mands-MS-T61004282E
MS-T61004100-ACIK-PEMBE-34	MS-T61004100	mands-MS-T61004100
MS-T61004104-PEMBE-44	MS-T61004104	mands-MS-T61004104
MS-T61005781F-YESIL-52	MS-T61005781F	mands-MS-T61005781F
MS-T61005760N-YESIL-38	MS-T61005760N	mands-MS-T61005760N
MS-T61004102-ACIK-PEMBE-44	MS-T61004102	mands-MS-T61004102
MS-T61004910B-KIRMIZI-34	MS-T61004910B	mands-MS-T61004910B
MS-T61004282E-MOR-36	MS-T61004282E	mands-MS-T61004282E
MS-T61004100-ACIK-PEMBE-42	MS-T61004100	mands-MS-T61004100
MS-T61004100-KAHVE-46	MS-T61004100-	mands-MS-T61004100
MS-T61004102-ACIK-PEMBE-42	MS-T61004102	mands-MS-T61004102
MS-T61004102-ACIK-PEMBE-50	MS-T61004102	mands-MS-T61004102
MS-T61004109B-SIYAH-36	MS-T61004109B	mands-MS-T61004109B
MS-T61004100-ACIK-PEMBE-52	MS-T61004100	mands-MS-T61004100
MS-T61004104-PEMBE-52	MS-T61004104	mands-MS-T61004104
MS-T61004113E-KAHVE-40	MS-T61004113E	mands-MS-T61004113E
MS-T61004910B-KIRMIZI-50	MS-T61004910B	mands-MS-T61004910B
MS-T61004282E-MOR-38	MS-T61004282E	mands-MS-T61004282E
MS-T61004100-KAHVE-36	MS-T61004100-	mands-MS-T61004100
MS-T61005104X-MAVI-TURK-50	MS-T61005104X	mands-MS-T61005104X
MS-T61005760N-YESIL-34	MS-T61005760N	mands-MS-T61005760N
MS-T61004910L-BEYAZ-52	MS-T61004910L	mands-MS-T61004910L
MS-T61005104X-MAVI-TURK-46	MS-T61005104X	mands-MS-T61005104X
MS-T61004107-KAHVE-38	MS-T61004107	mands-MS-T61004107
MS-T61004100-ACIK-PEMBE-50	MS-T61004100	mands-MS-T61004100
MS-T61004100-KAHVE-34	MS-T61004100-	mands-MS-T61004100
MS-T61004104-PEMBE-40	MS-T61004104	mands-MS-T61004104
MS-T61005104X-MAVI-TURK-40	MS-T61005104X	mands-MS-T61005104X
MS-T61004102-ACIK-PEMBE-36	MS-T61004102	mands-MS-T61004102
MS-T61004106-KAHVE-42	MS-T61004106	mands-MS-T61004106
MS-T61004107-KAHVE-50	MS-T61004107	mands-MS-T61004107
MS-T61004666-KIRMIZI-34	MS-T61004666	mands-MS-T61004666
MS-T61005781F-YESIL-48	MS-T61005781F	mands-MS-T61005781F
MS-T61004910B-KIRMIZI-52	MS-T61004910B	mands-MS-T61004910B
MS-T61005781F-YESIL-40	MS-T61005781F	mands-MS-T61005781F
MS-T61004666-KIRMIZI-36	MS-T61004666	mands-MS-T61004666
MS-T61004910L-SIYAH-50	MS-T61004910L	mands-MS-T61004910L
MS-T61004282E-MOR-46	MS-T61004282E	mands-MS-T61004282E
MS-T61004109B-SIYAH-50	MS-T61004109B	mands-MS-T61004109B
MS-T61004666-KIRMIZI-50	MS-T61004666	mands-MS-T61004666
MS-T61005760N-YESIL-52	MS-T61005760N	mands-MS-T61005760N
MS-T61004102-ACIK-PEMBE-46	MS-T61004102	mands-MS-T61004102
MS-T61004113E-KAHVE-38	MS-T61004113E	mands-MS-T61004113E
MS-T61004666-KIRMIZI-52	MS-T61004666	mands-MS-T61004666
MS-T61005104X-MAVI-TURK-38	MS-T61005104X	mands-MS-T61005104X
MS-T61005104X-ACIK-PEMBE-34	MS-T61005104X	mands-MS-T61005104X
MS-T61004910B-KIRMIZI-46	MS-T61004910B	mands-MS-T61004910B
MS-T61004666-KIRMIZI-38	MS-T61004666	mands-MS-T61004666
MS-T61004910L-BEYAZ-38	MS-T61004910L	mands-MS-T61004910L
MS-T61004910L-BEYAZ-48	MS-T61004910L	mands-MS-T61004910L
MS-T61004910L-BEYAZ-42	MS-T61004910L	mands-MS-T61004910L
MS-T61004104-PEMBE-42	MS-T61004104	mands-MS-T61004104
MS-T61005760N-YESIL-40	MS-T61005760N	mands-MS-T61005760N
MS-T61005104X-MAVI-TURK-36	MS-T61005104X	mands-MS-T61005104X
MS-T61005104X-ACIK-PEMBE-52	MS-T61005104X	mands-MS-T61005104X
MS-T61004113E-KAHVE-48	MS-T61004113E	mands-MS-T61004113E
MS-T61004109B-SIYAH-42	MS-T61004109B	mands-MS-T61004109B
MS-T61004109B-SIYAH-52	MS-T61004109B	mands-MS-T61004109B
MS-T61005760N-YESIL-48	MS-T61005760N	mands-MS-T61005760N
MS-T61004282E-MOR-50	MS-T61004282E	mands-MS-T61004282E
MS-T61004100-ACIK-PEMBE-36	MS-T61004100	mands-MS-T61004100
MS-T61004282E-MOR-40	MS-T61004282E	mands-MS-T61004282E
MS-T61004113E-KAHVE-50	MS-T61004113E	mands-MS-T61004113E
MS-T61005781F-YESIL-38	MS-T61005781F	mands-MS-T61005781F
MS-T61004106-KAHVE-44	MS-T61004106	mands-MS-T61004106
MS-T61004113E-KAHVE-34	MS-T61004113E	mands-MS-T61004113E
MS-T61006204J-SIYAH-L	MS-T61006204J	mands-MS-T61006204J
MS-T61004100-KAHVE-52	MS-T61004100-	mands-MS-T61004100
MS-T61006204J-SIYAH-S	MS-T61006204J	mands-MS-T61006204J
MS-T61004282E-MOR-52	MS-T61004282E	mands-MS-T61004282E
MS-T61005781F-YESIL-34	MS-T61005781F	mands-MS-T61005781F
MS-T61004104-PEMBE-36	MS-T61004104	mands-MS-T61004104
MS-T61005104X-ACIK-PEMBE-50	MS-T61005104X	mands-MS-T61005104X
MS-T61004910B-KIRMIZI-42	MS-T61004910B	mands-MS-T61004910B
MS-T61004106-KAHVE-36	MS-T61004106	mands-MS-T61004106
MS-T61004910B-KIRMIZI-48	MS-T61004910B	mands-MS-T61004910B
MS-T61004910B-KIRMIZI-36	MS-T61004910B	mands-MS-T61004910B
MS-T61005104X-ACIK-PEMBE-38	MS-T61005104X	mands-MS-T61005104X
MS-T61004910L-BEYAZ-36	MS-T61004910L	mands-MS-T61004910L
MS-T61005781F-YESIL-46	MS-T61005781F	mands-MS-T61005781F
MS-T61004100-KAHVE-40	MS-T61004100-	mands-MS-T61004100
MS-T61004113E-KAHVE-42	MS-T61004113E	mands-MS-T61004113E
MS-T61004106-KAHVE-50	MS-T61004106	mands-MS-T61004106
MS-T61004100-KAHVE-42	MS-T61004100-	mands-MS-T61004100
MS-T61004910L-BEYAZ-34	MS-T61004910L	mands-MS-T61004910L
MS-T61004107-KAHVE-52	MS-T61004107	mands-MS-T61004107
MS-T61004910L-SIYAH-48	MS-T61004910L	mands-MS-T61004910L
MS-T61004666-KIRMIZI-40	MS-T61004666	mands-MS-T61004666
MS-T61004910L-BEYAZ-46	MS-T61004910L	mands-MS-T61004910L
MS-T61004910L-SIYAH-38	MS-T61004910L	mands-MS-T61004910L
MS-T61005104X-ACIK-PEMBE-40	MS-T61005104X	mands-MS-T61005104X
MS-T61005104X-ACIK-PEMBE-46	MS-T61005104X	mands-MS-T61005104X
MS-T61004100-ACIK-PEMBE-40	MS-T61004100	mands-MS-T61004100
MS-T61004100-KAHVE-48	MS-T61004100-	mands-MS-T61004100
MS-T61004107-KAHVE-42	MS-T61004107	mands-MS-T61004107
MS-T61004910L-BEYAZ-40	MS-T61004910L	mands-MS-T61004910L
MS-T61004282E-MOR-44	MS-T61004282E	mands-MS-T61004282E
MS-T61005781F-YESIL-42	MS-T61005781F	mands-MS-T61005781F
MS-T61005104X-MAVI-TURK-34	MS-T61005104X	mands-MS-T61005104X
MS-T61004666-KIRMIZI-44	MS-T61004666	mands-MS-T61004666
MS-T61005104X-ACIK-PEMBE-48	MS-T61005104X	mands-MS-T61005104X
MS-T61005104X-MAVI-TURK-48	MS-T61005104X	mands-MS-T61005104X
MS-T61004910B-KIRMIZI-44	MS-T61004910B	mands-MS-T61004910B
MS-T61004107-KAHVE-44	MS-T61004107	mands-MS-T61004107
MS-T61005104X-ACIK-PEMBE-44	MS-T61005104X	mands-MS-T61005104X
MS-T61004910L-BEYAZ-44	MS-T61004910L	mands-MS-T61004910L
MS-T61004106-KAHVE-48	MS-T61004106	mands-MS-T61004106
MS-T61004282E-MOR-34	MS-T61004282E	mands-MS-T61004282E
MS-T61004910L-SIYAH-46	MS-T61004910L	mands-MS-T61004910L
MS-T61005781F-YESIL-50	MS-T61005781F	mands-MS-T61005781F
MS-T61004100-ACIK-PEMBE-48	MS-T61004100	mands-MS-T61004100
MS-T61004106-KAHVE-38	MS-T61004106	mands-MS-T61004106
MS-T61004910B-KIRMIZI-38	MS-T61004910B	mands-MS-T61004910B
MS-T61006204J-SIYAH-XL	MS-T61006204J	mands-MS-T61006204J
MS-T61005781F-YESIL-44	MS-T61005781F	mands-MS-T61005781F
MS-T61004910L-SIYAH-36	MS-T61004910L	mands-MS-T61004910L
MS-T61004100-KAHVE-50	MS-T61004100-	mands-MS-T61004100
MS-T61004910L-SIYAH-52	MS-T61004910L	mands-MS-T61004910L
MS-T61004910B-KIRMIZI-40	MS-T61004910B	mands-MS-T61004910B
MS-T61004054E-BEJ-44	MS-T61004054E	mands-MS-T61004054E
MS-T61004054E-BEJ-42	MS-T61004054E	mands-MS-T61004054E
MS-T61004054E-BEJ-38	MS-T61004054E	mands-MS-T61004054E
MS-T61004054E-BEJ-50	MS-T61004054E	mands-MS-T61004054E
MS-T61004054E-BEJ-52	MS-T61004054E	mands-MS-T61004054E
MS-T61004054E-BEJ-46	MS-T61004054E	mands-MS-T61004054E
MS-T61004054E-BEJ-36	MS-T61004054E	mands-MS-T61004054E
MS-T61004054E-BEJ-48	MS-T61004054E	mands-MS-T61004054E
MS-T61004054E-BEJ-34	MS-T61004054E	mands-MS-T61004054E
MS-T61004054E-BEJ-40	MS-T61004054E	mands-MS-T61004054E
MS-T61005105X-YESIL-TURQ-46	MS-T61005105X	mands-MS-T61005105X
MS-T61005102X-MOR-MAVI-36	MS-T61005102X-	mands-MS-T61005102X
MS-T81005067L-LACIVERT-34	MS-T81005067L	mands-MS-T81005067L
MS-T61005015N-MAVI-40	MS-T61005015N	mands-MS-T61005015N
MS-T61005015N-PEMBE-50	MS-T61005015N	mands-MS-T61005015N
MS-T61005015N-PEMBE-38	MS-T61005015N	mands-MS-T61005015N
MS-T61005015N-MAVI-36	MS-T61005015N	mands-MS-T61005015N
MS-T61004673P-KAHVE-36	MS-T61004673P	mands-MS-T61004673P
MS-T61005102X-ACIK-PEMBE-36	MS-T61005102X-	mands-MS-T61005102X
MS-T61004902B-YESIL-36	MS-T61004902B	mands-MS-T61004902B
MS-T61004902F-YESIL-50	MS-T61004902F	mands-MS-T61004902F
MS-T61004673P-KAHVE-38	MS-T61004673P	mands-MS-T61004673P
MS-T61005015N-MAVI-38	MS-T61005015N	mands-MS-T61005015N
MS-T61005102X-MOR-MAVI-34	MS-T61005102X-	mands-MS-T61005102X
MS-T61004902F-YESIL-48	MS-T61004902F	mands-MS-T61004902F
MS-T61005102X-ACIK-PEMBE-52	MS-T61005102X-	mands-MS-T61005102X
MS-T61005105X-YESIL-TURQ-48	MS-T61005105X	mands-MS-T61005105X
MS-T61004902B-YESIL-52	MS-T61004902B	mands-MS-T61004902B
MS-T61004673P-KAHVE-42	MS-T61004673P	mands-MS-T61004673P
MS-T61004673P-KAHVE-34	MS-T61004673P	mands-MS-T61004673P
MS-T81005067L-LACIVERT-52	MS-T81005067L	mands-MS-T81005067L
MS-T61005102X-MOR-MAVI-44	MS-T61005102X-	mands-MS-T61005102X
MS-T61005100X-PEMBE-ACIK-40	MS-T61005100X-	mands-MS-T61005100X
MS-T61005015N-MAVI-48	MS-T61005015N	mands-MS-T61005015N
MS-T61005015N-MAVI-46	MS-T61005015N	mands-MS-T61005015N
MS-T61005102X-ACIK-PEMBE-34	MS-T61005102X-	mands-MS-T61005102X
MS-T61005102X-MOR-MAVI-40	MS-T61005102X-	mands-MS-T61005102X
MS-T61004673P-KAHVE-48	MS-T61004673P	mands-MS-T61004673P
MS-T61004902F-YESIL-38	MS-T61004902F	mands-MS-T61004902F
MS-T61004902B-YESIL-46	MS-T61004902B	mands-MS-T61004902B
MS-T61005100X-PEMBE-ACIK-50	MS-T61005100X-	mands-MS-T61005100X
MS-T61005102X-ACIK-PEMBE-44	MS-T61005102X-	mands-MS-T61005102X
MS-T61005102X-ACIK-PEMBE-46	MS-T61005102X-	mands-MS-T61005102X
MS-T61005100X-PEMBE-ACIK-46	MS-T61005100X-	mands-MS-T61005100X
MS-T61005100X-PEMBE-ACIK-52	MS-T61005100X-	mands-MS-T61005100X
MS-T61004902B-YESIL-42	MS-T61004902B	mands-MS-T61004902B
MS-T61005105X-YESIL-TURQ-52	MS-T61005105X	mands-MS-T61005105X
MS-T61005102X-ACIK-PEMBE-42	MS-T61005102X-	mands-MS-T61005102X
MS-T81005067L-LACIVERT-50	MS-T81005067L	mands-MS-T81005067L
SML-MS-T61006909H-PEMBE-XL	SML-MS-T61006909H	mands-SML-T61006909H
MS-T61004902F-YESIL-46	MS-T61004902F	mands-MS-T61004902F
MS-T81005067L-LACIVERT-44	MS-T81005067L	mands-MS-T81005067L
SML-MS-T61006909H-PEMBE-M	SML-MS-T61006909H	mands-SML-T61006909H
MS-T61005015N-MAVI-52	MS-T61005015N	mands-MS-T61005015N
MS-T61004902F-YESIL-52	MS-T61004902F	mands-MS-T61004902F
MS-T61005015N-PEMBE-42	MS-T61005015N	mands-MS-T61005015N
MS-T61004902F-YESIL-34	MS-T61004902F	mands-MS-T61004902F
MS-T61005015N-PEMBE-52	MS-T61005015N	mands-MS-T61005015N
MS-T61005102X-MOR-MAVI-38	MS-T61005102X-	mands-MS-T61005102X
MS-T61005102X-MOR-MAVI-42	MS-T61005102X-	mands-MS-T61005102X
MS-T61005015N-PEMBE-44	MS-T61005015N	mands-MS-T61005015N
MS-T61005100X-PEMBE-ACIK-34	MS-T61005100X-	mands-MS-T61005100X
MS-T61005015N-PEMBE-34	MS-T61005015N	mands-MS-T61005015N
MS-T81005067L-LACIVERT-40	MS-T81005067L	mands-MS-T81005067L
MS-T61005015N-MAVI-50	MS-T61005015N	mands-MS-T61005015N
MS-T81005067L-LACIVERT-38	MS-T81005067L	mands-MS-T81005067L
MS-T61004902F-YESIL-44	MS-T61004902F	mands-MS-T61004902F
MS-T61005015N-PEMBE-48	MS-T61005015N	mands-MS-T61005015N
MS-T81005067L-LACIVERT-46	MS-T81005067L	mands-MS-T81005067L
MS-T61005105X-YESIL-TURQ-38	MS-T61005105X	mands-MS-T61005105X
MS-T61005100X-PEMBE-ACIK-48	MS-T61005100X-	mands-MS-T61005100X
MS-T61005015N-MAVI-34	MS-T61005015N	mands-MS-T61005015N
SML-MS-T61006909H-PEMBE-L	SML-MS-T61006909H	mands-SML-T61006909H
MS-T61005102X-ACIK-PEMBE-48	MS-T61005102X-	mands-MS-T61005102X
MS-T61005100X-PEMBE-ACIK-42	MS-T61005100X-	mands-MS-T61005100X
MS-T61004673P-KAHVE-46	MS-T61004673P	mands-MS-T61004673P
MS-T61005015N-MAVI-42	MS-T61005015N	mands-MS-T61005015N
MS-T61005015N-PEMBE-40	MS-T61005015N	mands-MS-T61005015N
MS-T61005102X-ACIK-PEMBE-40	MS-T61005102X-	mands-MS-T61005102X
SML-MS-T61006909H-PEMBE-XS	SML-MS-T61006909H	mands-SML-T61006909H
MS-T61005015N-PEMBE-46	MS-T61005015N	mands-MS-T61005015N
MS-T61005100X-PEMBE-ACIK-36	MS-T61005100X-	mands-MS-T61005100X
MS-T61005105X-YESIL-TURQ-34	MS-T61005105X	mands-MS-T61005105X
MS-T61004902B-YESIL-38	MS-T61004902B	mands-MS-T61004902B
MS-T81005067L-LACIVERT-36	MS-T81005067L	mands-MS-T81005067L
MS-T61004673P-KAHVE-40	MS-T61004673P	mands-MS-T61004673P
MS-T61005105X-YESIL-TURQ-40	MS-T61005105X	mands-MS-T61005105X
MS-T61005100X-PEMBE-ACIK-44	MS-T61005100X-	mands-MS-T61005100X
MS-T61004673P-KAHVE-50	MS-T61004673P	mands-MS-T61004673P
MS-T61005102X-MOR-MAVI-46	MS-T61005102X-	mands-MS-T61005102X
MS-T61005100X-PEMBE-ACIK-38	MS-T61005100X-	mands-MS-T61005100X
MS-T61005102X-ACIK-PEMBE-50	MS-T61005102X-	mands-MS-T61005102X
MS-T61004902B-YESIL-44	MS-T61004902B	mands-MS-T61004902B
SML-MS-T61006909H-PEMBE-S	SML-MS-T61006909H	mands-SML-T61006909H
MS-T61005015N-MAVI-44	MS-T61005015N	mands-MS-T61005015N
MS-T61004902F-YESIL-40	MS-T61004902F	mands-MS-T61004902F
MS-T61004902B-YESIL-40	MS-T61004902B	mands-MS-T61004902B
MS-T61005102X-ACIK-PEMBE-38	MS-T61005102X-	mands-MS-T61005102X
MS-T81005067L-LACIVERT-42	MS-T81005067L	mands-MS-T81005067L
MS-T81005067L-LACIVERT-48	MS-T81005067L	mands-MS-T81005067L
MS-T61005105X-YESIL-TURQ-44	MS-T61005105X	mands-MS-T61005105X
MS-T61005102X-MOR-MAVI-48	MS-T61005102X-	mands-MS-T61005102X
MS-T61004902F-YESIL-36	MS-T61004902F	mands-MS-T61004902F
MS-T61005105X-YESIL-TURQ-50	MS-T61005105X	mands-MS-T61005105X
MS-T61005102X-MOR-MAVI-52	MS-T61005102X-	mands-MS-T61005102X
MS-T61005015N-PEMBE-36	MS-T61005015N	mands-MS-T61005015N
MS-T61004902B-YESIL-48	MS-T61004902B	mands-MS-T61004902B
MS-T61005105X-YESIL-TURQ-36	MS-T61005105X	mands-MS-T61005105X
MS-T61005105X-YESIL-TURQ-42	MS-T61005105X	mands-MS-T61005105X
MS-T61004902F-YESIL-42	MS-T61004902F	mands-MS-T61004902F
MS-T61005102X-MOR-MAVI-50	MS-T61005102X-	mands-MS-T61005102X
MS-T61004902B-YESIL-50	MS-T61004902B	mands-MS-T61004902B
MS-T61004673P-KAHVE-44	MS-T61004673P	mands-MS-T61004673P
MS-T61004902B-YESIL-34	MS-T61004902B	mands-MS-T61004902B
MS-T14005333A-MULTI-XL	MS-T14005333A	mands-MS-T14005333A
MS-T14005333A-MULTI-S	MS-T14005333A	mands-MS-T14005333A
MS-T14005333A-MULTI-XXL	MS-T14005333A	mands-MS-T14005333A
MS-T14005333A-MULTI-L	MS-T14005333A	mands-MS-T14005333A
MS-T14005333A-MULTI-M	MS-T14005333A	mands-MS-T14005333A
MS-T37001814P-KAHVE-L	MS-T37001814P	mands-MS-T37001814P
MS-T37003683T-GRI-XS	MS-T37003683T	mands-MS-T37003683T
MS-T37001813P-MAVI-M	MS-T37001813P	mands-MS-T37001813P
MS-T37003696T-KREM-XS	MS-T37003696T	mands-MS-T37003696T
MS-T37001813P-MAVI-L	MS-T37001813P	mands-MS-T37001813P
MS-T37003683T-GRI-XL	MS-T37003683T	mands-MS-T37003683T
MS-T37003683T-GRI-L	MS-T37003683T	mands-MS-T37003683T
MS-T37001813P-MAVI-XS	MS-T37001813P	mands-MS-T37001813P
MS-T37001814P-KAHVE-XL	MS-T37001814P	mands-MS-T37001814P
MS-T37001814P-KAHVE-S	MS-T37001814P	mands-MS-T37001814P
MS-T37003696T-KREM-M	MS-T37003696T	mands-MS-T37003696T
MS-T37001813P-MAVI-XL	MS-T37001813P	mands-MS-T37001813P
MS-T37002283J-YESIL-40	MS-T37002283J	mands-MS-T37002283J
MS-T37002283J-YESIL-34	MS-T37002283J	mands-MS-T37002283J
MS-T37001814P-KAHVE-XS	MS-T37001814P	mands-MS-T37001814P
MS-T37003683T-GRI-S	MS-T37003683T	mands-MS-T37003683T
MS-T37003683T-GRI-M	MS-T37003683T	mands-MS-T37003683T
MS-T37001813P-MAVI-S	MS-T37001813P	mands-MS-T37001813P
MS-T37003696T-KREM-XL	MS-T37003696T	mands-MS-T37003696T
MS-T37002212J-YESIL-XL	MS-T37002212J	mands-MS-T37002212J
MS-T37001814P-KAHVE-M	MS-T37001814P	mands-MS-T37001814P
MS-T37003696T-KREM-L	MS-T37003696T	mands-MS-T37003696T
MS-T37002283J-YESIL-48	MS-T37002283J	mands-MS-T37002283J
MS-T37003696T-KREM-S	MS-T37003696T	mands-MS-T37003696T
MS-T37002283J-YESIL-36	MS-T37002283J	mands-MS-T37002283J
MS-T37004619F-LACIVERT-XL	MS-T37004619F	mands-MS-T37004619F
MS-T37002283J-YESIL-46	MS-T37002283J	mands-MS-T37002283J
MS-T37002283J-YESIL-50	MS-T37002283J	mands-MS-T37002283J
MS-T37002283J-YESIL-38	MS-T37002283J	mands-MS-T37002283J
MS-T37002212J-YESIL-L	MS-T37002212J	mands-MS-T37002212J
MS-T37004619F-LACIVERT-S	MS-T37004619F	mands-MS-T37004619F
MS-T37004619F-LACIVERT-XS	MS-T37004619F	mands-MS-T37004619F
MS-T37002283J-YESIL-42	MS-T37002283J	mands-MS-T37002283J
MS-T37002212J-YESIL-S	MS-T37002212J	mands-MS-T37002212J
MS-T37002283J-YESIL-44	MS-T37002283J	mands-MS-T37002283J
MS-T37002212J-YESIL-M	MS-T37002212J	mands-MS-T37002212J
MS-T37004619F-LACIVERT-L	MS-T37004619F	mands-MS-T37004619F
MS-T37002212J-YESIL-XS	MS-T37002212J	mands-MS-T37002212J
MS-T37004626F-MOR-S	MS-T37004626F	mands-MS-T37004626F
MS-T37004622F-KAHVE-XS	MS-T37004622F	mands-MS-T37004622F
MS-T37004626F-MOR-XL	MS-T37004626F	mands-MS-T37004626F
MS-T37004626F-PEMBE-S	MS-T37004626F	mands-MS-T37004626F
MS-T37004622F-KIRMIZI-XS	MS-T37004622F	mands-MS-T37004622F
MS-T37004622F-KIRMIZI-L	MS-T37004622F	mands-MS-T37004622F
MS-T37004626F-MOR-M	MS-T37004626F	mands-MS-T37004626F
MS-T37004622F-LACIVERT-M	MS-T37004622F	mands-MS-T37004622F
MS-T37004622F-KIRMIZI-M	MS-T37004622F	mands-MS-T37004622F
MS-T37004626F-PEMBE-L	MS-T37004626F	mands-MS-T37004626F
MS-T37004622F-KAHVE-L	MS-T37004622F	mands-MS-T37004622F
MS-T37004626F-PEMBE-XL	MS-T37004626F	mands-MS-T37004626F
MS-T37004622F-LACIVERT-XS	MS-T37004622F	mands-MS-T37004622F
MS-T37004626F-MOR-XS	MS-T37004626F	mands-MS-T37004626F
MS-T37004622F-KAHVE-XL	MS-T37004622F	mands-MS-T37004622F
MS-T37004622F-KAHVE-M	MS-T37004622F	mands-MS-T37004622F
MS-T37004626F-MOR-L	MS-T37004626F	mands-MS-T37004626F
MS-T37004622F-KIRMIZI-S	MS-T37004622F	mands-MS-T37004622F
MS-T37004622F-KAHVE-S	MS-T37004622F	mands-MS-T37004622F
MS-T37004626F-PEMBE-M	MS-T37004626F	mands-MS-T37004626F
MS-T37004622F-KIRMIZI-XL	MS-T37004622F	mands-MS-T37004622F
MS-T37004626F-PEMBE-XS	MS-T37004626F	mands-MS-T37004626F
MS-T37004622F-LACIVERT-XL	MS-T37004622F	mands-MS-T37004622F
MS-T37004622F-LACIVERT-L	MS-T37004622F	mands-MS-T37004622F
MS-T37004622F-LACIVERT-S	MS-T37004622F	mands-MS-T37004622F
MS-T07003567-KOYUYESIL-S	MS-T07003567	mands-MS-T07003567
MS-T07004775-MAVI-XL	MS-T07004775	mands-MS-T07004775
MS-T07000587-GRI-L	MS-T07000589	mands-MS-T07000587
MS-T07000097-LACIVERT-XL	MS-T07000097	mands-MS-T07000097
MS-T07000584-MAVI-L	MS-T07000584	mands-MS-T07000584
MS-T07001307A-KAHVE-M	MS-T07001307A	mands-MS-T07001307A
MS-T07001307A-KAHVE-S	MS-T07001307A	mands-MS-T07001307A
MS-T07004775-MAVI-S	MS-T07004775	mands-MS-T07004775
MS-T07004780-SIYAH-L	MS-T07004780	mands-MS-T07004780
MS-T07000570-GRI-XXL	MS-T07000570	mands-MS-T07000570
MS-T07001325A-LACIVERT-XXL	qq	mands-MS-T07001325A
MS-T07000097-LACIVERT-L	MS-T07000097	mands-MS-T07000097
MS-T07000587-GRI-M	MS-T07000588	mands-MS-T07000587
MS-T07001325A-LACIVERT-L	qq	mands-MS-T07001325A
MS-T07000078-GRI-S	MS-T07000078	mands-MS-T07000078
MS-T07000587-GRI-XXL	MS-T07000591	mands-MS-T07000587
MS-T07000584-MAVI-XL	MS-T07000584	mands-MS-T07000584
MS-T07004775-MAVI-XXL	MS-T07004775	mands-MS-T07004775
MS-T07001307A-KAHVE-XXL	MS-T07001307A	mands-MS-T07001307A
MS-T07003567-KOYUYESIL-L	MS-T07003569	mands-MS-T07003567
MS-T07000570-GRI-L	MS-T07000570	mands-MS-T07000570
MS-T07003567-KOYUYESIL-M	MS-T07003568	mands-MS-T07003567
MS-T07000078-GRI-L	MS-T07000078	mands-MS-T07000078
MS-T07001307A-KAHVE-L	MS-T07001307A	mands-MS-T07001307A
MS-T07000097-LACIVERT-S	MS-T07000097	mands-MS-T07000097
MS-T07004775-MAVI-M	MS-T07004775	mands-MS-T07004775
MS-T07004780-SIYAH-M	MS-T07004780	mands-MS-T07004780
MS-T07000097-LACIVERT-M	MS-T07000097	mands-MS-T07000097
MS-T07004780-SIYAH-XL	MS-T07004780	mands-MS-T07004780
MS-T07001325A-LACIVERT-S	qq	mands-MS-T07001325A
MS-T07000587-GRI-S	MS-T07000587	mands-MS-T07000587
MS-T07000078-GRI-XXL	MS-T07000078	mands-MS-T07000078
MS-T07003567-KOYUYESIL-XXL	MS-T07003571	mands-MS-T07003567
MS-T07001325A-LACIVERT-M	qq	mands-MS-T07001325A
MS-T07000570-GRI-XL	MS-T07000570	mands-MS-T07000570
MS-T07001307A-KAHVE-XL	MS-T07001307A	mands-MS-T07001307A
MS-T07004780-LACIVERT-XL	MS-T07004780	mands-MS-T07004780
MS-T07000078-GRI-M	MS-T07000078	mands-MS-T07000078
MS-T07000570-GRI-M	MS-T07000570	mands-MS-T07000570
MS-T07001325A-LACIVERT-XL	qq	mands-MS-T07001325A
MS-T07000587-GRI-XL	MS-T07000590	mands-MS-T07000587
MS-T07004780-LACIVERT-S	MS-T07004780	mands-MS-T07004780
MS-T07004780-LACIVERT-XXL	MS-T07004780	mands-MS-T07004780
MS-T07000584-MAVI-XXL	MS-T07000584	mands-MS-T07000584
MS-T07004775-MAVI-L	MS-T07004775	mands-MS-T07004775
MS-T07000570-GRI-S	MS-T07000570	mands-MS-T07000570
MS-T07004780-LACIVERT-M	MS-T07004780	mands-MS-T07004780
MS-T07000078-GRI-XL	MS-T07000078	mands-MS-T07000078
MS-T07000584-MAVI-M	MS-T07000584	mands-MS-T07000584
MS-T07000584-MAVI-S	MS-T07000584	mands-MS-T07000584
MS-T07004780-SIYAH-S	MS-T07004780	mands-MS-T07004780
MS-T07003567-KOYUYESIL-XL	MS-T07003570	mands-MS-T07003567
MS-T07000097-LACIVERT-XXL	MS-T07000097	mands-MS-T07000097
MS-T07004780-LACIVERT-L	MS-T07004780	mands-MS-T07004780
MS-T07004780-SIYAH-XXL	MS-T07004780	mands-MS-T07004780
MS-T61004308T-LEOPAR-L	MS-T61004308T	mands-MS-T61004308T
MS-T61004054B-CREAM-36	MS-T61004054B	mands-MS-T61004054B
MS-T61008800F-MAVI-36	MS-T61008800F	mands-MS-T61008800F
MS-T61006101X-TURUNCU-40	MS-T61006101X	mands-MS-T61006101X
MS-T61006100X-TURUNCU-40	MS-T61006100X	mands-MS-T61006100X
MS-T61006206J-SIYAH-S	MS-T61006206J	mands-MS-T61006206J
MS-T61006101X-TURUNCU-36	MS-T61006101X	mands-MS-T61006101X
MS-T61007805B-MAVI-M	MS-T61007805B	mands-MS-T61007805B
MS-T61005390E-ACIK-BEJ-46	MS-T61005390E	mands-MS-T61005390E
MS-T61004308T-LEOPAR-XS	MS-T61004308T	mands-MS-T61004308T
MS-T61005102X-MAVI-YENI-36	MS-T61005102X	mands-MS-T61005102X
MS-T61008800F-MAVI-48	MS-T61008800F	mands-MS-T61008800F
MS-T61005184E-PEMBE-40	MS-T61005184E	mands-MS-T61005184E
MS-T61006101X-TURUNCU-46	MS-T61006101X	mands-MS-T61006101X
MS-T61008800F-MAVI-34	MS-T61008800F	mands-MS-T61008800F
MS-T61004054B-CREAM-40	MS-T61004054B	mands-MS-T61004054B
MS-T32006824-BEJ-40	MS-T32006824	mands-MS-T32006824
MS-T61006100X-TURUNCU-44	MS-T61006100X	mands-MS-T61006100X
MS-T61005184E-PEMBE-52	MS-T61005184E	mands-MS-T61005184E
MS-T61005184E-PEMBE-42	MS-T61005184E	mands-MS-T61005184E
MS-T61005184E-PEMBE-46	MS-T61005184E	mands-MS-T61005184E
MS-T61004308T-LEOPAR-XL	MS-T61004308T	mands-MS-T61004308T
MS-T61006101X-TURUNCU-38	MS-T61006101X	mands-MS-T61006101X
MS-T61004303G-BEYAZ-XL	MS-T61004303G	mands-MS-T61004303G
MS-T61005184S-PEMBE-42	MS-T61005184S	mands-MS-T61005184S
MS-T61004000I-BEJ-48	MS-T61004000I	mands-MS-T61004000I
MS-T61005184L-PEMBE-34	MS-T61005184L	mands-MS-T61005184L
MS-T61004054B-CREAM-50	MS-T61004054B	mands-MS-T61004054B
MS-T32006824-SIYAH-46	MS-T32006824	mands-MS-T32006824
MS-T61004308T-LEOPAR-S	MS-T61004308T	mands-MS-T61004308T
MS-T61004054B-CREAM-48	MS-T61004054B	mands-MS-T61004054B
MS-T61008802L-SIYAH-MIX-42	MS-T61008802L-SIYAH-MIX	mands-MS-T61008802L
MS-T61005184L-PEMBE-46	MS-T61005184L	mands-MS-T61005184L
MS-T61004054B-CREAM-42	MS-T61004054B	mands-MS-T61004054B
MS-T61006101X-TURUNCU-44	MS-T61006101X	mands-MS-T61006101X
MS-T61007805B-SARI-XL	MS-T61007805B	mands-MS-T61007805B
MS-T61006100X-TURUNCU-48	MS-T61006100X	mands-MS-T61006100X
MS-T61004303G-SARI-M	MS-T61004303G	mands-MS-T61004303G
MS-T61008800F-MAVI-52	MS-T61008800F	mands-MS-T61008800F
MS-T61005184B-PEMBE-40	MS-T61005184B	mands-MS-T61005184B
MS-T61006101X-TURUNCU-48	MS-T61006101X	mands-MS-T61006101X
MS-T61005184B-PEMBE-38	MS-T61005184B	mands-MS-T61005184B
MS-T61004000I-BEJ-34	MS-T61004000I	mands-MS-T61004000I
MS-T61005100X-ACIK-MAVI-48	MS-T61005100X	mands-MS-T61005100X
MS-T61004000I-BEJ-40	MS-T61004000I	mands-MS-T61004000I
MS-T61005184E-PEMBE-38	MS-T61005184E	mands-MS-T61005184E
MS-T61006206J-SIYAH-L	MS-T61006206J	mands-MS-T61006206J
MS-T61004000I-BEJ-42	MS-T61004000I	mands-MS-T61004000I
MS-T32006824-SIYAH-34	MS-T32006824	mands-MS-T32006824
MS-T61008800F-MAVI-40	MS-T61008800F	mands-MS-T61008800F
MS-T61008800F-MAVI-50	MS-T61008800F	mands-MS-T61008800F
MS-T61006100X-TURUNCU-50	MS-T61006100X	mands-MS-T61006100X
MS-T61005102X-MAVI-YENI-44	MS-T61005102X	mands-MS-T61005102X
MS-T61006100X-TURUNCU-34	MS-T61006100X	mands-MS-T61006100X
MS-T61008800F-MAVI-42	MS-T61008800F	mands-MS-T61008800F
MS-T61007805B-SARI-M	MS-T61007805B	mands-MS-T61007805B
MS-T61005102X-MAVI-YENI-52	MS-T61005102X	mands-MS-T61005102X
MS-T61004303G-SARI-XS	MS-T61004303G	mands-MS-T61004303G
MS-T61006101X-TURUNCU-42	MS-T61006101X	mands-MS-T61006101X
MS-T61005102X-MAVI-YENI-46	MS-T61005102X	mands-MS-T61005102X
MS-T61004000I-BEJ-50	MS-T61004000I	mands-MS-T61004000I
MS-T61007805B-SARI-S	MS-T61007805B	mands-MS-T61007805B
MS-T61005184L-PEMBE-50	MS-T61005184L	mands-MS-T61005184L
MS-T61005100X-ACIK-MAVI-44	MS-T61005100X	mands-MS-T61005100X
MS-T61005102X-MAVI-YENI-48	MS-T61005102X	mands-MS-T61005102X
MS-T61005390E-ACIK-BEJ-40	MS-T61005390E	mands-MS-T61005390E
MS-T61004054B-CREAM-34	MS-T61004054B	mands-MS-T61004054B
MS-T61004303G-BEYAZ-L	MS-T61004303G	mands-MS-T61004303G
MS-T61005184S-PEMBE-34	MS-T61005184S	mands-MS-T61005184S
MS-T61005184S-PEMBE-52	MS-T61005184S	mands-MS-T61005184S
MS-T61005184L-PEMBE-40	MS-T61005184L	mands-MS-T61005184L
MS-T32006824-SIYAH-50	MS-T32006824	mands-MS-T32006824
MS-T61005184L-PEMBE-38	MS-T61005184L	mands-MS-T61005184L
MS-T61007805B-MAVI-XS	MS-T61007805B	mands-MS-T61007805B
MS-T61005390E-ACIK-BEJ-48	MS-T61005390E	mands-MS-T61005390E
MS-T61005186F-MAVI-46	MS-T61005186F	mands-MS-T61005186F
MS-T61005100X-ACIK-MAVI-34	MS-T61005100X	mands-MS-T61005100X
MS-T61005186F-MAVI-34	MS-T61005186F	mands-MS-T61005186F
MS-T61008802L-SIYAH-MIX-48	MS-T61008802L-SIYAH-MIX	mands-MS-T61008802L
MS-T32006824-BEJ-36	MS-T32006824	mands-MS-T32006824
MS-T32006823-SIYAH-42	MS-T32006823	mands-MS-T32006823
MS-T61005390E-ACIK-BEJ-52	MS-T61005390E	mands-MS-T61005390E
MS-T32006824-BEJ-38	MS-T32006824	mands-MS-T32006824
MS-T61004000I-BEJ-46	MS-T61004000I	mands-MS-T61004000I
MS-T61005186F-MAVI-38	MS-T61005186F	mands-MS-T61005186F
MS-T61005102X-MAVI-YENI-40	MS-T61005102X	mands-MS-T61005102X
MS-T61005186F-MAVI-42	MS-T61005186F	mands-MS-T61005186F
MS-T61004303G-BEYAZ-XS	MS-T61004303G	mands-MS-T61004303G
MS-T61008800F-MAVI-38	MS-T61008800F	mands-MS-T61008800F
MS-T61005390E-ACIK-BEJ-42	MS-T61005390E	mands-MS-T61005390E
MS-T61004303G-BEYAZ-M	MS-T61004303G	mands-MS-T61004303G
MS-T61005100X-ACIK-MAVI-50	MS-T61005100X	mands-MS-T61005100X
MS-T61008800F-MAVI-44	MS-T61008800F	mands-MS-T61008800F
MS-T61006100X-TURUNCU-52	MS-T61006100X	mands-MS-T61006100X
MS-T61005100X-ACIK-MAVI-42	MS-T61005100X	mands-MS-T61005100X
MS-T61007805B-SARI-XS	MS-T61007805B	mands-MS-T61007805B
MS-T61004303G-SARI-L	MS-T61004303G	mands-MS-T61004303G
MS-T61007805B-MAVI-S	MS-T61007805B	mands-MS-T61007805B
MS-T61004282E-BEJ-52	MS-T61004282E	mands-MS-T61004282E
MS-T61008802L-SIYAH-MIX-46	MS-T61008802L-SIYAH-MIX	mands-MS-T61008802L
MS-T61004282E-BEJ-36	MS-T61004282E	mands-MS-T61004282E
MS-T32006824-SIYAH-44	MS-T32006824	mands-MS-T32006824
MS-T61004282E-BEJ-42	MS-T61004282E	mands-MS-T61004282E
MS-T61008802L-SIYAH-MIX-50	MS-T61008802L-SIYAH-MIX	mands-MS-T61008802L
MS-T61005184B-PEMBE-46	MS-T61005184B	mands-MS-T61005184B
MS-T32006824-BEJ-34	MS-T32006824	mands-MS-T32006824
MS-T61006100X-TURUNCU-46	MS-T61006100X	mands-MS-T61006100X
MS-T61006206J-SIYAH-XS	MS-T61006206J	mands-MS-T61006206J
MS-T61005184S-PEMBE-48	MS-T61005184S	mands-MS-T61005184S
MS-T61005102X-MAVI-YENI-50	MS-T61005102X	mands-MS-T61005102X
MS-T61004000I-BEJ-38	MS-T61004000I	mands-MS-T61004000I
MS-T61004000I-BEJ-44	MS-T61004000I	mands-MS-T61004000I
MS-T32006823-SIYAH-36	MS-T32006823	mands-MS-T32006823
MS-T32006823-SIYAH-34	MS-T32006823	mands-MS-T32006823
MS-T61005390E-ACIK-BEJ-38	MS-T61005390E	mands-MS-T61005390E
MS-T61005186L-MAVI-38	MS-T61005186L	mands-MS-T61005186L
MS-T61005100X-ACIK-MAVI-46	MS-T61005100X	mands-MS-T61005100X
MS-T61004282E-BEJ-34	MS-T61004282E	mands-MS-T61004282E
MS-T61005186F-MAVI-40	MS-T61005186F	mands-MS-T61005186F
MS-T61005184E-PEMBE-36	MS-T61005184E	mands-MS-T61005184E
MS-T61007805B-SARI-L	MS-T61007805B	mands-MS-T61007805B
MS-T61005186F-MAVI-52	MS-T61005186F	mands-MS-T61005186F
MS-T61008800N-SIYAH-MIX-48	MS-T61008802L-SIYAH-MIX	mands-MS-T61008800N
MS-T61005390E-ACIK-BEJ-44	MS-T61005390E	mands-MS-T61005390E
MS-T32006823-SIYAH-52	MS-T32006823	mands-MS-T32006823
MS-T61006100X-TURUNCU-38	MS-T61006100X	mands-MS-T61006100X
MS-T61007805B-MAVI-L	MS-T61007805B	mands-MS-T61007805B
MS-T61005186L-MAVI-36	MS-T61005186L	mands-MS-T61005186L
MS-T61005184S-PEMBE-50	MS-T61005184S	mands-MS-T61005184S
MS-T32006823-KAHVE-52	MS-T32006823	mands-MS-T32006823
MS-T61006100X-TURUNCU-42	MS-T61006100X	mands-MS-T61006100X
MS-T61005184S-PEMBE-44	MS-T61005184S	mands-MS-T61005184S
MS-T61005102X-MAVI-YENI-38	MS-T61005102X	mands-MS-T61005102X
MS-T61004308T-LEOPAR-M	MS-T61004308T	mands-MS-T61004308T
MS-T61005184S-PEMBE-40	MS-T61005184S	mands-MS-T61005184S
MS-T61005184E-PEMBE-34	MS-T61005184E	mands-MS-T61005184E
MS-T32006823-KAHVE-42	MS-T32006823	mands-MS-T32006823
MS-T61004303G-BEYAZ-S	MS-T61004303G	mands-MS-T61004303G
MS-T32006824-SIYAH-52	MS-T32006824	mands-MS-T32006824
MS-T61005186F-MAVI-36	MS-T61005186F	mands-MS-T61005186F
MS-T32006824-SIYAH-40	MS-T32006824	mands-MS-T32006824
MS-T61008800F-MAVI-46	MS-T61008800F	mands-MS-T61008800F
MS-T61008802L-SIYAH-MIX-36	MS-T61008802L-SIYAH-MIX	mands-MS-T61008802L
MS-T61005100X-ACIK-MAVI-36	MS-T61005100X	mands-MS-T61005100X
MS-T61005100X-ACIK-MAVI-38	MS-T61005100X	mands-MS-T61005100X
MS-T61008800N-SIYAH-MIX-36	MS-T61008802L-SIYAH-MIX	mands-MS-T61008800N
MS-T61005390E-ACIK-BEJ-34	MS-T61005390E	mands-MS-T61005390E
MS-T32006824-BEJ-48	MS-T32006824	mands-MS-T32006824
MS-T61004303G-SARI-S	MS-T61004303G	mands-MS-T61004303G
MS-T61005186L-MAVI-44	MS-T61005186L	mands-MS-T61005186L
MS-T61005184L-PEMBE-42	MS-T61005184L	mands-MS-T61005184L
MS-T61006101X-TURUNCU-50	MS-T61006101X	mands-MS-T61006101X
MS-T61005184L-PEMBE-44	MS-T61005184L	mands-MS-T61005184L
MS-T61005186F-MAVI-48	MS-T61005186F	mands-MS-T61005186F
MS-T61005184L-PEMBE-52	MS-T61005184L	mands-MS-T61005184L
MS-T61008800N-SIYAH-MIX-52	MS-T61008802L-SIYAH-MIX	mands-MS-T61008800N
MS-T61004282E-BEJ-48	MS-T61004282E	mands-MS-T61004282E
MS-T61005184S-PEMBE-46	MS-T61005184S	mands-MS-T61005184S
MS-T61005184S-PEMBE-38	MS-T61005184S	mands-MS-T61005184S
MS-T61004000I-BEJ-52	MS-T61004000I	mands-MS-T61004000I
MS-T32006824-SIYAH-48	MS-T32006824	mands-MS-T32006824
MS-T61006206J-SIYAH-M	MS-T61006206J	mands-MS-T61006206J
MS-T32006823-KAHVE-34	MS-T32006823	mands-MS-T32006823
MS-T61005390E-ACIK-BEJ-36	MS-T61005390E	mands-MS-T61005390E
MS-T32006824-BEJ-44	MS-T32006824	mands-MS-T32006824
MS-T61005184L-PEMBE-48	MS-T61005184L	mands-MS-T61005184L
MS-T61005186L-MAVI-52	MS-T61005186L	mands-MS-T61005186L
MS-T32006823-KAHVE-40	MS-T32006823	mands-MS-T32006823
MS-T61008800N-SIYAH-MIX-44	MS-T61008802L-SIYAH-MIX	mands-MS-T61008800N
MS-T61004054B-CREAM-44	MS-T61004054B	mands-MS-T61004054B
MS-T61005100X-ACIK-MAVI-52	MS-T61005100X	mands-MS-T61005100X
MS-T61005184B-PEMBE-34	MS-T61005184B	mands-MS-T61005184B
MS-T61005184B-PEMBE-52	MS-T61005184B	mands-MS-T61005184B
MS-T61008800N-SIYAH-MIX-34	MS-T61008802L-SIYAH-MIX	mands-MS-T61008800N
MS-T61004282E-BEJ-38	MS-T61004282E	mands-MS-T61004282E
MS-T61005186L-MAVI-40	MS-T61005186L	mands-MS-T61005186L
MS-T61005186L-MAVI-34	MS-T61005186L	mands-MS-T61005186L
MS-T61005186L-MAVI-48	MS-T61005186L	mands-MS-T61005186L
MS-T61005102X-MAVI-YENI-34	MS-T61005102X	mands-MS-T61005102X
MS-T61005184E-PEMBE-48	MS-T61005184E	mands-MS-T61005184E
MS-T61005184E-PEMBE-50	MS-T61005184E	mands-MS-T61005184E
MS-T32006824-BEJ-46	MS-T32006824	mands-MS-T32006824
MS-T61004054B-CREAM-46	MS-T61004054B	mands-MS-T61004054B
MS-T61004303G-SARI-XL	MS-T61004303G	mands-MS-T61004303G
MS-T32006823-KAHVE-46	MS-T32006823	mands-MS-T32006823
MS-T61008800N-SIYAH-MIX-50	MS-T61008802L-SIYAH-MIX	mands-MS-T61008800N
MS-T61008802L-SIYAH-MIX-40	MS-T61008802L-SIYAH-MIX	mands-MS-T61008802L
MS-T32006823-SIYAH-46	MS-T32006823	mands-MS-T32006823
MS-T61005184B-PEMBE-48	MS-T61005184B	mands-MS-T61005184B
MS-T61008800N-SIYAH-MIX-46	MS-T61008802L-SIYAH-MIX	mands-MS-T61008800N
MS-T32006824-SIYAH-38	MS-T32006824	mands-MS-T32006824
MS-T32006823-KAHVE-50	MS-T32006823	mands-MS-T32006823
MS-T61008802L-SIYAH-MIX-38	MS-T61008802L-SIYAH-MIX	mands-MS-T61008802L
MS-T61005184S-PEMBE-36	MS-T61005184S	mands-MS-T61005184S
MS-T61006101X-TURUNCU-34	MS-T61006101X	mands-MS-T61006101X
MS-T61004282E-BEJ-50	MS-T61004282E	mands-MS-T61004282E
MS-T61006100X-TURUNCU-36	MS-T61006100X	mands-MS-T61006100X
MS-T61004054B-CREAM-52	MS-T61004054B	mands-MS-T61004054B
MS-T61004054B-CREAM-38	MS-T61004054B	mands-MS-T61004054B
MS-T61005100X-ACIK-MAVI-40	MS-T61005100X	mands-MS-T61005100X
MS-T32006824-SIYAH-36	MS-T32006824	mands-MS-T32006824
MS-T61005186F-MAVI-50	MS-T61005186F	mands-MS-T61005186F
MS-T61004282E-BEJ-46	MS-T61004282E	mands-MS-T61004282E
MS-T61008800N-SIYAH-MIX-40	MS-T61008802L-SIYAH-MIX	mands-MS-T61008800N
MS-T61008800N-SIYAH-MIX-38	MS-T61008802L-SIYAH-MIX	mands-MS-T61008800N
MS-T32006824-BEJ-50	MS-T32006824	mands-MS-T32006824
MS-T32006823-SIYAH-44	MS-T32006823	mands-MS-T32006823
MS-T32006823-SIYAH-38	MS-T32006823	mands-MS-T32006823
MS-T32006824-BEJ-42	MS-T32006824	mands-MS-T32006824
MS-T61005184B-PEMBE-36	MS-T61005184B	mands-MS-T61005184B
MS-T61005184L-PEMBE-36	MS-T61005184L	mands-MS-T61005184L
MS-T32006823-SIYAH-50	MS-T32006823	mands-MS-T32006823
MS-T32006823-KAHVE-36	MS-T32006823	mands-MS-T32006823
MS-T32006823-KAHVE-38	MS-T32006823	mands-MS-T32006823
MS-T61005186F-MAVI-44	MS-T61005186F	mands-MS-T61005186F
MS-T61006101X-TURUNCU-52	MS-T61006101X	mands-MS-T61006101X
MS-T61008802L-SIYAH-MIX-52	MS-T61008802L-SIYAH-MIX	mands-MS-T61008802L
MS-T61005102X-MAVI-YENI-42	MS-T61005102X	mands-MS-T61005102X
MS-T61007805B-MAVI-XL	MS-T61007805B	mands-MS-T61007805B
MS-T32006823-SIYAH-40	MS-T32006823	mands-MS-T32006823
MS-T61004282E-BEJ-44	MS-T61004282E	mands-MS-T61004282E
MS-T61008802L-SIYAH-MIX-34	MS-T61008802L-SIYAH-MIX	mands-MS-T61008802L
MS-T61005186L-MAVI-46	MS-T61005186L	mands-MS-T61005186L
MS-T61005186L-MAVI-42	MS-T61005186L	mands-MS-T61005186L
MS-T61005184B-PEMBE-42	MS-T61005184B	mands-MS-T61005184B
MS-T32006824-BEJ-52	MS-T32006824	mands-MS-T32006824
MS-T61005184E-PEMBE-44	MS-T61005184E	mands-MS-T61005184E
MS-T61008802L-SIYAH-MIX-44	MS-T61008802L-SIYAH-MIX	mands-MS-T61008802L
MS-T61004282E-BEJ-40	MS-T61004282E	mands-MS-T61004282E
MS-T32006823-KAHVE-48	MS-T32006823	mands-MS-T32006823
MS-T61004000I-BEJ-36	MS-T61004000I	mands-MS-T61004000I
MS-T61005390E-ACIK-BEJ-50	MS-T61005390E	mands-MS-T61005390E
MS-T61005186L-MAVI-50	MS-T61005186L	mands-MS-T61005186L
MS-T61005184B-PEMBE-44	MS-T61005184B	mands-MS-T61005184B
MS-T32006823-SIYAH-48	MS-T32006823	mands-MS-T32006823
MS-T61008800N-SIYAH-MIX-42	MS-T61008802L-SIYAH-MIX	mands-MS-T61008800N
MS-T32006824-SIYAH-42	MS-T32006824	mands-MS-T32006824
MS-T32006823-KAHVE-44	MS-T32006823	mands-MS-T32006823
MS-T61005184B-PEMBE-50	MS-T61005184B	mands-MS-T61005184B
MS-T61004040I-SIYAH-36	MS-T61004040I	mands-MS-T61004040I
MS-T61004858-BEJ-52	MS-T61004858	mands-MS-T61004858
MS-T61004000I-GRI-42	MS-T61004000I	mands-MS-T61004000I
MS-T61004958J-KAHVE-36	MS-T61004958J	mands-MS-T61004958J
MS-T61004040I-BEJ-36	MS-T61004040I	mands-MS-T61004040I
MS-T61004040I-SIYAH-34	MS-T61004040I	mands-MS-T61004040I
MS-T61004958J-BEYAZ-36	MS-T61004958J	mands-MS-T61004958J
MS-T61008800F-TURUNCU-38	MS-T61008800F	mands-MS-T61008800F
MS-T61004040I-BEJ-48	MS-T61004040I	mands-MS-T61004040I
MS-T61004000I-KREM-48	MS-T61004000I	mands-MS-T61004000I
MS-T61004054B-KAHVE-52	MS-T61004054B	mands-MS-T61004054B
MS-T61004858-BEJ-48	MS-T61004858	mands-MS-T61004858
MS-T61004054B-KAHVE-50	MS-T61004054B	mands-MS-T61004054B
MS-T61004113E-BEJ-50	MS-T61004113E	mands-MS-T61004113E
MS-T61005184B-KIRMIZI-40	MS-T61005184B	mands-MS-T61005184B
MS-T61004040I-SIYAH-40	MS-T61004040I	mands-MS-T61004040I
MS-T61005184B-KIRMIZI-48	MS-T61005184B	mands-MS-T61005184B
MS-T61005184E-KIRMIZI-36	MS-T61005184E	mands-MS-T61005184E
MS-T61004842B-KREM-36	MS-T61004842B	mands-MS-T61004842B
MS-T61004958J-BEYAZ-50	MS-T61004958J	mands-MS-T61004958J
MS-T61004958J-BEYAZ-44	MS-T61004958J	mands-MS-T61004958J
MS-T61004958J-KAHVE-34	MS-T61004958J	mands-MS-T61004958J
MS-T61004000I-KREM-34	MS-T61004000I	mands-MS-T61004000I
MS-T61005184E-KIRMIZI-34	MS-T61005184E	mands-MS-T61005184E
MS-T61004958J-KAHVE-42	MS-T61004958J	mands-MS-T61004958J
MS-T61008800F-TURUNCU-36	MS-T61008800F	mands-MS-T61008800F
MS-T61004000I-KREM-46	MS-T61004000I	mands-MS-T61004000I
MS-T61004858-BEJ-38	MS-T61004858	mands-MS-T61004858
MS-T61004842B-KREM-46	MS-T61004842B	mands-MS-T61004842B
MS-T61004054B-KAHVE-34	MS-T61004054B	mands-MS-T61004054B
MS-T61004858-BEJ-50	MS-T61004858	mands-MS-T61004858
MS-T61004000I-GRI-52	MS-T61004000I	mands-MS-T61004000I
MS-T61004000I-GRI-38	MS-T61004000I	mands-MS-T61004000I
MS-T61004000I-GRI-40	MS-T61004000I	mands-MS-T61004000I
MS-T61004040I-BEJ-40	MS-T61004040I	mands-MS-T61004040I
MS-T61008802L-TURUNCU-46	MS-T61008802L	mands-MS-T61008802L
MS-T61008800F-SIYAH-MIX-48	MS-T61008800F	mands-MS-T61008800F
MS-T61004054B-KAHVE-42	MS-T61004054B	mands-MS-T61004054B
MS-T61008800F-SIYAH-MIX-50	MS-T61008800F	mands-MS-T61008800F
MS-T61008802L-TURUNCU-44	MS-T61008802L	mands-MS-T61008802L
MS-T61004842B-KREM-38	MS-T61004842B	mands-MS-T61004842B
MS-T61005184E-KIRMIZI-46	MS-T61005184E	mands-MS-T61005184E
MS-T61005184F-KIRMIZI-42	MS-T61005184F	mands-MS-T61005184F
MS-T61005184E-KIRMIZI-52	MS-T61005184E	mands-MS-T61005184E
MS-T61004000I-GRI-36	MS-T61004000I	mands-MS-T61004000I
MS-T61004040I-BEJ-52	MS-T61004040I	mands-MS-T61004040I
MS-T61004858-BEJ-40	MS-T61004858	mands-MS-T61004858
MS-T61008800F-TURUNCU-44	MS-T61008800F	mands-MS-T61008800F
MS-T61005184B-KIRMIZI-50	MS-T61005184B	mands-MS-T61005184B
MS-T61005184B-KIRMIZI-44	MS-T61005184B	mands-MS-T61005184B
MS-T61004958J-KAHVE-44	MS-T61004958J	mands-MS-T61004958J
MS-T61008802L-MAVI-40	MS-T61008802L	mands-MS-T61008802L
MS-T61005184E-KIRMIZI-48	MS-T61005184E	mands-MS-T61005184E
MS-T61004054B-KAHVE-44	MS-T61004054B	mands-MS-T61004054B
MS-T61004040I-SIYAH-46	MS-T61004040I	mands-MS-T61004040I
MS-T61004054B-KAHVE-46	MS-T61004054B	mands-MS-T61004054B
MS-T61008800F-SIYAH-MIX-34	MS-T61008800F	mands-MS-T61008800F
MS-T61004842B-KREM-40	MS-T61004842B	mands-MS-T61004842B
MS-T61005184E-KIRMIZI-40	MS-T61005184E	mands-MS-T61005184E
MS-T61008802L-TURUNCU-36	MS-T61008802L	mands-MS-T61008802L
MS-T61005184E-KIRMIZI-50	MS-T61005184E	mands-MS-T61005184E
MS-T61004000I-KREM-40	MS-T61004000I	mands-MS-T61004000I
MS-T61004040I-BEJ-34	MS-T61004040I	mands-MS-T61004040I
MS-T61008800F-SIYAH-MIX-40	MS-T61008800F	mands-MS-T61008800F
MS-T61005022M-BEYAZ-36	MS-T61005022M	mands-MS-T61005022M
MS-T61004958J-SIYAH-44	MS-T61004958J	mands-MS-T61004958J
MS-T61008800F-SIYAH-MIX-44	MS-T61008800F	mands-MS-T61008800F
MS-T61005184B-KIRMIZI-38	MS-T61005184B	mands-MS-T61005184B
MS-T61008802L-MAVI-38	MS-T61008802L	mands-MS-T61008802L
MS-T61004958J-KAHVE-50	MS-T61004958J	mands-MS-T61004958J
MS-T61005022M-BEYAZ-40	MS-T61005022M	mands-MS-T61005022M
MS-T61005184F-KIRMIZI-40	MS-T61005184F	mands-MS-T61005184F
MS-T61008802L-TURUNCU-40	MS-T61008802L	mands-MS-T61008802L
MS-T61004958J-SIYAH-46	MS-T61004958J	mands-MS-T61004958J
MS-T61004858-BEJ-46	MS-T61004858	mands-MS-T61004858
MS-T61004958J-KAHVE-40	MS-T61004958J	mands-MS-T61004958J
MS-T61004040I-SIYAH-42	MS-T61004040I	mands-MS-T61004040I
MS-T61004000I-KREM-36	MS-T61004000I	mands-MS-T61004000I
MS-T61004000I-KREM-44	MS-T61004000I	mands-MS-T61004000I
MS-T61004054B-KAHVE-38	MS-T61004054B	mands-MS-T61004054B
MS-T61004958J-SIYAH-34	MS-T61004958J	mands-MS-T61004958J
MS-T61004958J-BEYAZ-38	MS-T61004958J	mands-MS-T61004958J
MS-T61004958T-KAHVE-40	MS-T61004958T	mands-MS-T61004958T
MS-T61004858-BEJ-34	MS-T61004858	mands-MS-T61004858
MS-T61005184B-SIYAH-42	MS-T61005184B	mands-MS-T61005184B
MS-T61008800F-TURUNCU-48	MS-T61008800F	mands-MS-T61008800F
MS-T61004000I-KREM-42	MS-T61004000I	mands-MS-T61004000I
MS-T61004000I-GRI-44	MS-T61004000I	mands-MS-T61004000I
MS-T61004054B-KAHVE-48	MS-T61004054B	mands-MS-T61004054B
MS-T61004958J-KAHVE-52	MS-T61004958J	mands-MS-T61004958J
MS-T61008802L-TURUNCU-42	MS-T61008802L	mands-MS-T61008802L
MS-T61005184B-KIRMIZI-34	MS-T61005184B	mands-MS-T61005184B
MS-T61005022M-BEYAZ-48	MS-T61005022M	mands-MS-T61005022M
MS-T61004106-SIYAH-48	MS-T61004106	mands-MS-T61004106
MS-T61004282E-KREM-40	MS-T61004282E	mands-MS-T61004282E
MS-T61004958T-KAHVE-36	MS-T61004958T	mands-MS-T61004958T
MS-T61004282E-KREM-50	MS-T61004282E	mands-MS-T61004282E
MS-T61004958T-KAHVE-48	MS-T61004958T	mands-MS-T61004958T
MS-T61005022M-BEYAZ-34	MS-T61005022M	mands-MS-T61005022M
MS-T61008800F-SIYAH-MIX-42	MS-T61008800F	mands-MS-T61008800F
MS-T61005184F-KIRMIZI-44	MS-T61005184F	mands-MS-T61005184F
MS-T61005022M-BEYAZ-42	MS-T61005022M	mands-MS-T61005022M
MS-T61004958J-SIYAH-50	MS-T61004958J	mands-MS-T61004958J
MS-T61004958J-SIYAH-48	MS-T61004958J	mands-MS-T61004958J
MS-T61004000I-GRI-48	MS-T61004000I	mands-MS-T61004000I
MS-T61008802L-TURUNCU-34	MS-T61008802L	mands-MS-T61008802L
MS-T61005184B-SIYAH-36	MS-T61005184B	mands-MS-T61005184B
MS-T61004113E-BEJ-34	MS-T61004113E	mands-MS-T61004113E
MS-T61008802L-MAVI-48	MS-T61008802L	mands-MS-T61008802L
MS-T61004842B-KREM-42	MS-T61004842B	mands-MS-T61004842B
MS-T61008800F-SIYAH-MIX-36	MS-T61008800F	mands-MS-T61008800F
MS-T61004040I-SIYAH-52	MS-T61004040I	mands-MS-T61004040I
MS-T61008802L-MAVI-50	MS-T61008802L	mands-MS-T61008802L
MS-T61004958J-KAHVE-48	MS-T61004958J	mands-MS-T61004958J
MS-T61005184B-KIRMIZI-46	MS-T61005184B	mands-MS-T61005184B
MS-T61004000I-KREM-50	MS-T61004000I	mands-MS-T61004000I
MS-T61005184E-KIRMIZI-38	MS-T61005184E	mands-MS-T61005184E
MS-T61005184E-KIRMIZI-44	MS-T61005184E	mands-MS-T61005184E
MS-T61008800F-TURUNCU-40	MS-T61008800F	mands-MS-T61008800F
MS-T61008800F-TURUNCU-50	MS-T61008800F	mands-MS-T61008800F
MS-T61004958J-KAHVE-38	MS-T61004958J	mands-MS-T61004958J
MS-T61008800F-TURUNCU-52	MS-T61008800F	mands-MS-T61008800F
MS-T61004000I-GRI-46	MS-T61004000I	mands-MS-T61004000I
MS-T61008800F-TURUNCU-46	MS-T61008800F	mands-MS-T61008800F
MS-T61004040I-SIYAH-44	MS-T61004040I	mands-MS-T61004040I
MS-T61004842B-KREM-52	MS-T61004842B	mands-MS-T61004842B
MS-T61004842B-KREM-48	MS-T61004842B	mands-MS-T61004842B
MS-T61004113E-BEJ-36	MS-T61004113E	mands-MS-T61004113E
MS-T61008800F-SIYAH-MIX-52	MS-T61008800F	mands-MS-T61008800F
MS-T61004113E-BEJ-38	MS-T61004113E	mands-MS-T61004113E
MS-T61004958J-SIYAH-38	MS-T61004958J	mands-MS-T61004958J
MS-T61004000I-KREM-38	MS-T61004000I	mands-MS-T61004000I
MS-T61008802L-TURUNCU-38	MS-T61008802L	mands-MS-T61008802L
MS-T61004958J-BEYAZ-42	MS-T61004958J	mands-MS-T61004958J
MS-T61005184F-KIRMIZI-38	MS-T61005184F	mands-MS-T61005184F
MS-T61005184F-KIRMIZI-34	MS-T61005184F	mands-MS-T61005184F
MS-T61005184B-SIYAH-52	MS-T61005184B	mands-MS-T61005184B
MS-T61004106-SIYAH-50	MS-T61004106	mands-MS-T61004106
MS-T61004106-SIYAH-34	MS-T61004106	mands-MS-T61004106
MS-T61008802L-TURUNCU-50	MS-T61008802L	mands-MS-T61008802L
MS-T61004040I-SIYAH-38	MS-T61004040I	mands-MS-T61004040I
MS-T61004958J-BEYAZ-46	MS-T61004958J	mands-MS-T61004958J
MS-T61004106-SIYAH-52	MS-T61004106	mands-MS-T61004106
MS-T61008802L-TURUNCU-52	MS-T61008802L	mands-MS-T61008802L
MS-T61004958T-KAHVE-44	MS-T61004958T	mands-MS-T61004958T
MS-T61004282E-KREM-34	MS-T61004282E	mands-MS-T61004282E
MS-T61008802L-MAVI-36	MS-T61008802L	mands-MS-T61008802L
MS-T61004040I-SIYAH-48	MS-T61004040I	mands-MS-T61004040I
MS-T61004000I-GRI-50	MS-T61004000I	mands-MS-T61004000I
MS-T61004040I-BEJ-50	MS-T61004040I	mands-MS-T61004040I
MS-T61004040I-BEJ-46	MS-T61004040I	mands-MS-T61004040I
MS-T61005184F-KIRMIZI-48	MS-T61005184F	mands-MS-T61005184F
MS-T61005184B-KIRMIZI-52	MS-T61005184B	mands-MS-T61005184B
MS-T61004040I-SIYAH-50	MS-T61004040I	mands-MS-T61004040I
MS-T61004000I-GRI-34	MS-T61004000I	mands-MS-T61004000I
MS-T61004958T-KAHVE-38	MS-T61004958T	mands-MS-T61004958T
MS-T61004858-BEJ-42	MS-T61004858	mands-MS-T61004858
MS-T61004842B-KREM-50	MS-T61004842B	mands-MS-T61004842B
MS-T61008800F-TURUNCU-42	MS-T61008800F	mands-MS-T61008800F
MS-T61005184B-SIYAH-40	MS-T61005184B	mands-MS-T61005184B
MS-T61008802L-MAVI-42	MS-T61008802L	mands-MS-T61008802L
MS-T61004958J-KAHVE-46	MS-T61004958J	mands-MS-T61004958J
MS-T61004106-SIYAH-36	MS-T61004106	mands-MS-T61004106
MS-T61004282E-KREM-36	MS-T61004282E	mands-MS-T61004282E
MS-T61004282E-KREM-46	MS-T61004282E	mands-MS-T61004282E
MS-T61004040I-BEJ-44	MS-T61004040I	mands-MS-T61004040I
MS-T61005184B-KIRMIZI-42	MS-T61005184B	mands-MS-T61005184B
MS-T61004958J-BEYAZ-48	MS-T61004958J	mands-MS-T61004958J
MS-T61004958T-KAHVE-46	MS-T61004958T	mands-MS-T61004958T
MS-T61004958J-SIYAH-52	MS-T61004958J	mands-MS-T61004958J
MS-T61005184B-SIYAH-50	MS-T61005184B	mands-MS-T61005184B
MS-T61004958J-BEYAZ-40	MS-T61004958J	mands-MS-T61004958J
MS-T61008802L-TURUNCU-48	MS-T61008802L	mands-MS-T61008802L
MS-T61008800F-TURUNCU-34	MS-T61008800F	mands-MS-T61008800F
MS-T61004106-SIYAH-42	MS-T61004106	mands-MS-T61004106
MS-T61004958J-BEYAZ-34	MS-T61004958J	mands-MS-T61004958J
MS-T61005184B-SIYAH-38	MS-T61005184B	mands-MS-T61005184B
MS-T61004958T-KAHVE-34	MS-T61004958T	mands-MS-T61004958T
MS-T61004858-BEJ-44	MS-T61004858	mands-MS-T61004858
MS-T61004958T-KAHVE-50	MS-T61004958T	mands-MS-T61004958T
MS-T61004113E-BEJ-48	MS-T61004113E	mands-MS-T61004113E
MS-T61004113E-BEJ-52	MS-T61004113E	mands-MS-T61004113E
MS-T61005022M-BEYAZ-38	MS-T61005022M	mands-MS-T61005022M
MS-T61008800F-SIYAH-MIX-38	MS-T61008800F	mands-MS-T61008800F
MS-T61004958T-KAHVE-52	MS-T61004958T	mands-MS-T61004958T
MS-T61004113E-BEJ-46	MS-T61004113E	mands-MS-T61004113E
MS-T61008802L-MAVI-34	MS-T61008802L	mands-MS-T61008802L
MS-T61004054B-KAHVE-36	MS-T61004054B	mands-MS-T61004054B
MS-T61004958J-SIYAH-40	MS-T61004958J	mands-MS-T61004958J
MS-T61005184F-KIRMIZI-52	MS-T61005184F	mands-MS-T61005184F
MS-T61004106-SIYAH-38	MS-T61004106	mands-MS-T61004106
MS-T61004282E-KREM-48	MS-T61004282E	mands-MS-T61004282E
MS-T61005184B-SIYAH-48	MS-T61005184B	mands-MS-T61005184B
MS-T61004000I-KREM-52	MS-T61004000I	mands-MS-T61004000I
MS-T61005184F-KIRMIZI-46	MS-T61005184F	mands-MS-T61005184F
MS-T61004054B-KAHVE-40	MS-T61004054B	mands-MS-T61004054B
MS-T61004842B-KREM-44	MS-T61004842B	mands-MS-T61004842B
MS-T61004282E-KREM-44	MS-T61004282E	mands-MS-T61004282E
MS-T61004958J-SIYAH-42	MS-T61004958J	mands-MS-T61004958J
MS-T61004958J-SIYAH-36	MS-T61004958J	mands-MS-T61004958J
MS-T61008802L-MAVI-44	MS-T61008802L	mands-MS-T61008802L
MS-T61004113E-BEJ-42	MS-T61004113E	mands-MS-T61004113E
MS-T61004040I-BEJ-38	MS-T61004040I	mands-MS-T61004040I
MS-T61004040I-BEJ-42	MS-T61004040I	mands-MS-T61004040I
MS-T61004958T-KAHVE-42	MS-T61004958T	mands-MS-T61004958T
MS-T61005184B-SIYAH-44	MS-T61005184B	mands-MS-T61005184B
MS-T61008800F-SIYAH-MIX-46	MS-T61008800F	mands-MS-T61008800F
MS-T61005184F-KIRMIZI-36	MS-T61005184F	mands-MS-T61005184F
MS-T61005184B-SIYAH-34	MS-T61005184B	mands-MS-T61005184B
MS-T61004282E-KREM-38	MS-T61004282E	mands-MS-T61004282E
MS-T61004842B-KREM-34	MS-T61004842B	mands-MS-T61004842B
MS-T61005184B-KIRMIZI-36	MS-T61005184B	mands-MS-T61005184B
MS-T61004113E-BEJ-44	MS-T61004113E	mands-MS-T61004113E
MS-T61005022M-BEYAZ-44	MS-T61005022M	mands-MS-T61005022M
MS-T61004858-BEJ-36	MS-T61004858	mands-MS-T61004858
MS-T61005184E-KIRMIZI-42	MS-T61005184E	mands-MS-T61005184E
MS-T61008802L-MAVI-46	MS-T61008802L	mands-MS-T61008802L
MS-T61005022M-BEYAZ-50	MS-T61005022M	mands-MS-T61005022M
MS-T61005022M-BEYAZ-46	MS-T61005022M	mands-MS-T61005022M
MS-T61004106-SIYAH-40	MS-T61004106	mands-MS-T61004106
MS-T61005184F-KIRMIZI-50	MS-T61005184F	mands-MS-T61005184F
MS-T61004282E-KREM-52	MS-T61004282E	mands-MS-T61004282E
MS-T61004282E-KREM-42	MS-T61004282E	mands-MS-T61004282E
MS-T61004113E-BEJ-40	MS-T61004113E	mands-MS-T61004113E
MS-T61005022M-BEYAZ-52	MS-T61005022M	mands-MS-T61005022M
MS-T61004106-SIYAH-46	MS-T61004106	mands-MS-T61004106
MS-T61004958J-BEYAZ-52	MS-T61004958J	mands-MS-T61004958J
MS-T61004106-SIYAH-44	MS-T61004106	mands-MS-T61004106
MS-T61008802L-MAVI-52	MS-T61008802L	mands-MS-T61008802L
MS-T61005184B-SIYAH-46	MS-T61005184B	mands-MS-T61005184B
MS-T14005401A-MAVI-MIX-M	MS-T14005401A	mands-MS-T14005401A
MS-T14006140A-MULTI-XL	MS-T14006140A	mands-MS-T14006140A
MS-T14006143A-RENKSIZ-M	MS-T14006143A	mands-MS-T14006143A
MS-T14004833S-LACIVERT-L	MS-T14004833S	mands-MS-T14004833S
MS-T14005404A-MULTI-XL	MS-T14005404A	mands-MS-T14005404A
MS-T14004922S-MAVI-L	MS-T14004922S	mands-MS-T14004922S
MS-T14005401A-MAVI-MIX-XL	MS-T14005401A	mands-MS-T14005401A
MS-T14005404A-MULTI-XXL	MS-T14005404A	mands-MS-T14005404A
MS-T14003962-MAVI-MIX-XXL	MS-T14003962	mands-MS-T14003962
MS-T14005406I-SIYAH-MIX-XXL	MS-T14005406I	mands-MS-T14005406I
MS-T14004829S-SIYAH-XL	MS-T14004829S	mands-MS-T14004829S
MS-T14005404A-MULTI-S	MS-T14005404A	mands-MS-T14005404A
MS-T14005107S-SIYAH-S	MS-T14005107S	mands-MS-T14005107S
MS-T14005107S-MAVI-S	MS-T14005107S	mands-MS-T14005107S
MS-T14002558F-MAVI-L	MS-T14002558F	mands-MS-T14002558F
MS-T14004920S-MULTI-XL	MS-T14004920S	mands-MS-T14004920S
MS-T14006814S-LACIVERT-XL	MS-T14006814S	mands-MS-T14006814S
MS-T14004830S-LACIVERT-XL	MS-T14004830S	mands-MS-T14004830S
MS-T14003005A-MAVI-M	MS-T14003005A	mands-MS-T14003005A
MS-T14004833S-LACIVERT-XL	MS-T14004833S	mands-MS-T14004833S
MS-T14004918S-LACIVERT-S	MS-T14004918S	mands-MS-T14004918S
MS-T14005402A-YESIL-M	MS-T14005402A	mands-MS-T14005402A
MS-T14003961-MAVI-L	MS-T14003961	mands-MS-T14003961
MS-T14004831S-MULTI-XXL	MS-T14004831S	mands-MS-T14004831S
MS-T14005401A-MAVI-MIX-XXL	MS-T14005401A	mands-MS-T14005401A
MS-T14003963-LACIVERT-XXL	MS-T14003963	mands-MS-T14003963
MS-T14006814S-LACIVERT-S	MS-T14006814S	mands-MS-T14006814S
MS-T14006143A-RENKSIZ-XL	MS-T14006143A	mands-MS-T14006143A
MS-T14004919S-SIYAH-M	MS-T14004919S	mands-MS-T14004919S
MS-T14005402A-YESIL-XL	MS-T14005402A	mands-MS-T14005402A
MS-T14002560F-MAVI-XXL	MS-T14002560F	mands-MS-T14002560F
MS-T14003964-MAVI-XXL	MS-T14003964	mands-MS-T14003964
MS-T14005400A-SIYAH-S	MS-T14005400A	mands-MS-T14005400A
MS-T14003964-MAVI-S	MS-T14003964	mands-MS-T14003964
MS-T14004922S-MAVI-S	MS-T14004922S	mands-MS-T14004922S
MS-T14006147A-MULTI-S	MS-T14006147A	mands-MS-T14006147A
MS-T14004921S-MAVI-L	MS-T14004921S	mands-MS-T14004921S
MS-T14005405A-SIYAH-XL	MS-T14005405A	mands-MS-T14005405A
MS-T14003960-YESIL-M	MS-T14003960	mands-MS-T14003960
MS-T14003960-YESIL-XXL	MS-T14003960	mands-MS-T14003960
MS-T14008177V-SIYAH-M	MS-T14008177V	mands-MS-T14008177V
MS-T14004829S-SIYAH-XXL	MS-T14004829S	mands-MS-T14004829S
MS-T14005400A-SIYAH-XXL	MS-T14005400A	mands-MS-T14005400A
MS-T14005311A-BORDO-L	MS-T14005311A	mands-MS-T14005311A
MS-T14004825S-MULTI-XL	MS-T14004825S	mands-MS-T14004825S
MS-T14004918S-LACIVERT-XXL	MS-T14004918S	mands-MS-T14004918S
MS-T14006816S-MULTI-XL	MS-T14006816S	mands-MS-T14006816S
MS-T14004832S-LACIVERT-XXL	MS-T14004832S	mands-MS-T14004832S
MS-T14005347A-SIYAH-M	MS-T14005347A	mands-MS-T14005347A
MS-T14008177V-SIYAH-XL	MS-T14008177V	mands-MS-T14008177V
MS-T14004922S-MAVI-XXL	MS-T14004922S	mands-MS-T14004922S
MS-T14005347A-SIYAH-XL	MS-T14005347A	mands-MS-T14005347A
MS-T14004921S-MAVI-M	MS-T14004921S	mands-MS-T14004921S
MS-T14004920S-MULTI-S	MS-T14004920S	mands-MS-T14004920S
MS-T14005407A-SIYAH-M	MS-T14005407A	mands-MS-T14005407A
MS-T14008177V-SIYAH-XXL	MS-T14008177V	mands-MS-T14008177V
MS-T14005407A-SIYAH-L	MS-T14005407A	mands-MS-T14005407A
MS-T14004831S-MULTI-L	MS-T14004831S	mands-MS-T14004831S
MS-T14004825S-MULTI-XXL	MS-T14004825S	mands-MS-T14004825S
MS-T14008384F-SIYAH-L	MS-T14008384F	mands-MS-T14008384F
MS-T14005348A-SIYAH-L	MS-T14005348A	mands-MS-T14005348A
MS-T14008177V-SIYAH-L	MS-T14008177V	mands-MS-T14008177V
MS-T14004825S-MULTI-S	MS-T14004825S	mands-MS-T14004825S
MS-T14006140A-MULTI-XXL	MS-T14006140A	mands-MS-T14006140A
MS-T14002561F-SIYAH-M	MS-T14002561F	mands-MS-T14002561F
MS-T14006143A-RENKSIZ-XXL	MS-T14006143A	mands-MS-T14006143A
MS-T14004922S-MAVI-XL	MS-T14004922S	mands-MS-T14004922S
MS-T14004920S-MULTI-L	MS-T14004920S	mands-MS-T14004920S
MS-T14006140A-MULTI-S	MS-T14006140A	mands-MS-T14006140A
MS-T14002560F-MAVI-S	MS-T14002560F	mands-MS-T14002560F
MS-T14005403A-MAVI-M	MS-T14005403A	mands-MS-T14005403A
MS-T14002560F-MAVI-L	MS-T14002560F	mands-MS-T14002560F
MS-T14006145A-MAVI-M	MS-T14006145A	mands-MS-T14006145A
MS-T14003961-MAVI-XL	MS-T14003961	mands-MS-T14003961
MS-T14005107S-MAVI-XL	MS-T14005107S	mands-MS-T14005107S
MS-T14003964-MAVI-XL	MS-T14003964	mands-MS-T14003964
MS-T14003963-LACIVERT-XL	MS-T14003963	mands-MS-T14003963
MS-T14004830S-LACIVERT-XXL	MS-T14004830S	mands-MS-T14004830S
MS-T14006147A-MULTI-XL	MS-T14006147A	mands-MS-T14006147A
MS-T14003960-YESIL-L	MS-T14003960	mands-MS-T14003960
MS-T14006146A-SIYAH-XXL	MS-T14006146A	mands-MS-T14006146A
MS-T14005405A-SIYAH-XXL	MS-T14005405A	mands-MS-T14005405A
MS-T14004835F-MULTI-S	MS-T14004835F	mands-MS-T14004835F
MS-T14006144A-MAVI-S	MS-T14006144A	mands-MS-T14006144A
MS-T14005400A-SIYAH-L	MS-T14005400A	mands-MS-T14005400A
MS-T14006145A-MAVI-XL	MS-T14006145A	mands-MS-T14006145A
MS-T14004919S-SIYAH-S	MS-T14004919S	mands-MS-T14004919S
MS-T14004829S-SIYAH-L	MS-T14004829S	mands-MS-T14004829S
MS-T14005107S-MAVI-M	MS-T14005107S	mands-MS-T14005107S
MS-T14002559F-MULTI-L	MS-T14002559F	mands-MS-T14002559F
MS-T14003961-MAVI-S	MS-T14003961	mands-MS-T14003961
MS-T14004831S-MULTI-XL	MS-T14004831S	mands-MS-T14004831S
MS-T14005347A-SIYAH-S	MS-T14005347A	mands-MS-T14005347A
MS-T14006147A-MULTI-M	MS-T14006147A	mands-MS-T14006147A
MS-T14004835F-MULTI-XXL	MS-T14004835F	mands-MS-T14004835F
MS-T14005404A-MULTI-L	MS-T14005404A	mands-MS-T14005404A
MS-T14005320A-BORDO-S	MS-T14005320A	mands-MS-T14005320A
MS-T14008382F-MAVI-XL	MS-T14008382F	mands-MS-T14008382F
MS-T14002561F-SIYAH-XL	MS-T14002561F	mands-MS-T14002561F
MS-T14004918S-LACIVERT-XL	MS-T14004918S	mands-MS-T14004918S
MS-T14008384F-SIYAH-XL	MS-T14008384F	mands-MS-T14008384F
MS-T14004833S-LACIVERT-M	MS-T14004833S	mands-MS-T14004833S
MS-T14005107S-SIYAH-XXL	MS-T14005107S	mands-MS-T14005107S
MS-T14005407A-SIYAH-S	MS-T14005407A	mands-MS-T14005407A
MS-T14005320A-BORDO-L	MS-T14005320A	mands-MS-T14005320A
MS-T14005311A-BORDO-XXL	MS-T14005311A	mands-MS-T14005311A
MS-T14004831S-MULTI-S	MS-T14004831S	mands-MS-T14004831S
MS-T14004829S-SIYAH-S	MS-T14004829S	mands-MS-T14004829S
MS-T14006816S-MULTI-XXL	MS-T14006816S	mands-MS-T14006816S
MS-T14004920S-MULTI-M	MS-T14004920S	mands-MS-T14004920S
MS-T14002561F-SIYAH-S	MS-T14002561F	mands-MS-T14002561F
MS-T14003963-LACIVERT-M	MS-T14003963	mands-MS-T14003963
MS-T14005320A-BORDO-XXL	MS-T14005320A	mands-MS-T14005320A
MS-T14003962-MAVI-MIX-M	MS-T14003962	mands-MS-T14003962
MS-T14004833S-LACIVERT-S	MS-T14004833S	mands-MS-T14004833S
MS-T14005405A-SIYAH-S	MS-T14005405A	mands-MS-T14005405A
MS-T14004918S-LACIVERT-L	MS-T14004918S	mands-MS-T14004918S
MS-T14003005A-MAVI-L	MS-T14003005A	mands-MS-T14003005A
MS-T14004921S-MAVI-XXL	MS-T14004921S	mands-MS-T14004921S
MS-T14008382F-MAVI-XXL	MS-T14008382F	mands-MS-T14008382F
MS-T14004921S-MAVI-XL	MS-T14004921S	mands-MS-T14004921S
MS-T14004835F-MULTI-L	MS-T14004835F	mands-MS-T14004835F
MS-T14005347A-SIYAH-L	MS-T14005347A	mands-MS-T14005347A
MS-T14005320A-BORDO-M	MS-T14005320A	mands-MS-T14005320A
MS-T14005347A-SIYAH-XXL	MS-T14005347A	mands-MS-T14005347A
MS-T14005311A-BORDO-XL	MS-T14005311A	mands-MS-T14005311A
MS-T14005402A-YESIL-S	MS-T14005402A	mands-MS-T14005402A
MS-T14003962-MAVI-MIX-L	MS-T14003962	mands-MS-T14003962
MS-T14006144A-MAVI-XL	MS-T14006144A	mands-MS-T14006144A
MS-T14006146A-SIYAH-S	MS-T14006146A	mands-MS-T14006146A
MS-T14003963-LACIVERT-L	MS-T14003963	mands-MS-T14003963
MS-T14003964-MAVI-L	MS-T14003964	mands-MS-T14003964
MS-T14006816S-MULTI-L	MS-T14006816S	mands-MS-T14006816S
MS-T14004830S-LACIVERT-M	MS-T14004830S	mands-MS-T14004830S
MS-T14006143A-RENKSIZ-S	MS-T14006143A	mands-MS-T14006143A
MS-T14004919S-SIYAH-XL	MS-T14004919S	mands-MS-T14004919S
MS-T14003963-LACIVERT-S	MS-T14003963	mands-MS-T14003963
MS-T14006144A-MAVI-L	MS-T14006144A	mands-MS-T14006144A
MS-T14005402A-YESIL-L	MS-T14005402A	mands-MS-T14005402A
MS-T14005107S-SIYAH-L	MS-T14005107S	mands-MS-T14005107S
MS-T14002559F-MULTI-XL	MS-T14002559F	mands-MS-T14002559F
MS-T14006147A-MULTI-XXL	MS-T14006147A	mands-MS-T14006147A
MS-T14006815S-MULTI-L	MS-T14006815S	mands-MS-T14006815S
MS-T14006147A-MULTI-L	MS-T14006147A	mands-MS-T14006147A
MS-T14004919S-SIYAH-XXL	MS-T14004919S	mands-MS-T14004919S
MS-T14003960-YESIL-S	MS-T14003960	mands-MS-T14003960
MS-T14006144A-MAVI-M	MS-T14006144A	mands-MS-T14006144A
MS-T14006140A-MULTI-L	MS-T14006140A	mands-MS-T14006140A
MS-T14006140A-MULTI-M	MS-T14006140A	mands-MS-T14006140A
MS-T14006145A-MAVI-S	MS-T14006145A	mands-MS-T14006145A
MS-T14005348A-SIYAH-XL	MS-T14005348A	mands-MS-T14005348A
MS-T14006145A-MAVI-L	MS-T14006145A	mands-MS-T14006145A
MS-T14005403A-MAVI-L	MS-T14005403A	mands-MS-T14005403A
MS-T14003962-MAVI-MIX-S	MS-T14003962	mands-MS-T14003962
MS-T14005311A-BORDO-M	MS-T14005311A	mands-MS-T14005311A
MS-T14004832S-LACIVERT-L	MS-T14004832S	mands-MS-T14004832S
MS-T14004835F-MULTI-XL	MS-T14004835F	mands-MS-T14004835F
MS-T14005400A-SIYAH-M	MS-T14005400A	mands-MS-T14005400A
MS-T14006815S-MULTI-XXL	MS-T14006815S	mands-MS-T14006815S
MS-T14004825S-MULTI-M	MS-T14004825S	mands-MS-T14004825S
MS-T14005406I-SIYAH-MIX-M	MS-T14005406I	mands-MS-T14005406I
MS-T14002558F-MAVI-S	MS-T14002558F	mands-MS-T14002558F
MS-T14006146A-SIYAH-XL	MS-T14006146A	mands-MS-T14006146A
MS-T14004921S-MAVI-S	MS-T14004921S	mands-MS-T14004921S
MS-T14002561F-SIYAH-XXL	MS-T14002561F	mands-MS-T14002561F
MS-T14004830S-LACIVERT-L	MS-T14004830S	mands-MS-T14004830S
MS-T14005400A-SIYAH-XL	MS-T14005400A	mands-MS-T14005400A
MS-T14003961-MAVI-M	MS-T14003961	mands-MS-T14003961
MS-T14003005A-MAVI-S	MS-T14003005A	mands-MS-T14003005A
MS-T14003962-MAVI-MIX-XL	MS-T14003962	mands-MS-T14003962
MS-T14006143A-RENKSIZ-L	MS-T14006143A	mands-MS-T14006143A
MS-T14005401A-MAVI-MIX-S	MS-T14005401A	mands-MS-T14005401A
MS-T14004832S-LACIVERT-XL	MS-T14004832S	mands-MS-T14004832S
MS-T14004833S-LACIVERT-XXL	MS-T14004833S	mands-MS-T14004833S
MS-T14005405A-SIYAH-L	MS-T14005405A	mands-MS-T14005405A
MS-T14005348A-SIYAH-XXL	MS-T14005348A	mands-MS-T14005348A
MS-T14004825S-MULTI-L	MS-T14004825S	mands-MS-T14004825S
MS-T14004922S-MAVI-M	MS-T14004922S	mands-MS-T14004922S
MS-T14008382F-MAVI-M	MS-T14008382F	mands-MS-T14008382F
MS-T14005107S-MAVI-L	MS-T14005107S	mands-MS-T14005107S
MS-T14006815S-MULTI-M	MS-T14006815S	mands-MS-T14006815S
MS-T14005311A-BORDO-S	MS-T14005311A	mands-MS-T14005311A
MS-T14008384F-SIYAH-M	MS-T14008384F	mands-MS-T14008384F
MS-T14008384F-SIYAH-XXL	MS-T14008384F	mands-MS-T14008384F
MS-T14002558F-MAVI-XL	MS-T14002558F	mands-MS-T14002558F
MS-T14006144A-MAVI-XXL	MS-T14006144A	mands-MS-T14006144A
MS-T14005404A-MULTI-M	MS-T14005404A	mands-MS-T14005404A
MS-T14002560F-MAVI-XL	MS-T14002560F	mands-MS-T14002560F
MS-T14006814S-LACIVERT-XXL	MS-T14006814S	mands-MS-T14006814S
MS-T14004830S-LACIVERT-S	MS-T14004830S	mands-MS-T14004830S
MS-T14002559F-MULTI-XXL	MS-T14002559F	mands-MS-T14002559F
MS-T14002559F-MULTI-M	MS-T14002559F	mands-MS-T14002559F
MS-T14005403A-MAVI-XXL	MS-T14005403A	mands-MS-T14005403A
MS-T14003964-MAVI-M	MS-T14003964	mands-MS-T14003964
MS-T14002560F-MAVI-M	MS-T14002560F	mands-MS-T14002560F
MS-T14006145A-MAVI-XXL	MS-T14006145A	mands-MS-T14006145A
MS-T14003005A-MAVI-XL	MS-T14003005A	mands-MS-T14003005A
MS-T14005406I-SIYAH-MIX-XL	MS-T14005406I	mands-MS-T14005406I
MS-T14004918S-LACIVERT-M	MS-T14004918S	mands-MS-T14004918S
MS-T14008382F-MAVI-S	MS-T14008382F	mands-MS-T14008382F
MS-T14004920S-MULTI-XXL	MS-T14004920S	mands-MS-T14004920S
MS-T14004832S-LACIVERT-S	MS-T14004832S	mands-MS-T14004832S
MS-T14006816S-MULTI-S	MS-T14006816S	mands-MS-T14006816S
MS-T14004829S-SIYAH-M	MS-T14004829S	mands-MS-T14004829S
MS-T14003961-MAVI-XXL	MS-T14003961	mands-MS-T14003961
MS-T14004835F-MULTI-M	MS-T14004835F	mands-MS-T14004835F
MS-T14008384F-SIYAH-S	MS-T14008384F	mands-MS-T14008384F
MS-T14006814S-LACIVERT-L	MS-T14006814S	mands-MS-T14006814S
MS-T14006146A-SIYAH-L	MS-T14006146A	mands-MS-T14006146A
MS-T14003005A-MAVI-XXL	MS-T14003005A	mands-MS-T14003005A
MS-T14005107S-SIYAH-XL	MS-T14005107S	mands-MS-T14005107S
MS-T14005107S-MAVI-XXL	MS-T14005107S	mands-MS-T14005107S
MS-T14005320A-BORDO-XL	MS-T14005320A	mands-MS-T14005320A
MS-T14006815S-MULTI-XL	MS-T14006815S	mands-MS-T14006815S
MS-T14004832S-LACIVERT-M	MS-T14004832S	mands-MS-T14004832S
MS-T14002561F-SIYAH-L	MS-T14002561F	mands-MS-T14002561F
MS-T14002558F-MAVI-M	MS-T14002558F	mands-MS-T14002558F
MS-T14005407A-SIYAH-XL	MS-T14005407A	mands-MS-T14005407A
MS-T14005403A-MAVI-XL	MS-T14005403A	mands-MS-T14005403A
MS-T14002559F-MULTI-S	MS-T14002559F	mands-MS-T14002559F
MS-T14002558F-MAVI-XXL	MS-T14002558F	mands-MS-T14002558F
MS-T14006146A-SIYAH-M	MS-T14006146A	mands-MS-T14006146A
MS-T14004831S-MULTI-M	MS-T14004831S	mands-MS-T14004831S
MS-T14006815S-MULTI-S	MS-T14006815S	mands-MS-T14006815S
MS-T14005402A-YESIL-XXL	MS-T14005402A	mands-MS-T14005402A
MS-T14003960-YESIL-XL	MS-T14003960	mands-MS-T14003960
MS-T14005405A-SIYAH-M	MS-T14005405A	mands-MS-T14005405A
MS-T14005401A-MAVI-MIX-L	MS-T14005401A	mands-MS-T14005401A
MS-T14005348A-SIYAH-S	MS-T14005348A	mands-MS-T14005348A
MS-T14008382F-MAVI-L	MS-T14008382F	mands-MS-T14008382F
MS-T14006816S-MULTI-M	MS-T14006816S	mands-MS-T14006816S
MS-T14004919S-SIYAH-L	MS-T14004919S	mands-MS-T14004919S
MS-T14005406I-SIYAH-MIX-S	MS-T14005406I	mands-MS-T14005406I
MS-T14005406I-SIYAH-MIX-L	MS-T14005406I	mands-MS-T14005406I
MS-T14005107S-SIYAH-M	MS-T14005107S	mands-MS-T14005107S
MS-T14005403A-MAVI-S	MS-T14005403A	mands-MS-T14005403A
MS-T14008177V-SIYAH-S	MS-T14008177V	mands-MS-T14008177V
MS-T14006814S-LACIVERT-M	MS-T14006814S	mands-MS-T14006814S
MS-T14005407A-SIYAH-XXL	MS-T14005407A	mands-MS-T14005407A
MS-T14005348A-SIYAH-M	MS-T14005348A	mands-MS-T14005348A
MS-T14008383F-MAVI-XL	MS-T14008383F	mands-MS-T14008383F
MS-T14005091A-MULTI-XXL	MS-T14005091A	mands-MS-T14005091A
MS-T14008383F-MAVI-XXL	MS-T14008383F	mands-MS-T14008383F
MS-T14005091A-MULTI-L	MS-T14005091A	mands-MS-T14005091A
MS-T14005091A-MULTI-M	MS-T14005091A	mands-MS-T14005091A
MS-T14008177V-BEYAZ-M	MS-T14008177V	mands-MS-T14008177V
MS-T14006812S-BORDO-XL	MS-T14006812S	mands-MS-T14006812S
MS-T14008177V-BEYAZ-L	MS-T14008177V	mands-MS-T14008177V
MS-T14005091A-MULTI-XL	MS-T14005091A	mands-MS-T14005091A
MS-T14008383F-MAVI-L	MS-T14008383F	mands-MS-T14008383F
MS-T14006812S-BORDO-L	MS-T14006812S	mands-MS-T14006812S
MS-T14006812S-BORDO-XXL	MS-T14006812S	mands-MS-T14006812S
MS-T14005337A-MULTI-L	MS-T14005337A	mands-MS-T14005337A
MS-T14008177V-BEYAZ-XL	MS-T14008177V	mands-MS-T14008177V
MS-T14008383F-MAVI-S	MS-T14008383F	mands-MS-T14008383F
MS-T14005091A-MULTI-S	MS-T14005091A	mands-MS-T14005091A
MS-T14005337A-MULTI-S	MS-T14005337A	mands-MS-T14005337A
MS-T14005337A-MULTI-M	MS-T14005337A	mands-MS-T14005337A
MS-T14004826S-MAVI-XL	MS-T14004826S	mands-MS-T14004826S
MS-T14005337A-MULTI-XL	MS-T14005337A	mands-MS-T14005337A
MS-T14008177V-BEYAZ-XXL	MS-T14008177V	mands-MS-T14008177V
MS-T14006812S-BORDO-S	MS-T14006812S	mands-MS-T14006812S
MS-T14008177V-BEYAZ-S	MS-T14008177V	mands-MS-T14008177V
MS-T14004826S-MAVI-S	MS-T14004826S	mands-MS-T14004826S
MS-T14006812S-BORDO-M	MS-T14006812S	mands-MS-T14006812S
MS-T14004826S-MAVI-M	MS-T14004826S	mands-MS-T14004826S
MS-T14004826S-MAVI-L	MS-T14004826S	mands-MS-T14004826S
MS-T14005337A-MULTI-XXL	MS-T14005337A	mands-MS-T14005337A
MS-T14008383F-MAVI-M	MS-T14008383F	mands-MS-T14008383F
MS-T14004826S-MAVI-XXL	MS-T14004826S	mands-MS-T14004826S
MS-T37005150C-SARI-46	MS-T37005150C	mands-MS-T37005150C
MS-T37001005A-KREM-34	MS-T37001005A	mands-MS-T37001005A
MS-T37001005A-KREM-38	MS-T37001005A	mands-MS-T37001005A
MS-T37003381M-MAVI-L	MS-T37003381M	mands-MS-T37003381M
MS-T37001005A-KAHVE-44	MS-T37001005A	mands-MS-T37001005A
MS-T37003378M-GRI-XXL	MS-T37003378M	mands-MS-T37003378M
MS-T37006266N-SIYAH-S	MS-T37006266N	mands-MS-T37006266N
MS-T37003369M-KAHVE-M	MS-T37003369M	mands-MS-T37003369M
MS-T37001005A-SIYAH-34	MS-T37001005A	mands-MS-T37001005A
MS-T37007047Q-SIYAH-38	MS-T37007047Q	mands-MS-T37007047Q
MS-T37001005A-SIYAH-44	MS-T37001005A	mands-MS-T37001005A
MS-T37005150C-SARI-38	MS-T37005150C	mands-MS-T37005150C
MS-T37001005A-KREM-44	MS-T37001005A	mands-MS-T37001005A
MS-T37003381M-MAVI-XS	MS-T37003381M	mands-MS-T37003381M
MS-T37005150C-SARI-52	MS-T37005150C	mands-MS-T37005150C
MS-T37003381M-PEMBE-XS	MS-T37003381M	mands-MS-T37003381M
MS-T37005150C-SARI-42	MS-T37005150C	mands-MS-T37005150C
MS-T37003381M-MAVI-S	MS-T37003381M	mands-MS-T37003381M
MS-T37006265N-KREM-M	MS-T37006265N	mands-MS-T37006265N
MS-T37003369M-KAHVE-XXL	MS-T37003369M	mands-MS-T37003369M
MS-T37003381M-SARI-XL	MS-T37003381M	mands-MS-T37003381M
MS-T37006266N-KIRMIZI-L	MS-T37006266N	mands-MS-T37006266N
MS-T37003381M-SARI-XXL	MS-T37003381M	mands-MS-T37003381M
MS-T37001005A-KREM-40	MS-T37001005A	mands-MS-T37001005A
MS-T37001005A-SIYAH-38	MS-T37001005A	mands-MS-T37001005A
MS-T37003381M-MAVI-XXL	MS-T37003381M	mands-MS-T37003381M
MS-T37003378M-GRI-L	MS-T37003378M	mands-MS-T37003378M
MS-T37001005A-KAHVE-46	MS-T37001005A	mands-MS-T37001005A
MS-T37007047Q-SIYAH-34	MS-T37007047Q	mands-MS-T37007047Q
MS-T37001005A-KAHVE-40	MS-T37001005A	mands-MS-T37001005A
MS-T37001005A-KAHVE-34	MS-T37001005A	mands-MS-T37001005A
MS-T37006266N-KIRMIZI-M	MS-T37006266N	mands-MS-T37006266N
MS-T37005150C-SARI-44	MS-T37005150C	mands-MS-T37005150C
MS-T37001005A-SIYAH-50	MS-T37001005A	mands-MS-T37001005A
MS-T37001005A-KAHVE-52	MS-T37001005A	mands-MS-T37001005A
MS-T37003381M-SARI-L	MS-T37003381M	mands-MS-T37003381M
MS-T37001005A-SIYAH-36	MS-T37001005A	mands-MS-T37001005A
MS-T37003381M-PEMBE-XL	MS-T37003381M	mands-MS-T37003381M
MS-T37001005A-SIYAH-52	MS-T37001005A	mands-MS-T37001005A
MS-T37003381M-GRI-M	MS-T37003381M	mands-MS-T37003381M
MS-T37001005A-KREM-36	MS-T37001005A	mands-MS-T37001005A
MS-T37006266N-SIYAH-XL	MS-T37006266N	mands-MS-T37006266N
MS-T37001005A-KREM-46	MS-T37001005A	mands-MS-T37001005A
MS-T37001005A-KREM-52	MS-T37001005A	mands-MS-T37001005A
MS-T37006265N-KIRMIZI-M	MS-T37006265N	mands-MS-T37006265N
MS-T37006266N-KIRMIZI-XXL	MS-T37006266N	mands-MS-T37006266N
MS-T37007047Q-SIYAH-42	MS-T37007047Q	mands-MS-T37007047Q
MS-T37003381M-SARI-M	MS-T37003381M	mands-MS-T37003381M
MS-T37003381M-GRI-L	MS-T37003381M	mands-MS-T37003381M
MS-T37006266N-SIYAH-M	MS-T37006266N	mands-MS-T37006266N
MS-T37003381M-MAVI-XL	MS-T37003381M	mands-MS-T37003381M
MS-T37005150C-SARI-36	MS-T37005150C	mands-MS-T37005150C
MS-T37003378M-GRI-XL	MS-T37003378M	mands-MS-T37003378M
MS-T37001005A-KAHVE-48	MS-T37001005A	mands-MS-T37001005A
MS-T37001005A-KAHVE-38	MS-T37001005A	mands-MS-T37001005A
MS-T37007047Q-SIYAH-44	MS-T37007047Q	mands-MS-T37007047Q
MS-T37006265N-KREM-L	MS-T37006265N	mands-MS-T37006265N
MS-T37003378M-GRI-XXS	MS-T37003378M	mands-MS-T37003378M
MS-T37003381M-GRI-XL	MS-T37003381M	mands-MS-T37003381M
MS-T37006265N-KIRMIZI-XS	MS-T37006265N	mands-MS-T37006265N
MS-T37007047Q-SIYAH-36	MS-T37007047Q	mands-MS-T37007047Q
MS-T37001005A-KAHVE-50	MS-T37001005A	mands-MS-T37001005A
MS-T37006266N-KIRMIZI-XS	MS-T37006266N	mands-MS-T37006266N
MS-T37003381M-PEMBE-M	MS-T37003381M	mands-MS-T37003381M
MS-T37003381M-PEMBE-XXL	MS-T37003381M	mands-MS-T37003381M
MS-T37003378M-GRI-XS	MS-T37003378M	mands-MS-T37003378M
MS-T37006265N-KREM-XS	MS-T37006265N	mands-MS-T37006265N
MS-T37005150C-SARI-34	MS-T37005150C	mands-MS-T37005150C
MS-T37003378M-GRI-S	MS-T37003378M	mands-MS-T37003378M
MS-T37001005A-KAHVE-42	MS-T37001005A	mands-MS-T37001005A
MS-T37001005A-SIYAH-42	MS-T37001005A	mands-MS-T37001005A
MS-T37007047Q-SIYAH-48	MS-T37007047Q	mands-MS-T37007047Q
MS-T37007047Q-SIYAH-40	MS-T37007047Q	mands-MS-T37007047Q
MS-T37001005A-KREM-50	MS-T37001005A	mands-MS-T37001005A
MS-T37006265N-KREM-XXL	MS-T37006265N	mands-MS-T37006265N
MS-T37003378M-MAVI-M	MS-T37003378M	mands-MS-T37003378M
MS-T37007047Q-SIYAH-50	MS-T37007047Q	mands-MS-T37007047Q
MS-T37005150C-SARI-50	MS-T37005150C	mands-MS-T37005150C
MS-T37006266N-SIYAH-XXL	MS-T37006266N	mands-MS-T37006266N
MS-T37003378M-MAVI-XXS	MS-T37003378M	mands-MS-T37003378M
MS-T37006265N-KIRMIZI-S	MS-T37006265N	mands-MS-T37006265N
MS-T37006265N-KREM-XL	MS-T37006265N	mands-MS-T37006265N
MS-T37001005A-SIYAH-48	MS-T37001005A	mands-MS-T37001005A
MS-T37006265N-KIRMIZI-XL	MS-T37006265N	mands-MS-T37006265N
MS-T37003381M-GRI-XS	MS-T37003381M	mands-MS-T37003381M
MS-T37003378M-GRI-M	MS-T37003378M	mands-MS-T37003378M
MS-T37006266N-KIRMIZI-XL	MS-T37006266N	mands-MS-T37006266N
MS-T37003381M-MAVI-M	MS-T37003381M	mands-MS-T37003381M
MS-T37005150C-SARI-48	MS-T37005150C	mands-MS-T37005150C
MS-T37006265N-KIRMIZI-XXL	MS-T37006265N	mands-MS-T37006265N
MS-T37003369M-KAHVE-XS	MS-T37003369M	mands-MS-T37003369M
MS-T37003369M-KAHVE-L	MS-T37003369M	mands-MS-T37003369M
MS-T37003381M-PEMBE-L	MS-T37003381M	mands-MS-T37003381M
MS-T37001005A-KREM-42	MS-T37001005A	mands-MS-T37001005A
MS-T37001005A-KAHVE-36	MS-T37001005A	mands-MS-T37001005A
MS-T37001005A-SIYAH-40	MS-T37001005A	mands-MS-T37001005A
MS-T37007047Q-SIYAH-46	MS-T37007047Q	mands-MS-T37007047Q
MS-T37006265N-KIRMIZI-L	MS-T37006265N	mands-MS-T37006265N
MS-T37006265N-KREM-S	MS-T37006265N	mands-MS-T37006265N
MS-T37003381M-GRI-S	MS-T37003381M	mands-MS-T37003381M
MS-T37006266N-SIYAH-L	MS-T37006266N	mands-MS-T37006266N
MS-T37006266N-SIYAH-XS	MS-T37006266N	mands-MS-T37006266N
MS-T37003378M-MAVI-XL	MS-T37003378M	mands-MS-T37003378M
MS-T37001005A-KREM-48	MS-T37001005A	mands-MS-T37001005A
MS-T37003381M-SARI-XS	MS-T37003381M	mands-MS-T37003381M
MS-T37003378M-MAVI-XS	MS-T37003378M	mands-MS-T37003378M
MS-T37003378M-MAVI-S	MS-T37003378M	mands-MS-T37003378M
MS-T37005150C-SARI-40	MS-T37005150C	mands-MS-T37005150C
MS-T37003381M-PEMBE-S	MS-T37003381M	mands-MS-T37003381M
MS-T37003378M-MAVI-L	MS-T37003378M	mands-MS-T37003378M
MS-T37003381M-GRI-XXL	MS-T37003381M	mands-MS-T37003381M
MS-T37003381M-SARI-S	MS-T37003381M	mands-MS-T37003381M
MS-T37006266N-KIRMIZI-S	MS-T37006266N	mands-MS-T37006266N
MS-T37001005A-SIYAH-46	MS-T37001005A	mands-MS-T37001005A
MS-T37003369M-KAHVE-S	MS-T37003369M	mands-MS-T37003369M
MS-T37003378M-MAVI-XXL	MS-T37003378M	mands-MS-T37003378M
MS-T37007047Q-SIYAH-52	MS-T37007047Q	mands-MS-T37007047Q
MS-T37003369M-KAHVE-XL	MS-T37003369M	mands-MS-T37003369M
MS-T37006267N-PEMBE-44	MS-T37006267N	mands-MS-T37006267N
MS-T37002314J-BEJ-46	MS-T37002314J	mands-MS-T37002314J
MS-T37003470S-BEYAZ-50	MS-T37003470S	mands-MS-T37003470S
MS-T37004628F-SIYAH-M	MS-T37004628F	mands-MS-T37004628F
MS-T37006267N-PEMBE-38	MS-T37006267N	mands-MS-T37006267N
MS-T37006267N-MAVI-38	MS-T37006267N	mands-MS-T37006267N
MS-T37003707T-MAVI-34	MS-T37003707T	mands-MS-T37003707T
MS-T37003470S-BEYAZ-36	MS-T37003470S	mands-MS-T37003470S
MS-T37003485S-BEYAZ-50	MS-T37003485S	mands-MS-T37003485S
MS-T37006267N-MAVI-46	MS-T37006267N	mands-MS-T37006267N
MS-T81006849C-PEMBE-42	MS-T81006849C	mands-MS-T81006849C
MS-T37003470S-BEYAZ-38	MS-T37003470S	mands-MS-T37003470S
MS-T81006860V-KAHVE-48	MS-T81006860V	mands-MS-T81006860V
MS-T37003487S-BEYAZ-36	MS-T37003487S	mands-MS-T37003487S
MS-T81006860C-KAHVE-34	MS-T81006860C	mands-MS-T81006860C
MS-T81006860C-KAHVE-40	MS-T81006860C	mands-MS-T81006860C
MS-T37003487S-BEYAZ-50	MS-T37003487S	mands-MS-T37003487S
MS-T37006267N-PEMBE-48	MS-T37006267N	mands-MS-T37006267N
MS-T37004628F-SIYAH-XL	MS-T37004628F	mands-MS-T37004628F
MS-T37003707T-MAVI-50	MS-T37003707T	mands-MS-T37003707T
MS-T81006860V-KAHVE-42	MS-T81006860V	mands-MS-T81006860V
MS-T37003707T-MAVI-38	MS-T37003707T	mands-MS-T37003707T
MS-T37003485S-SARI-40	MS-T37003485S	mands-MS-T37003485S
MS-T37003485S-BEYAZ-36	MS-T37003485S	mands-MS-T37003485S
MS-T37003485S-BEYAZ-38	MS-T37003485S	mands-MS-T37003485S
MS-T81006860V-KAHVE-36	MS-T81006860V	mands-MS-T81006860V
MS-T81006849C-PEMBE-46	MS-T81006849C	mands-MS-T81006849C
MS-T81006860C-KAHVE-52	MS-T81006860C	mands-MS-T81006860C
MS-T37003512S-PEMBE-40	MS-T37003512S	mands-MS-T37003512S
MS-T37003485S-BEYAZ-46	MS-T37003485S	mands-MS-T37003485S
MS-T37003707T-MAVI-40	MS-T37003707T	mands-MS-T37003707T
MS-T37001845P-MAVI-46	MS-T37001845P	mands-MS-T37001845P
MS-T37003512S-PEMBE-50	MS-T37003512S	mands-MS-T37003512S
MS-T37003470S-BEYAZ-46	MS-T37003470S	mands-MS-T37003470S
MS-T37003485S-SARI-34	MS-T37003485S	mands-MS-T37003485S
MS-T37001845P-MAVI-36	MS-T37001845P	mands-MS-T37001845P
MS-T37006267N-MAVI-40	MS-T37006267N	mands-MS-T37006267N
MS-T81006860C-KAHVE-48	MS-T81006860C	mands-MS-T81006860C
MS-T37006267N-MAVI-42	MS-T37006267N	mands-MS-T37006267N
MS-T37002314J-BEJ-44	MS-T37002314J	mands-MS-T37002314J
MS-T81006849C-PEMBE-50	MS-T81006849C	mands-MS-T81006849C
MS-T37003512S-PEMBE-34	MS-T37003512S	mands-MS-T37003512S
MS-T37004628F-SIYAH-XS	MS-T37004628F	mands-MS-T37004628F
MS-T81006860V-KAHVE-34	MS-T81006860V	mands-MS-T81006860V
MS-T37003485S-SARI-38	MS-T37003485S	mands-MS-T37003485S
MS-T37006267N-PEMBE-34	MS-T37006267N	mands-MS-T37006267N
MS-T37004628F-SIYAH-XXL	MS-T37004628F	mands-MS-T37004628F
MS-T37003487S-BEYAZ-48	MS-T37003487S	mands-MS-T37003487S
MS-T81006849C-PEMBE-36	MS-T81006849C	mands-MS-T81006849C
MS-T37003485S-SARI-44	MS-T37003485S	mands-MS-T37003485S
MS-T37003485S-SARI-50	MS-T37003485S	mands-MS-T37003485S
MS-T37003485S-SARI-46	MS-T37003485S	mands-MS-T37003485S
MS-T37003470S-BEYAZ-44	MS-T37003470S	mands-MS-T37003470S
MS-T37006267N-PEMBE-50	MS-T37006267N	mands-MS-T37006267N
MS-T37003485S-BEYAZ-44	MS-T37003485S	mands-MS-T37003485S
MS-T37003470S-BEYAZ-42	MS-T37003470S	mands-MS-T37003470S
MS-T37003487S-BEYAZ-46	MS-T37003487S	mands-MS-T37003487S
MS-T37002314J-BEJ-50	MS-T37002314J	mands-MS-T37002314J
MS-T81006849C-PEMBE-34	MS-T81006849C	mands-MS-T81006849C
MS-T81006849C-PEMBE-44	MS-T81006849C	mands-MS-T81006849C
MS-T37006267N-MAVI-50	MS-T37006267N	mands-MS-T37006267N
MS-T37003707T-MAVI-42	MS-T37003707T	mands-MS-T37003707T
MS-T81006849C-PEMBE-40	MS-T81006849C	mands-MS-T81006849C
MS-T81006860C-KAHVE-38	MS-T81006860C	mands-MS-T81006860C
MS-T37001845P-MAVI-42	MS-T37001845P	mands-MS-T37001845P
MS-T37003707T-MAVI-48	MS-T37003707T	mands-MS-T37003707T
MS-T37003470S-BEYAZ-34	MS-T37003470S	mands-MS-T37003470S
MS-T37006267N-PEMBE-36	MS-T37006267N	mands-MS-T37006267N
MS-T37003487S-BEYAZ-34	MS-T37003487S	mands-MS-T37003487S
MS-T81006860V-KAHVE-50	MS-T81006860V	mands-MS-T81006860V
MS-T37003485S-BEYAZ-34	MS-T37003485S	mands-MS-T37003485S
MS-T81006860C-KAHVE-44	MS-T81006860C	mands-MS-T81006860C
MS-T81006860V-KAHVE-40	MS-T81006860V	mands-MS-T81006860V
MS-T37003487S-BEYAZ-44	MS-T37003487S	mands-MS-T37003487S
MS-T81006849C-PEMBE-48	MS-T81006849C	mands-MS-T81006849C
MS-T37004628F-SIYAH-L	MS-T37004628F	mands-MS-T37004628F
MS-T37002314J-BEJ-48	MS-T37002314J	mands-MS-T37002314J
MS-T37003485S-BEYAZ-42	MS-T37003485S	mands-MS-T37003485S
MS-T37003487S-BEYAZ-38	MS-T37003487S	mands-MS-T37003487S
MS-T81006849C-PEMBE-38	MS-T81006849C	mands-MS-T81006849C
MS-T37006267N-MAVI-34	MS-T37006267N	mands-MS-T37006267N
MS-T37003470S-BEYAZ-48	MS-T37003470S	mands-MS-T37003470S
MS-T81006860C-KAHVE-46	MS-T81006860C	mands-MS-T81006860C
MS-T37003487S-BEYAZ-42	MS-T37003487S	mands-MS-T37003487S
MS-T81006860C-KAHVE-36	MS-T81006860C	mands-MS-T81006860C
MS-T37006267N-PEMBE-42	MS-T37006267N	mands-MS-T37006267N
MS-T37002314J-BEJ-52	MS-T37002314J	mands-MS-T37002314J
MS-T37001845P-MAVI-40	MS-T37001845P	mands-MS-T37001845P
MS-T37006267N-PEMBE-40	MS-T37006267N	mands-MS-T37006267N
MS-T37006267N-MAVI-48	MS-T37006267N	mands-MS-T37006267N
MS-T37002314J-BEJ-34	MS-T37002314J	mands-MS-T37002314J
MS-T37002314J-BEJ-40	MS-T37002314J	mands-MS-T37002314J
MS-T37006267N-MAVI-44	MS-T37006267N	mands-MS-T37006267N
MS-T37003485S-SARI-42	MS-T37003485S	mands-MS-T37003485S
MS-T81006860V-KAHVE-52	MS-T81006860V	mands-MS-T81006860V
MS-T37001845P-MAVI-38	MS-T37001845P	mands-MS-T37001845P
MS-T37001845P-MAVI-50	MS-T37001845P	mands-MS-T37001845P
MS-T37003707T-MAVI-36	MS-T37003707T	mands-MS-T37003707T
MS-T37002314J-BEJ-42	MS-T37002314J	mands-MS-T37002314J
MS-T81006860V-KAHVE-46	MS-T81006860V	mands-MS-T81006860V
MS-T37001845P-MAVI-34	MS-T37001845P	mands-MS-T37001845P
MS-T37003707T-MAVI-44	MS-T37003707T	mands-MS-T37003707T
MS-T81006860C-KAHVE-42	MS-T81006860C	mands-MS-T81006860C
MS-T37003707T-MAVI-46	MS-T37003707T	mands-MS-T37003707T
MS-T81006860V-KAHVE-38	MS-T81006860V	mands-MS-T81006860V
MS-T37006267N-MAVI-52	MS-T37006267N	mands-MS-T37006267N
MS-T37003512S-PEMBE-46	MS-T37003512S	mands-MS-T37003512S
MS-T37003512S-PEMBE-38	MS-T37003512S	mands-MS-T37003512S
MS-T37003485S-SARI-36	MS-T37003485S	mands-MS-T37003485S
MS-T81006860C-KAHVE-50	MS-T81006860C	mands-MS-T81006860C
MS-T37002314J-BEJ-38	MS-T37002314J	mands-MS-T37002314J
MS-T37003512S-PEMBE-48	MS-T37003512S	mands-MS-T37003512S
MS-T37003485S-BEYAZ-40	MS-T37003485S	mands-MS-T37003485S
MS-T37004628F-SIYAH-S	MS-T37004628F	mands-MS-T37004628F
MS-T37003487S-BEYAZ-52	MS-T37003487S	mands-MS-T37003487S
MS-T37003512S-PEMBE-44	MS-T37003512S	mands-MS-T37003512S
MS-T37001845P-MAVI-48	MS-T37001845P	mands-MS-T37001845P
MS-T37001845P-MAVI-44	MS-T37001845P	mands-MS-T37001845P
MS-T37006267N-PEMBE-52	MS-T37006267N	mands-MS-T37006267N
MS-T37003485S-BEYAZ-48	MS-T37003485S	mands-MS-T37003485S
MS-T37003485S-SARI-48	MS-T37003485S	mands-MS-T37003485S
MS-T37003512S-PEMBE-42	MS-T37003512S	mands-MS-T37003512S
MS-T37002314J-BEJ-36	MS-T37002314J	mands-MS-T37002314J
MS-T37006267N-PEMBE-46	MS-T37006267N	mands-MS-T37006267N
MS-T37006267N-MAVI-36	MS-T37006267N	mands-MS-T37006267N
MS-T81006860V-KAHVE-44	MS-T81006860V	mands-MS-T81006860V
MS-T37003470S-BEYAZ-40	MS-T37003470S	mands-MS-T37003470S
MS-T37003512S-PEMBE-36	MS-T37003512S	mands-MS-T37003512S
MS-T37003487S-BEYAZ-40	MS-T37003487S	mands-MS-T37003487S
MS-T37003512S-PEMBE-52	MS-T37003512S	mands-MS-T37003512S
MS-T37004627F-RENKSIZ-S	MS-T37004627F	mands-MS-T37004627F
MS-T37001842P-BEYAZ-40	MS-T37001842P	mands-MS-T37001842P
MS-T37001863P-PEMBE-44	MS-T37001863P	mands-MS-T37001863P
MS-T37003706T-SIYAH-36	MS-T37003706T	mands-MS-T37003706T
MS-T37001863P-PEMBE-34	MS-T37001863P	mands-MS-T37001863P
MS-T37003706T-BEYAZ-36	MS-T37003706T	mands-MS-T37003706T
MS-T37002317J-MAVI-42	MS-T37002317J	mands-MS-T37002317J
MS-T37001822P-RENKSIZ-50	MS-T37001822P	mands-MS-T37001822P
MS-T37002365J-KIRMIZI-38	MS-T37002365J	mands-MS-T37002365J
MS-T37001864P-PEMBE-48	MS-T37001864P	mands-MS-T37001864P
MS-T37002232J-SIYAH-40	MS-T37002232J	mands-MS-T37002232J
MS-T37002003A-BEYAZ-50	MS-T37002003A	mands-MS-T37002003A
MS-T37002317J-MAVI-48	MS-T37002317J	mands-MS-T37002317J
MS-T37001822P-RENKSIZ-34	MS-T37001822P	mands-MS-T37001822P
MS-T37003702T-PEMBE-40	MS-T37003702T	mands-MS-T37003702T
MS-T37001046A-MAVI-XL	MS-T37001046A	mands-MS-T37001046A
MS-T37001863P-PEMBE-48	MS-T37001863P	mands-MS-T37001863P
MS-T37002232J-SIYAH-48	MS-T37002232J	mands-MS-T37002232J
MS-T37006220X-PEMBE-46	MS-T37006220X	mands-MS-T37006220X
MS-T37003706T-BEYAZ-44	MS-T37003706T	mands-MS-T37003706T
MS-T37002232J-SIYAH-38	MS-T37002232J	mands-MS-T37002232J
MS-T37004621F-KREM-XXL	MS-T37004621F	mands-MS-T37004621F
MS-T37002297J-SIYAH-XXL	MS-T37002297J	mands-MS-T37002297J
MS-T37001864P-PEMBE-42	MS-T37001864P	mands-MS-T37001864P
MS-T37006204X-KREM-42	MS-T37006204X	mands-MS-T37006204X
MS-T37001043A-BEJ-46	MS-T37001043A	mands-MS-T37001043A
MS-T37001046A-MAVI-M	MS-T37001046A	mands-MS-T37001046A
MS-T37001842P-BEYAZ-38	MS-T37001842P	mands-MS-T37001842P
MS-T37002297J-SIYAH-L	MS-T37002297J	mands-MS-T37002297J
MS-T37003706T-BEYAZ-38	MS-T37003706T	mands-MS-T37003706T
MS-T37002301J-GRI-XL	MS-T37002301J	mands-MS-T37002301J
MS-T37006220X-PEMBE-36	MS-T37006220X	mands-MS-T37006220X
MS-T37003706T-BEYAZ-50	MS-T37003706T	mands-MS-T37003706T
MS-T37002003A-BEYAZ-48	MS-T37002003A	mands-MS-T37002003A
MS-T37004621F-KREM-S	MS-T37004621F	mands-MS-T37004621F
MS-T37004630F-GRI-XL	MS-T37004630F	mands-MS-T37004630F
MS-T37003702T-PEMBE-36	MS-T37003702T	mands-MS-T37003702T
MS-T37002365J-KIRMIZI-36	MS-T37002365J	mands-MS-T37002365J
MS-T37001863P-PEMBE-36	MS-T37001863P	mands-MS-T37001863P
MS-T37001046A-MAVI-XS	MS-T37001046A	mands-MS-T37001046A
MS-T37004630F-GRI-M	MS-T37004630F	mands-MS-T37004630F
MS-T37002297J-SIYAH-S	MS-T37002297J	mands-MS-T37002297J
MS-T37001864P-PEMBE-46	MS-T37001864P	mands-MS-T37001864P
MS-T37002315J-BEYAZ-34	MS-T37002315J	mands-MS-T37002315J
MS-T37003706T-BEYAZ-48	MS-T37003706T	mands-MS-T37003706T
MS-T37003706T-BEYAZ-42	MS-T37003706T	mands-MS-T37003706T
MS-T37001842P-BEYAZ-48	MS-T37001842P	mands-MS-T37001842P
MS-T37004630F-RENKSIZ-M	MS-T37004630F	mands-MS-T37004630F
MS-T37003702T-PEMBE-50	MS-T37003702T	mands-MS-T37003702T
MS-T37001822P-RENKSIZ-36	MS-T37001822P	mands-MS-T37001822P
MS-T37004630F-RENKSIZ-L	MS-T37004630F	mands-MS-T37004630F
MS-T37002297J-SIYAH-XS	MS-T37002297J	mands-MS-T37002297J
MS-T37001842P-BEYAZ-34	MS-T37001842P	mands-MS-T37001842P
MS-T37003706T-SIYAH-46	MS-T37003706T	mands-MS-T37003706T
MS-T37004627F-RENKSIZ-XXL	MS-T37004627F	mands-MS-T37004627F
MS-T37002301J-GRI-L	MS-T37002301J	mands-MS-T37002301J
MS-T37001843P-MAVI-34	MS-T37001843P	mands-MS-T37001843P
MS-T37001864P-PEMBE-44	MS-T37001864P	mands-MS-T37001864P
MS-T37006220X-PEMBE-40	MS-T37006220X	mands-MS-T37006220X
MS-T37001046A-MAVI-L	MS-T37001046A	mands-MS-T37001046A
MS-T37001843P-MAVI-50	MS-T37001843P	mands-MS-T37001843P
MS-T37002315J-BEYAZ-46	MS-T37002315J	mands-MS-T37002315J
MS-T37003706T-SIYAH-50	MS-T37003706T	mands-MS-T37003706T
MS-T37002301J-GRI-S	MS-T37002301J	mands-MS-T37002301J
MS-T37003469S-MAVI-44	MS-T37003469S	mands-MS-T37003469S
MS-T37001043A-BEJ-34	MS-T37001043A	mands-MS-T37001043A
MS-T37002317J-MAVI-40	MS-T37002317J	mands-MS-T37002317J
MS-T37001822P-RENKSIZ-40	MS-T37001822P	mands-MS-T37001822P
MS-T37004627F-RENKSIZ-M	MS-T37004627F	mands-MS-T37004627F
MS-T37001864P-PEMBE-38	MS-T37001864P	mands-MS-T37001864P
MS-T37001864P-PEMBE-36	MS-T37001864P	mands-MS-T37001864P
MS-T37001822P-RENKSIZ-46	MS-T37001822P	mands-MS-T37001822P
MS-T37004627F-RENKSIZ-XS	MS-T37004627F	mands-MS-T37004627F
MS-T37002003A-BEYAZ-40	MS-T37002003A	mands-MS-T37002003A
MS-T37002317J-MAVI-38	MS-T37002317J	mands-MS-T37002317J
MS-T37001863P-PEMBE-38	MS-T37001863P	mands-MS-T37001863P
MS-T37001842P-BEYAZ-44	MS-T37001842P	mands-MS-T37001842P
MS-T37001842P-BEYAZ-36	MS-T37001842P	mands-MS-T37001842P
MS-T37006220X-PEMBE-50	MS-T37006220X	mands-MS-T37006220X
MS-T37006204X-KREM-50	MS-T37006204X	mands-MS-T37006204X
MS-T37002003A-BEYAZ-36	MS-T37002003A	mands-MS-T37002003A
MS-T37003706T-BEYAZ-46	MS-T37003706T	mands-MS-T37003706T
MS-T37004630F-RENKSIZ-S	MS-T37004630F	mands-MS-T37004630F
MS-T37003706T-BEYAZ-40	MS-T37003706T	mands-MS-T37003706T
MS-T37002003A-BEYAZ-46	MS-T37002003A	mands-MS-T37002003A
MS-T37002232J-SIYAH-46	MS-T37002232J	mands-MS-T37002232J
MS-T37006220X-PEMBE-42	MS-T37006220X	mands-MS-T37006220X
MS-T37006204X-KREM-38	MS-T37006204X	mands-MS-T37006204X
MS-T37004630F-GRI-XS	MS-T37004630F	mands-MS-T37004630F
MS-T37006204X-KREM-44	MS-T37006204X	mands-MS-T37006204X
MS-T37002003A-BEYAZ-42	MS-T37002003A	mands-MS-T37002003A
MS-T37001842P-BEYAZ-50	MS-T37001842P	mands-MS-T37001842P
MS-T37002365J-KIRMIZI-42	MS-T37002365J	mands-MS-T37002365J
MS-T37004621F-KREM-XL	MS-T37004621F	mands-MS-T37004621F
MS-T37001822P-RENKSIZ-44	MS-T37001822P	mands-MS-T37001822P
MS-T37003706T-SIYAH-44	MS-T37003706T	mands-MS-T37003706T
MS-T37002317J-MAVI-46	MS-T37002317J	mands-MS-T37002317J
MS-T37002301J-GRI-XS	MS-T37002301J	mands-MS-T37002301J
MS-T37001046A-MAVI-S	MS-T37001046A	mands-MS-T37001046A
MS-T37003702T-PEMBE-44	MS-T37003702T	mands-MS-T37003702T
MS-T37002365J-KIRMIZI-50	MS-T37002365J	mands-MS-T37002365J
MS-T37001822P-RENKSIZ-48	MS-T37001822P	mands-MS-T37001822P
MS-T37002232J-SIYAH-42	MS-T37002232J	mands-MS-T37002232J
MS-T37002365J-KIRMIZI-44	MS-T37002365J	mands-MS-T37002365J
MS-T37002297J-SIYAH-M	MS-T37002297J	mands-MS-T37002297J
MS-T37002315J-BEYAZ-50	MS-T37002315J	mands-MS-T37002315J
MS-T37002317J-MAVI-50	MS-T37002317J	mands-MS-T37002317J
MS-T37006204X-KREM-46	MS-T37006204X	mands-MS-T37006204X
MS-T37004630F-GRI-L	MS-T37004630F	mands-MS-T37004630F
MS-T37001863P-PEMBE-46	MS-T37001863P	mands-MS-T37001863P
MS-T37002003A-BEYAZ-38	MS-T37002003A	mands-MS-T37002003A
MS-T37004630F-GRI-S	MS-T37004630F	mands-MS-T37004630F
MS-T37003469S-MAVI-48	MS-T37003469S	mands-MS-T37003469S
MS-T37001864P-PEMBE-34	MS-T37001864P	mands-MS-T37001864P
MS-T37002365J-KIRMIZI-48	MS-T37002365J	mands-MS-T37002365J
MS-T37002365J-KIRMIZI-40	MS-T37002365J	mands-MS-T37002365J
MS-T37002003A-BEYAZ-44	MS-T37002003A	mands-MS-T37002003A
MS-T37002297J-SIYAH-XXS	MS-T37002297J	mands-MS-T37002297J
MS-T37003706T-SIYAH-40	MS-T37003706T	mands-MS-T37003706T
MS-T37002301J-GRI-M	MS-T37002301J	mands-MS-T37002301J
MS-T37003469S-MAVI-34	MS-T37003469S	mands-MS-T37003469S
MS-T37003702T-PEMBE-38	MS-T37003702T	mands-MS-T37003702T
MS-T37002297J-SIYAH-XL	MS-T37002297J	mands-MS-T37002297J
MS-T37004621F-KREM-XS	MS-T37004621F	mands-MS-T37004621F
MS-T37006204X-KREM-48	MS-T37006204X	mands-MS-T37006204X
MS-T37003702T-PEMBE-46	MS-T37003702T	mands-MS-T37003702T
MS-T37003469S-MAVI-40	MS-T37003469S	mands-MS-T37003469S
MS-T37002232J-SIYAH-34	MS-T37002232J	mands-MS-T37002232J
MS-T37003706T-SIYAH-34	MS-T37003706T	mands-MS-T37003706T
MS-T37001043A-BEJ-38	MS-T37001043A	mands-MS-T37001043A
MS-T37004630F-RENKSIZ-XXL	MS-T37004630F	mands-MS-T37004630F
MS-T37002315J-BEYAZ-38	MS-T37002315J	mands-MS-T37002315J
MS-T37001822P-RENKSIZ-38	MS-T37001822P	mands-MS-T37001822P
MS-T37006220X-PEMBE-44	MS-T37006220X	mands-MS-T37006220X
MS-T37002315J-BEYAZ-44	MS-T37002315J	mands-MS-T37002315J
MS-T37003706T-BEYAZ-34	MS-T37003706T	mands-MS-T37003706T
MS-T37001843P-MAVI-48	MS-T37001843P	mands-MS-T37001843P
MS-T37001043A-BEJ-48	MS-T37001043A	mands-MS-T37001043A
MS-T37004621F-KREM-M	MS-T37004621F	mands-MS-T37004621F
MS-T37003469S-MAVI-46	MS-T37003469S	mands-MS-T37003469S
MS-T37002232J-SIYAH-44	MS-T37002232J	mands-MS-T37002232J
MS-T37002301J-GRI-XXS	MS-T37002301J	mands-MS-T37002301J
MS-T37001842P-BEYAZ-42	MS-T37001842P	mands-MS-T37001842P
MS-T37003469S-MAVI-50	MS-T37003469S	mands-MS-T37003469S
MS-T37002317J-MAVI-34	MS-T37002317J	mands-MS-T37002317J
MS-T37002317J-MAVI-36	MS-T37002317J	mands-MS-T37002317J
MS-T37006204X-KREM-36	MS-T37006204X	mands-MS-T37006204X
MS-T37003469S-MAVI-42	MS-T37003469S	mands-MS-T37003469S
MS-T37003706T-SIYAH-48	MS-T37003706T	mands-MS-T37003706T
MS-T37001863P-PEMBE-42	MS-T37001863P	mands-MS-T37001863P
MS-T37003702T-PEMBE-48	MS-T37003702T	mands-MS-T37003702T
MS-T37001043A-BEJ-40	MS-T37001043A	mands-MS-T37001043A
MS-T37001864P-PEMBE-50	MS-T37001864P	mands-MS-T37001864P
MS-T37006220X-PEMBE-48	MS-T37006220X	mands-MS-T37006220X
MS-T37001864P-PEMBE-40	MS-T37001864P	mands-MS-T37001864P
MS-T37006204X-KREM-34	MS-T37006204X	mands-MS-T37006204X
MS-T37004630F-RENKSIZ-XS	MS-T37004630F	mands-MS-T37004630F
MS-T37001043A-BEJ-36	MS-T37001043A	mands-MS-T37001043A
MS-T37004630F-GRI-XXL	MS-T37004630F	mands-MS-T37004630F
MS-T37002003A-BEYAZ-34	MS-T37002003A	mands-MS-T37002003A
MS-T37001843P-MAVI-44	MS-T37001843P	mands-MS-T37001843P
MS-T37002317J-MAVI-44	MS-T37002317J	mands-MS-T37002317J
MS-T37003469S-MAVI-38	MS-T37003469S	mands-MS-T37003469S
MS-T37002315J-BEYAZ-40	MS-T37002315J	mands-MS-T37002315J
MS-T37002365J-KIRMIZI-34	MS-T37002365J	mands-MS-T37002365J
MS-T37006204X-KREM-40	MS-T37006204X	mands-MS-T37006204X
MS-T37002315J-BEYAZ-48	MS-T37002315J	mands-MS-T37002315J
MS-T37003702T-PEMBE-34	MS-T37003702T	mands-MS-T37003702T
MS-T37004627F-RENKSIZ-XL	MS-T37004627F	mands-MS-T37004627F
MS-T37001843P-MAVI-42	MS-T37001843P	mands-MS-T37001843P
MS-T37003469S-MAVI-36	MS-T37003469S	mands-MS-T37003469S
MS-T37002232J-SIYAH-50	MS-T37002232J	mands-MS-T37002232J
MS-T37004630F-RENKSIZ-XL	MS-T37004630F	mands-MS-T37004630F
MS-T37002315J-BEYAZ-36	MS-T37002315J	mands-MS-T37002315J
MS-T37004627F-RENKSIZ-L	MS-T37004627F	mands-MS-T37004627F
MS-T37006220X-PEMBE-38	MS-T37006220X	mands-MS-T37006220X
MS-T37001842P-BEYAZ-46	MS-T37001842P	mands-MS-T37001842P
MS-T37004621F-KREM-L	MS-T37004621F	mands-MS-T37004621F
MS-T37006220X-PEMBE-34	MS-T37006220X	mands-MS-T37006220X
MS-T37001863P-PEMBE-50	MS-T37001863P	mands-MS-T37001863P
MS-T37003706T-SIYAH-38	MS-T37003706T	mands-MS-T37003706T
MS-T37001863P-PEMBE-40	MS-T37001863P	mands-MS-T37001863P
MS-T37001043A-BEJ-44	MS-T37001043A	mands-MS-T37001043A
MS-T37001043A-BEJ-42	MS-T37001043A	mands-MS-T37001043A
MS-T37002232J-SIYAH-36	MS-T37002232J	mands-MS-T37002232J
MS-T37002365J-KIRMIZI-46	MS-T37002365J	mands-MS-T37002365J
MS-T37003702T-PEMBE-42	MS-T37003702T	mands-MS-T37003702T
MS-T37003706T-SIYAH-42	MS-T37003706T	mands-MS-T37003706T
MS-T37001843P-MAVI-38	MS-T37001843P	mands-MS-T37001843P
MS-T37002315J-BEYAZ-42	MS-T37002315J	mands-MS-T37002315J
MS-T37001843P-MAVI-36	MS-T37001843P	mands-MS-T37001843P
MS-T37001822P-RENKSIZ-42	MS-T37001822P	mands-MS-T37001822P
MS-T37001843P-MAVI-46	MS-T37001843P	mands-MS-T37001843P
MS-T37001843P-MAVI-40	MS-T37001843P	mands-MS-T37001843P
MS-T37001043A-BEJ-50	MS-T37001043A	mands-MS-T37001043A
MS-T81006849L-PINKMIX-40	mands-T81006849L	mands-MS-T81006849L
MS-T32004536-OATMEALMIX-44	mands-T32004536	mands-MS-T32004536
MS-T32006867-WHITE-50	mands-T32006867	mands-MS-T32006867
MS-T32006867-WHITE-48	mands-T32006867	mands-MS-T32006867
MS-T32004532X-ROSEQUARTZ-40	mands-T32004532X	mands-MS-T32004532X
MS-T61004054B-BLACK-42	mands-T61004054B	mands-MS-T61004054B
MS-T32004536-OATMEALMIX-50	mands-T32004536	mands-MS-T32004536
MS-T32004536-OATMEALMIX-56	mands-T32004536	mands-MS-T32004536
MS-T61004054E-BLACK-52	mands-T61004054E_MS-T61004054E-BLACK-52	mands-MS-T61004054E
MS-T61004054B-BLACK-46	mands-T61004054B	mands-MS-T61004054B
MS-T61004054B-BLACK-50	mands-T61004054B	mands-MS-T61004054B
MS-T61004054E-BLACK-40	mands-T61004054E	mands-MS-T61004054E
MS-T32005000-WHITE-42	mands-T32005000	mands-MS-T32005000
MS-T32006867-WHITE-54	mands-T32006867	mands-MS-T32006867
MS-T32005000-WHITE-56	mands-T32005000	mands-MS-T32005000
MS-T32005000-WHITE-50	mands-T32005000	mands-MS-T32005000
MS-T32004536-WHITE-40	mands-T32004536	mands-MS-T32004536
MS-T32004532X-ROSEQUARTZ-50	mands-T32004532X	mands-MS-T32004532X
MS-T32004532X-ROSEQUARTZ-44	mands-T32004532X	mands-MS-T32004532X
MS-T32004536-WHITE-48	mands-T32004536	mands-MS-T32004536
MS-T32006867-WHITE-56	mands-T32006867	mands-MS-T32006867
MS-T61004054B-OPALINE-40	mands-T61004054B	mands-MS-T61004054B
MS-T61004054B-OPALINE-52	mands-T61004054B_MS-T61004054B-OPALINE-52	mands-MS-T61004054B
MS-T61004054B-BLACK-48	mands-T61004054B	mands-MS-T61004054B
MS-T61004054B-ROSEQUARTZ-50	mands-T61004054B	mands-MS-T61004054B
MS-T61004054E-BLACK-44	mands-T61004054E	mands-MS-T61004054E
MS-T61004054E-BLACK-56	mands-T61004054E	mands-MS-T61004054E
MS-T61004054E-BLACK-42	mands-T61004054E	mands-MS-T61004054E
MS-T32006867-WHITE-44	mands-T32006867	mands-MS-T32006867
MS-T32006867-WHITE-42	mands-T32006867	mands-MS-T32006867
MS-T61004054T-BLACK-40	mands-T61004054T	mands-MS-T61004054T
MS-T61004054T-BLACK-52	mands-T61004054T	mands-MS-T61004054T
MS-T32004536-OATMEALMIX-40	mands-T32004536	mands-MS-T32004536
MS-T32004536-OATMEALMIX-52	mands-T32004536	mands-MS-T32004536
MS-T32004536-OATMEALMIX-42	mands-T32004536	mands-MS-T32004536
MS-T81006849L-PINKMIX-42	mands-T81006849L	mands-MS-T81006849L
MS-T32005000-WHITE-54	mands-T32005000	mands-MS-T32005000
MS-T61004054T-BLACK-50	mands-T61004054T	mands-MS-T61004054T
MS-T32004532-WHITE-42	mands-T32004532	mands-MS-T32004532
MS-T32004532-WHITE-46	mands-T32004532	mands-MS-T32004532
MS-T32004532X-ROSEQUARTZ-52	mands-T32004532X	mands-MS-T32004532X
MS-T61004054B-BLACK-56	mands-T61004054B	mands-MS-T61004054B
MS-T61004054T-BLACK-46	mands-T61004054T	mands-MS-T61004054T
MS-T61004054B-OPALINE-50	mands-T61004054B	mands-MS-T61004054B
MS-T61004054B-OPALINE-48	mands-T61004054B	mands-MS-T61004054B
MS-T32004536-WHITE-46	mands-T32004536	mands-MS-T32004536
MS-T61004054B-BLACK-44	mands-T61004054B	mands-MS-T61004054B
MS-T61004054E-BLACK-54	mands-T61004054E	mands-MS-T61004054E
MS-T32004532-WHITE-56	mands-T32004532	mands-MS-T32004532
MS-T32004532X-ROSEQUARTZ-46	mands-T32004532X	mands-MS-T32004532X
MS-T32004532X-ROSEQUARTZ-42	mands-T32004532X	mands-MS-T32004532X
MS-T61005184B-WHITEMIX-56	mands-T61005184B	mands-MS-T61005184B
MS-T32004536-OATMEALMIX-46	mands-T32004536	mands-MS-T32004536
MS-T61004054B-BLACK-54	mands-T61004054B	mands-MS-T61004054B
MS-T32004536-WHITE-52	mands-T32004536	mands-MS-T32004536
MS-T61004054E-BLACK-48	mands-T61004054E	mands-MS-T61004054E
MS-T32005000-WHITE-46	mands-T32005000	mands-MS-T32005000
MS-T61004054B-OPALINE-54	mands-T61004054B	mands-MS-T61004054B
MS-T61004054B-OPALINE-56	mands-T61004054B	mands-MS-T61004054B
MS-T61004054B-ROSEQUARTZ-52	mands-T61004054B_MS-T61004054B-ROSEQUARTZ-52	mands-MS-T61004054B
MS-T32006867-WHITE-52	mands-T32006867	mands-MS-T32006867
MS-T61004054B-ROSEQUARTZ-56	mands-T61004054B	mands-MS-T61004054B
MS-T32004536-WHITE-50	mands-T32004536	mands-MS-T32004536
MS-T32006867-WHITE-40	mands-T32006867	mands-MS-T32006867
MS-T32004532-WHITE-40	mands-T32004532	mands-MS-T32004532
MS-T61004054E-BLACK-46	mands-T61004054E	mands-MS-T61004054E
MS-T32005000-WHITE-40	mands-T32005000	mands-MS-T32005000
MS-T32004532-WHITE-48	mands-T32004532	mands-MS-T32004532
MS-T61005184B-WHITEMIX-46	mands-T61005184B	mands-MS-T61005184B
MS-T32004536-WHITE-44	mands-T32004536	mands-MS-T32004536
MS-T61005184B-WHITEMIX-40	mands-T61005184B	mands-MS-T61005184B
MS-T32005000-WHITE-44	mands-T32005000	mands-MS-T32005000
MS-T61004054B-BLACK-52	mands-T61004054B_MS-T61004054B-BLACK-52	mands-MS-T61004054B
MS-T61004054B-ROSEQUARTZ-54	mands-T61004054B	mands-MS-T61004054B
MS-T61004054T-BLACK-48	mands-T61004054T	mands-MS-T61004054T
MS-T32004532-WHITE-44	mands-T32004532	mands-MS-T32004532
MS-T32004536-WHITE-56	mands-T32004536	mands-MS-T32004536
MS-T61004054E-BLACK-50	mands-T61004054E	mands-MS-T61004054E
MS-T32004536-OATMEALMIX-48	mands-T32004536	mands-MS-T32004536
MS-T32006867-WHITE-46	mands-T32006867	mands-MS-T32006867
MS-T32005000-WHITE-48	mands-T32005000	mands-MS-T32005000
MS-T32004532X-ROSEQUARTZ-56	mands-T32004532X	mands-MS-T32004532X
MS-T61004054T-BLACK-44	mands-T61004054T	mands-MS-T61004054T
MS-T61004054T-BLACK-42	mands-T61004054T	mands-MS-T61004054T
MS-T61005184B-WHITEMIX-48	mands-T61005184B	mands-MS-T61005184B
MS-T32004532X-ROSEQUARTZ-48	mands-T32004532X	mands-MS-T32004532X
MS-T32004536-WHITE-42	mands-T32004536	mands-MS-T32004536
MS-T32004532-WHITE-54	mands-T32004532	mands-MS-T32004532
MS-T32004532-WHITE-50	mands-T32004532	mands-MS-T32004532
MS-T32004532X-ROSEQUARTZ-54	mands-T32004532X	mands-MS-T32004532X
MS-T32004536-OATMEALMIX-54	mands-T32004536	mands-MS-T32004536
MS-T32004532-WHITE-52	mands-T32004532	mands-MS-T32004532
MS-T32004536-WHITE-54	mands-T32004536	mands-MS-T32004536
MS-T32005000-WHITE-52	mands-T32005000	mands-MS-T32005000
MS-T32004503-WHITE-48	mands-T32004503	mands-MS-T32004503
MS-T32006815-COCOA-40	mands-T32006815	mands-MS-T32006815
MS-T32004503-WHITE-44	mands-T32004503	mands-MS-T32004503
MS-T32007599-NUDEMIX-52	mands-T32007599	mands-MS-T32007599
MS-T32004503-GREYMARL-46	mands-T32004503	mands-MS-T32004503
MS-T32006815-WHITE-56	mands-T32006815	mands-MS-T32006815
MS-T32004503-MAHOGANY-48	mands-T32004503	mands-MS-T32004503
MS-T32006815-OPAL-54	mands-T32006815	mands-MS-T32006815
MS-T32006867-NAVY-50	mands-T32006867	mands-MS-T32006867
MS-T32006830-OPAL-36	mands-T32006830	mands-MS-T32006830
MS-T32006830-OPAL-44	mands-T32006830	mands-MS-T32006830
MS-T32004503-IVORY-46	mands-T32004503	mands-MS-T32004503
MS-T32005094-WHITE-46	mands-T32005094	mands-MS-T32005094
MS-T32006828-OPAL-56	mands-T32006828	mands-MS-T32006828
MS-T32006815-WHITE-54	mands-T32006815	mands-MS-T32006815
MS-T32006815-OPAL-56	mands-T32006815	mands-MS-T32006815
MS-T32006815-WHITE-42	mands-T32006815	mands-MS-T32006815
MS-T32004503-GREYMARL-52	mands-T32004503	mands-MS-T32004503
MS-T32006867-NAVY-42	mands-T32006867	mands-MS-T32006867
MS-T32004503-MAHOGANY-44	mands-T32004503	mands-MS-T32004503
MS-T32006815-COCOA-48	mands-T32006815	mands-MS-T32006815
MS-T32004536-IVORYMIX-46	mands-T32004536	mands-MS-T32004536
MS-T32006867-NAVY-48	mands-T32006867	mands-MS-T32006867
MS-T32006815-COCOA-52	mands-T32006815	mands-MS-T32006815
MS-T32006815-COCOA-42	mands-T32006815	mands-MS-T32006815
MS-T32004503-MAHOGANY-56	mands-T32004503	mands-MS-T32004503
MS-T32006815-OPAL-42	mands-T32006815	mands-MS-T32006815
MS-T32005034M-WHITE-40	mands-T32005034M	mands-MS-T32005034M
MS-T32004536-IVORYMIX-56	mands-T32004536	mands-MS-T32004536
MS-T32004536-IVORYMIX-50	mands-T32004536	mands-MS-T32004536
MS-T37003705T-WHITE-44	mands-T37003705T	mands-MS-T37003705T
MS-T32004503-MAHOGANY-42	mands-T32004503	mands-MS-T32004503
MS-T32006815-WHITE-40	mands-T32006815	mands-MS-T32006815
MS-T32006815-OPAL-52	mands-T32006815	mands-MS-T32006815
MS-T32004536-IVORYMIX-40	mands-T32004536	mands-MS-T32004536
MS-T32006828-OPAL-52	mands-T32006828	mands-MS-T32006828
MS-T32006828-OPAL-54	mands-T32006828	mands-MS-T32006828
MS-T37003705T-GREY-34	mands-T37003705T	mands-MS-T37003705T
MS-T32006828-OPAL-40	mands-T32006828	mands-MS-T32006828
MS-T32006815-WHITE-44	mands-T32006815	mands-MS-T32006815
MS-T32006815-OPAL-44	mands-T32006815	mands-MS-T32006815
MS-T32007599-NUDEMIX-48	mands-T32007599	mands-MS-T32007599
MS-T32006815-OPAL-46	mands-T32006815	mands-MS-T32006815
MS-T32004503-IVORY-48	mands-T32004503	mands-MS-T32004503
MS-T32006830-OPAL-40	mands-T32006830	mands-MS-T32006830
MS-T32004503-IVORY-44	mands-T32004503	mands-MS-T32004503
MS-T37003705T-WHITE-34	mands-T37003705T	mands-MS-T37003705T
MS-T32004503-IVORY-52	mands-T32004503	mands-MS-T32004503
MS-T32004503-MAHOGANY-52	mands-T32004503	mands-MS-T32004503
MS-T32004503-GREYMARL-42	mands-T32004503	mands-MS-T32004503
MS-T32004503-GREYMARL-48	mands-T32004503	mands-MS-T32004503
MS-T32006815-WHITE-48	mands-T32006815	mands-MS-T32006815
MS-T32006867-NAVY-52	mands-T32006867	mands-MS-T32006867
MS-T32006815-COCOA-50	mands-T32006815	mands-MS-T32006815
MS-T32006815-WHITE-50	mands-T32006815	mands-MS-T32006815
MS-T32004503-MAHOGANY-54	mands-T32004503	mands-MS-T32004503
MS-T32004503-IVORY-54	mands-T32004503	mands-MS-T32004503
MS-T32007598-WHITE-54	mands-T32007598	mands-MS-T32007598
MS-T32006815-COCOA-44	mands-T32006815	mands-MS-T32006815
MS-T32006815-OPAL-40	mands-T32006815	mands-MS-T32006815
MS-T32004536-IVORYMIX-42	mands-T32004536	mands-MS-T32004536
MS-T32006815-OPAL-50	mands-T32006815	mands-MS-T32006815
MS-T32006815-COCOA-54	mands-T32006815	mands-MS-T32006815
MS-T32005094-WHITE-54	mands-T32005094	mands-MS-T32005094
MS-T32004536-IVORYMIX-48	mands-T32004536	mands-MS-T32004536
MS-T32007599-NUDEMIX-54	mands-T32007599	mands-MS-T32007599
MS-T32006828-OPAL-46	mands-T32006828	mands-MS-T32006828
MS-T32006867-NAVY-40	mands-T32006867	mands-MS-T32006867
MS-T32004503-MAHOGANY-50	mands-T32004503	mands-MS-T32004503
MS-T32006828-OPAL-48	mands-T32006828	mands-MS-T32006828
MS-T32004532-NAVYMIX-56	mands-T32004532	mands-MS-T32004532
MS-T32006815-WHITE-52	mands-T32006815	mands-MS-T32006815
MS-T32004503-GREYMARL-40	mands-T32004503	mands-MS-T32004503
MS-T32006815-COCOA-46	mands-T32006815	mands-MS-T32006815
MS-T32004536-IVORYMIX-44	mands-T32004536	mands-MS-T32004536
MS-T32006828-OPAL-42	mands-T32006828	mands-MS-T32006828
MS-T32004503-WHITE-46	mands-T32004503	mands-MS-T32004503
MS-T32004503-MAHOGANY-46	mands-T32004503	mands-MS-T32004503
MS-T32006815-WHITE-46	mands-T32006815	mands-MS-T32006815
MS-T32004503-WHITE-50	mands-T32004503	mands-MS-T32004503
MS-T32006830-OPAL-48	mands-T32006830	mands-MS-T32006830
MS-T32004503-WHITE-40	mands-T32004503	mands-MS-T32004503
MS-T32005034M-WHITE-44	mands-T32005034M	mands-MS-T32005034M
MS-T32007599-NUDEMIX-50	mands-T32007599	mands-MS-T32007599
MS-T32004503-WHITE-52	mands-T32004503	mands-MS-T32004503
MS-T32006815-COCOA-56	mands-T32006815	mands-MS-T32006815
MS-T32006815-OPAL-48	mands-T32006815	mands-MS-T32006815
MS-T32005094-WHITE-42	mands-T32005094	mands-MS-T32005094
MS-T32004503-GREYMARL-44	mands-T32004503	mands-MS-T32004503
MS-T37003705T-WHITE-36	mands-T37003705T	mands-MS-T37003705T
MS-T32004503-IVORY-42	mands-T32004503	mands-MS-T32004503
MS-T32007599-NUDEMIX-56	mands-T32007599	mands-MS-T32007599
MS-T32006828-OPAL-44	mands-T32006828	mands-MS-T32006828
MS-T32005034M-WHITE-42	mands-T32005034M	mands-MS-T32005034M
MS-T32006828-OPAL-50	mands-T32006828	mands-MS-T32006828
MS-T32004536-IVORYMIX-52	mands-T32004536	mands-MS-T32004536
MS-T32004503-MAHOGANY-40	mands-T32004503	mands-MS-T32004503
MS-T32004503-IVORY-50	mands-T32004503	mands-MS-T32004503
MS-T32006867-NAVY-44	mands-T32006867	mands-MS-T32006867
MS-T32004536-IVORYMIX-54	mands-T32004536	mands-MS-T32004536
MS-T32004532-BLUEMIX-44	mands-T32004532	mands-MS-T32004532
MS-T32006867-SUGARPLUM-54	mands-T32006867	mands-MS-T32006867
MS-T32006867-BLACK-48	mands-T32006867	mands-MS-T32006867
MS-T32006867-BLACK-42	mands-T32006867	mands-MS-T32006867
MS-T32006867-BLACK-56	mands-T32006867	mands-MS-T32006867
MS-T32006867-BLACK-50	mands-T32006867	mands-MS-T32006867
MS-T32004532-BLUEMIX-42	mands-T32004532	mands-MS-T32004532
MS-T32006867-BLACK-44	mands-T32006867	mands-MS-T32006867
MS-T32006867-SUGARPLUM-56	mands-T32006867	mands-MS-T32006867
MS-T37003778T-BLUEMIX-44	mands-T37003778T	mands-MS-T37003778T
MS-T32006870-SUGARPLUM-56	mands-T32006870	mands-MS-T32006870
MS-T32006870-SUGARPLUM-46	mands-T32006870	mands-MS-T32006870
MS-T32006870-SUGARPLUM-50	mands-T32006870	mands-MS-T32006870
MS-T37003778T-BLUEMIX-34	mands-T37003778T	mands-MS-T37003778T
MS-T32006870-SUGARPLUM-40	mands-T32006870	mands-MS-T32006870
MS-T32006867-SUGARPLUM-48	mands-T32006867	mands-MS-T32006867
MS-T32006867-BLACK-52	mands-T32006867	mands-MS-T32006867
MS-T32006870-BLACK-46	mands-T32006870	mands-MS-T32006870
MS-T32006867-BLACK-46	mands-T32006867	mands-MS-T32006867
MS-T32006867-SUGARPLUM-44	mands-T32006867	mands-MS-T32006867
MS-T32006870-SUGARPLUM-42	mands-T32006870	mands-MS-T32006870
MS-T37003778T-BLUEMIX-36	mands-T37003778T	mands-MS-T37003778T
MS-T32004532-BLUEMIX-52	mands-T32004532	mands-MS-T32004532
MS-T32004536-NAVYMIX-52	mands-T32004536	mands-MS-T32004536
MS-T32004532-BLUEMIX-50	mands-T32004532	mands-MS-T32004532
MS-T32006867-SUGARPLUM-42	mands-T32006867	mands-MS-T32006867
MS-T32004536-NAVYMIX-44	mands-T32004536	mands-MS-T32004536
MS-T32006870-BLACK-40	mands-T32006870	mands-MS-T32006870
MS-T32004532-BLUEMIX-40	mands-T32004532	mands-MS-T32004532
MS-T32006870-BLACK-44	mands-T32006870	mands-MS-T32006870
MS-T32004532-BLUEMIX-54	mands-T32004532	mands-MS-T32004532
MS-T37003778T-BLUEMIX-48	mands-T37003778T	mands-MS-T37003778T
MS-T32006867-BLACK-54	mands-T32006867	mands-MS-T32006867
MS-T32006867-SUGARPLUM-50	mands-T32006867	mands-MS-T32006867
MS-T32004532-BLUEMIX-46	mands-T32004532	mands-MS-T32004532
MS-T32006867-BLACK-40	mands-T32006867	mands-MS-T32006867
MS-T32006870-SUGARPLUM-44	mands-T32006870	mands-MS-T32006870
MS-T32006870-BLACK-42	mands-T32006870	mands-MS-T32006870
MS-T32006870-SUGARPLUM-48	mands-T32006870	mands-MS-T32006870
MS-T32004536-NAVYMIX-42	mands-T32004536	mands-MS-T32004536
MS-T32004536-NAVYMIX-40	mands-T32004536	mands-MS-T32004536
MS-T32004532-BLUEMIX-56	mands-T32004532	mands-MS-T32004532
MS-T32006867-SUGARPLUM-52	mands-T32006867	mands-MS-T32006867
MS-T37003778T-BLUEMIX-40	mands-T37003778T	mands-MS-T37003778T
MS-T32004532-BLUEMIX-48	mands-T32004532	mands-MS-T32004532
MS-T32006867-SUGARPLUM-40	mands-T32006867	mands-MS-T32006867
MS-T32006870-SUGARPLUM-54	mands-T32006870	mands-MS-T32006870
MS-T32006867-SUGARPLUM-46	mands-T32006867	mands-MS-T32006867
MS-T32005000-BLACK-46	mands-T32005000	mands-MS-T32005000
MS-T32004536-BLACK-42	mands-T32004536	mands-MS-T32004536
MS-T32006828-BLACK-48	mands-T32006828	mands-MS-T32006828
MS-T32006815-BLACK-54	mands-T32006815	mands-MS-T32006815
MS-T32004532-BLACK-50	mands-T32004532	mands-MS-T32004532
MS-T32004532-BLACK-48	mands-T32004532	mands-MS-T32004532
MS-T32006828-BLACK-40	mands-T32006828	mands-MS-T32006828
MS-T32006870-BLACK-52	mands-T32006870	mands-MS-T32006870
MS-T32005000-BLACK-52	mands-T32005000	mands-MS-T32005000
MS-T32004532-BLACK-54	mands-T32004532	mands-MS-T32004532
MS-T32004536-BLACK-48	mands-T32004536	mands-MS-T32004536
MS-T32006828-BLACK-50	mands-T32006828	mands-MS-T32006828
MS-T32006870-BLACK-56	mands-T32006870	mands-MS-T32006870
MS-T32006815-BLACK-50	mands-T32006815	mands-MS-T32006815
MS-T32005000-BLACK-42	mands-T32005000	mands-MS-T32005000
MS-T32005000-BLACK-44	mands-T32005000	mands-MS-T32005000
MS-T32005000-BLACK-50	mands-T32005000	mands-MS-T32005000
MS-T32005000-BLACK-40	mands-T32005000	mands-MS-T32005000
MS-T32005000-BLACK-56	mands-T32005000	mands-MS-T32005000
MS-T32004536-BLACK-50	mands-T32004536	mands-MS-T32004536
MS-T32006828-BLACK-42	mands-T32006828	mands-MS-T32006828
MS-T32006870-BLACK-50	mands-T32006870	mands-MS-T32006870
MS-T32004532-BLACK-52	mands-T32004532	mands-MS-T32004532
MS-T32006828-BLACK-46	mands-T32006828	mands-MS-T32006828
MS-T32006870-BLACK-48	mands-T32006870	mands-MS-T32006870
MS-T32005000-BLACK-48	mands-T32005000	mands-MS-T32005000
MS-T32006828-BLACK-54	mands-T32006828	mands-MS-T32006828
MS-T32004532-BLACK-40	mands-T32004532	mands-MS-T32004532
MS-T32004536-BLACK-46	mands-T32004536	mands-MS-T32004536
MS-T32006815-BLACK-40	mands-T32006815	mands-MS-T32006815
MS-T32004536-BLACK-44	mands-T32004536	mands-MS-T32004536
MS-T32006815-BLACK-46	mands-T32006815	mands-MS-T32006815
MS-T32005000-BLACK-54	mands-T32005000	mands-MS-T32005000
MS-T32006815-BLACK-44	mands-T32006815	mands-MS-T32006815
MS-T32006815-BLACK-48	mands-T32006815	mands-MS-T32006815
MS-T32006828-BLACK-52	mands-T32006828	mands-MS-T32006828
MS-T32004532-BLACK-42	mands-T32004532	mands-MS-T32004532
MS-T32006828-BLACK-56	mands-T32006828	mands-MS-T32006828
MS-T32004532-BLACK-44	mands-T32004532	mands-MS-T32004532
MS-T32006815-BLACK-56	mands-T32006815	mands-MS-T32006815
MS-T32006828-BLACK-44	mands-T32006828	mands-MS-T32006828
MS-T32004532-BLACK-46	mands-T32004532	mands-MS-T32004532
MS-T32006815-BLACK-42	mands-T32006815	mands-MS-T32006815
MS-T32004536-BLACK-54	mands-T32004536	mands-MS-T32004536
MS-T32004532-BLACK-56	mands-T32004532	mands-MS-T32004532
MS-T32004536-BLACK-56	mands-T32004536	mands-MS-T32004536
MS-T32006815-BLACK-52	mands-T32006815	mands-MS-T32006815
MS-T32004536-BLACK-40	mands-T32004536	mands-MS-T32004536
MS-T32006830-BLACK-36	mands-T32006830	mands-MS-T32006830
MS-T32006830-BLACK-40	mands-T32006830	mands-MS-T32006830
MS-T32006830-BLACK-44	mands-T32006830	mands-MS-T32006830
MS-T32004536-BLACK-52	mands-T32004536	mands-MS-T32004536
MS-T61002030X-ROSEQUARTZ-54	mands-T61002030X	mands-MS-T61002030X
MS-T61004101E-ROSEQUARTZ-48	mands-T61004101E	mands-MS-T61004101E
MS-T61004868P-SEAGREEN-40	mands-T61004868P	mands-MS-T61004868P
MS-T61002030X-ROSEQUARTZ-46	mands-T61002030X	mands-MS-T61002030X
MS-T61006230J-DUSTYGREEN-34	mands-T61006230J	mands-MS-T61006230J
MS-T61006232B-DUSTYGREEN-44	mands-T61006232B	mands-MS-T61006232B
MS-T32005039M-BLACKMIX-36	mands-T32005039M	mands-MS-T32005039M
MS-T61002003X-ROSEQUARTZ-40	mands-T61002003X	mands-MS-T61002003X
MS-T61002003X-ROSEQUARTZ-52	mands-T61002003X	mands-MS-T61002003X
MS-T61005022L-ROSEQUARTZ-44	mands-T61005022L	mands-MS-T61005022L
MS-T61002003X-ROSEQUARTZ-54	mands-T61002003X	mands-MS-T61002003X
MS-T61005390H-OPAL-50	mands-T61005390H	mands-MS-T61005390H
MS-T61004104X-ROSEQUARTZ-40	mands-T61004104X	mands-MS-T61004104X
MS-T61008800T-ROSEQUARTZ-40	mands-T61008800T	mands-MS-T61008800T
MS-T61005390H-OPAL-46	mands-T61005390H	mands-MS-T61005390H
MS-T61002005X-ROSEQUARTZ-48	mands-T61002005X	mands-MS-T61002005X
MS-T32004503-SOFTGREEN-52	mands-T32004503	mands-MS-T32004503
MS-T32004503-BLACK-42	mands-T32004503	mands-MS-T32004503
MS-T61005390H-OPAL-48	mands-T61005390H	mands-MS-T61005390H
MS-T61002003X-ROSEQUARTZ-48	mands-T61002003X	mands-MS-T61002003X
MS-T61002030X-ROSEQUARTZ-40	mands-T61002030X	mands-MS-T61002030X
MS-T61005390H-OPAL-44	mands-T61005390H	mands-MS-T61005390H
MS-T61005390H-OPAL-42	mands-T61005390H	mands-MS-T61005390H
MS-T61005390H-OPAL-40	mands-T61005390H	mands-MS-T61005390H
MS-T61006230J-DUSTYGREEN-48	mands-T61006230J	mands-MS-T61006230J
MS-T61004883J-OATMEALMIX-50	mands-T61004883J	mands-MS-T61004883J
MS-T61004101E-ROSEQUARTZ-52	mands-T61004101E_MS-T61004101E-ROSEQUARTZ-52	mands-MS-T61004101E
MS-T61005390H-ROSEQUARTZ-50	mands-T61005390H	mands-MS-T61005390H
MS-T61002005X-ROSEQUARTZ-50	mands-T61002005X	mands-MS-T61002005X
MS-T61002030X-ROSEQUARTZ-42	mands-T61002030X	mands-MS-T61002030X
MS-T61004104X-ROSEQUARTZ-44	mands-T61004104X	mands-MS-T61004104X
MS-T61002030X-ROSEQUARTZ-44	mands-T61002030X	mands-MS-T61002030X
MS-T61006230J-DUSTYGREEN-40	mands-T61006230J	mands-MS-T61006230J
MS-T32004503-SOFTGREEN-48	mands-T32004503	mands-MS-T32004503
MS-T61006232B-DUSTYGREEN-36	mands-T61006232B	mands-MS-T61006232B
MS-T61006230J-DUSTYGREEN-36	mands-T61006230J	mands-MS-T61006230J
MS-T61008800T-ROSEQUARTZ-52	mands-T61008800T	mands-MS-T61008800T
MS-T61004101E-ROSEQUARTZ-42	mands-T61004101E	mands-MS-T61004101E
MS-T61005022L-ROSEQUARTZ-40	mands-T61005022L	mands-MS-T61005022L
MS-T61002030X-ROSEQUARTZ-52	mands-T61002030X_MS-T61002030X-ROSEQUARTZ-52	mands-MS-T61002030X
MS-T61006232B-DUSTYGREEN-40	mands-T61006232B	mands-MS-T61006232B
MS-T61004101E-ROSEQUARTZ-54	mands-T61004101E	mands-MS-T61004101E
MS-T61004101E-ROSEQUARTZ-44	mands-T61004101E	mands-MS-T61004101E
MS-T61008800T-ROSEQUARTZ-44	mands-T61008800T	mands-MS-T61008800T
MS-T32004503-SOFTGREEN-42	mands-T32004503	mands-MS-T32004503
MS-T32005039M-BLACKMIX-44	mands-T32005039M	mands-MS-T32005039M
MS-T61002003X-ROSEQUARTZ-44	mands-T61002003X	mands-MS-T61002003X
MS-T61004101E-ROSEQUARTZ-56	mands-T61004101E	mands-MS-T61004101E
MS-T61002005X-ROSEQUARTZ-54	mands-T61002005X	mands-MS-T61002005X
MS-T32004503-SOFTGREEN-50	mands-T32004503	mands-MS-T32004503
MS-T61002005X-ROSEQUARTZ-52	mands-T61002005X_MS-T61002005X-ROSEQUARTZ-52	mands-MS-T61002005X
MS-T61004104X-ROSEQUARTZ-46	mands-T61004104X	mands-MS-T61004104X
MS-T61004104X-ROSEQUARTZ-54	mands-T61004104X	mands-MS-T61004104X
MS-T61002030X-ROSEQUARTZ-50	mands-T61002030X	mands-MS-T61002030X
MS-T61005390H-ROSEQUARTZ-40	mands-T61005390H	mands-MS-T61005390H
MS-T61008800T-ROSEQUARTZ-46	mands-T61008800T	mands-MS-T61008800T
MS-T61008800T-ROSEQUARTZ-54	mands-T61008800T	mands-MS-T61008800T
MS-T32004503-BLACK-50	mands-T32004503	mands-MS-T32004503
MS-T61004104X-ROSEQUARTZ-42	mands-T61004104X	mands-MS-T61004104X
MS-T32004503-SOFTGREEN-44	mands-T32004503	mands-MS-T32004503
MS-T61002005X-ROSEQUARTZ-46	mands-T61002005X	mands-MS-T61002005X
MS-T32004503-SOFTGREEN-46	mands-T32004503	mands-MS-T32004503
MS-T61004104X-ROSEQUARTZ-52	mands-T61004104X_MS-T61004104X-ROSEQUARTZ-52	mands-MS-T61004104X
MS-T32004503-SOFTGREEN-56	mands-T32004503	mands-MS-T32004503
MS-T61006232B-DUSTYGREEN-48	mands-T61006232B	mands-MS-T61006232B
MS-T61004883J-OATMEALMIX-48	mands-T61004883J	mands-MS-T61004883J
MS-T61002003X-ROSEQUARTZ-42	mands-T61002003X	mands-MS-T61002003X
MS-T61004883J-OATMEALMIX-40	mands-T61004883J	mands-MS-T61004883J
MS-T32006830-BLACK-48	mands-T32006830	mands-MS-T32006830
MS-T61004101E-ROSEQUARTZ-50	mands-T61004101E	mands-MS-T61004101E
MS-T61004883J-OATMEALMIX-44	mands-T61004883J	mands-MS-T61004883J
MS-T32004503-BLACK-44	mands-T32004503	mands-MS-T32004503
MS-T61002030X-ROSEQUARTZ-56	mands-T61002030X	mands-MS-T61002030X
MS-T61004104X-ROSEQUARTZ-56	mands-T61004104X	mands-MS-T61004104X
MS-T61004883J-OATMEALMIX-52	mands-T61004883J	mands-MS-T61004883J
MS-T32004503-BLACK-48	mands-T32004503	mands-MS-T32004503
MS-T61002030X-ROSEQUARTZ-48	mands-T61002030X	mands-MS-T61002030X
MS-T61004883J-OATMEALMIX-46	mands-T61004883J	mands-MS-T61004883J
MS-T32004503-BLACK-46	mands-T32004503	mands-MS-T32004503
MS-T61002003X-ROSEQUARTZ-56	mands-T61002003X	mands-MS-T61002003X
MS-T61002005X-ROSEQUARTZ-44	mands-T61002005X	mands-MS-T61002005X
MS-T61002005X-ROSEQUARTZ-42	mands-T61002005X	mands-MS-T61002005X
MS-T61002003X-ROSEQUARTZ-46	mands-T61002003X	mands-MS-T61002003X
MS-T61005022L-ROSEQUARTZ-42	mands-T61005022L	mands-MS-T61005022L
MS-T61004104X-ROSEQUARTZ-48	mands-T61004104X	mands-MS-T61004104X
MS-T61004101E-ROSEQUARTZ-40	mands-T61004101E	mands-MS-T61004101E
MS-T61008800T-ROSEQUARTZ-42	mands-T61008800T	mands-MS-T61008800T
MS-T32005039M-BLACKMIX-40	mands-T32005039M	mands-MS-T32005039M
MS-T61002005X-ROSEQUARTZ-56	mands-T61002005X	mands-MS-T61002005X
MS-T61004104X-ROSEQUARTZ-50	mands-T61004104X	mands-MS-T61004104X
MS-T32004503-BLACK-54	mands-T32004503	mands-MS-T32004503
MS-T61002005X-ROSEQUARTZ-40	mands-T61002005X	mands-MS-T61002005X
MS-T61004883J-OATMEALMIX-42	mands-T61004883J	mands-MS-T61004883J
MS-T61004101E-ROSEQUARTZ-46	mands-T61004101E	mands-MS-T61004101E
MS-T61006232B-DUSTYGREEN-34	mands-T61006232B	mands-MS-T61006232B
MS-T61002003X-ROSEQUARTZ-50	mands-T61002003X	mands-MS-T61002003X
MS-T61005022L-ROSEQUARTZ-50	mands-T61005022L	mands-MS-T61005022L
MS-T32006762H-FUDGE-46	mands-T32006762H	mands-MS-T32006762H
MS-T61004101T-ROSEQUARTZ-54	mands-T61004101T	mands-MS-T61004101T
MS-T61004934P-WHITE-48	mands-T61004934P	mands-MS-T61004934P
MS-T61004930P-WHITE-40	mands-T61004930P	mands-MS-T61004930P
MS-T32006762H-FUDGE-42	mands-T32006762H	mands-MS-T32006762H
MS-T61004934P-WHITE-42	mands-T61004934P	mands-MS-T61004934P
MS-T61005780S-WHITE-46	mands-T61005780S	mands-MS-T61005780S
MS-T32006762H-FUDGE-48	mands-T32006762H	mands-MS-T32006762H
MS-T61005780S-WHITE-48	mands-T61005780S	mands-MS-T61005780S
MS-T61004936P-WHITE-52	mands-T61004936P	mands-MS-T61004936P
MS-T32006762H-FUDGE-44	mands-T32006762H	mands-MS-T32006762H
MS-T61005022L-ROSEQUARTZ-48	mands-T61005022L_MS-T61005022L-ROSEQUARTZ-48	mands-MS-T61005022L
MS-T61004101T-ROSEQUARTZ-50	mands-T61004101T	mands-MS-T61004101T
MS-T61004933P-WHITE-42	mands-T61004933P	mands-MS-T61004933P
MS-T61005780S-WHITE-50	mands-T61005780S	mands-MS-T61005780S
MS-T61005780S-WHITE-56	mands-T61005780S	mands-MS-T61005780S
MS-T61004936P-WHITE-40	mands-T61004936P	mands-MS-T61004936P
MS-T61004936P-WHITE-44	mands-T61004936P	mands-MS-T61004936P
MS-T61004936P-WHITE-48	mands-T61004936P	mands-MS-T61004936P
MS-T32006762H-FUDGE-54	mands-T32006762H	mands-MS-T32006762H
MS-T32006762H-FUDGE-56	mands-T32006762H	mands-MS-T32006762H
MS-T61004101E-WHITE-40	mands-T61004101E	mands-MS-T61004101E
MS-T61005780S-WHITE-40	mands-T61005780S	mands-MS-T61005780S
MS-T61004933P-WHITE-56	mands-T61004933P	mands-MS-T61004933P
MS-T61004936P-WHITE-54	mands-T61004936P	mands-MS-T61004936P
MS-T61004934P-WHITE-52	mands-T61004934P_MS-T61004934P-WHITE-52	mands-MS-T61004934P
MS-T61005780S-WHITE-44	mands-T61005780S	mands-MS-T61005780S
MS-T61005022L-WHITE-52	mands-T61005022L_MS-T61005022L-WHITE-52	mands-MS-T61005022L
MS-T61004936P-WHITE-46	mands-T61004936P	mands-MS-T61004936P
MS-T61004101T-ROSEQUARTZ-44	mands-T61004101T	mands-MS-T61004101T
MS-T61004933P-WHITE-44	mands-T61004933P	mands-MS-T61004933P
MS-T61005022L-ROSEQUARTZ-52	mands-T61005022L_MS-T61005022L-ROSEQUARTZ-52	mands-MS-T61005022L
MS-T61007804B-OATMEAL-40	mands-T61007804B	mands-MS-T61007804B
MS-T61004930P-WHITE-44	mands-T61004930P	mands-MS-T61004930P
MS-T61004101E-WHITE-56	mands-T61004101E	mands-MS-T61004101E
MS-T61005022L-WHITE-46	mands-T61005022L	mands-MS-T61005022L
MS-T61005780S-WHITE-52	mands-T61005780S_MS-T61005780S-WHITE-52	mands-MS-T61005780S
MS-T61004933P-WHITE-48	mands-T61004933P	mands-MS-T61004933P
MS-T61005780S-WHITE-42	mands-T61005780S	mands-MS-T61005780S
MS-T61004930P-WHITE-56	mands-T61004930P	mands-MS-T61004930P
MS-T61005022L-ROSEQUARTZ-54	mands-T61005022L	mands-MS-T61005022L
MS-T61004936P-WHITE-50	mands-T61004936P	mands-MS-T61004936P
MS-T32006762H-FUDGE-50	mands-T32006762H	mands-MS-T32006762H
MS-T61004930P-WHITE-52	mands-T61004930P	mands-MS-T61004930P
MS-T61007804B-OATMEAL-44	mands-T61007804B	mands-MS-T61007804B
MS-T32006762H-FUDGE-52	mands-T32006762H	mands-MS-T32006762H
MS-T61004933P-WHITE-40	mands-T61004933P	mands-MS-T61004933P
MS-T61004287-WHITE-54	mands-T61004287	mands-MS-T61004287
MS-T61005022L-ROSEQUARTZ-56	mands-T61005022L	mands-MS-T61005022L
MS-T61007804B-OATMEAL-36	mands-T61007804B	mands-MS-T61007804B
MS-T61004934P-WHITE-54	mands-T61004934P	mands-MS-T61004934P
MS-T61004930P-WHITE-48	mands-T61004930P	mands-MS-T61004930P
MS-T61005780S-WHITE-54	mands-T61005780S	mands-MS-T61005780S
MS-T61004287-WHITE-52	mands-T61004287	mands-MS-T61004287
MS-T61004101E-WHITE-52	mands-T61004101E	mands-MS-T61004101E
MS-T61004101E-WHITE-50	mands-T61004101E	mands-MS-T61004101E
MS-T61004934P-WHITE-40	mands-T61004934P	mands-MS-T61004934P
MS-T61004933P-WHITE-50	mands-T61004933P	mands-MS-T61004933P
MS-T61004933P-WHITE-54	mands-T61004933P	mands-MS-T61004933P
MS-T61004101E-WHITE-44	mands-T61004101E	mands-MS-T61004101E
MS-T61004930P-WHITE-42	mands-T61004930P	mands-MS-T61004930P
MS-T61004934P-WHITE-44	mands-T61004934P	mands-MS-T61004934P
MS-T61004101E-WHITE-46	mands-T61004101E	mands-MS-T61004101E
MS-T61004934P-WHITE-46	mands-T61004934P	mands-MS-T61004934P
MS-T61005022L-ROSEQUARTZ-46	mands-T61005022L	mands-MS-T61005022L
MS-T61007804B-OATMEAL-34	mands-T61007804B	mands-MS-T61007804B
MS-T61005022L-WHITE-42	mands-T61005022L	mands-MS-T61005022L
MS-T61004930P-WHITE-54	mands-T61004930P	mands-MS-T61004930P
MS-T61004101T-ROSEQUARTZ-48	mands-T61004101T	mands-MS-T61004101T
MS-T61004101T-ROSEQUARTZ-40	mands-T61004101T	mands-MS-T61004101T
MS-T61004287-WHITE-44	mands-T61004287	mands-MS-T61004287
MS-T61005022L-WHITE-40	mands-T61005022L	mands-MS-T61005022L
MS-T61004101T-ROSEQUARTZ-42	mands-T61004101T	mands-MS-T61004101T
MS-T61005022L-WHITE-48	mands-T61005022L	mands-MS-T61005022L
MS-T61004933P-WHITE-46	mands-T61004933P	mands-MS-T61004933P
MS-T61004930P-WHITE-50	mands-T61004930P	mands-MS-T61004930P
MS-T61004287-WHITE-56	mands-T61004287	mands-MS-T61004287
MS-T61004101E-WHITE-42	mands-T61004101E	mands-MS-T61004101E
MS-T61004933P-WHITE-52	mands-T61004933P_MS-T61004933P-WHITE-52	mands-MS-T61004933P
MS-T61004287-WHITE-40	mands-T61004287	mands-MS-T61004287
MS-T61004101T-ROSEQUARTZ-46	mands-T61004101T	mands-MS-T61004101T
MS-T61004101T-ROSEQUARTZ-52	mands-T61004101T	mands-MS-T61004101T
MS-T61004934P-WHITE-50	mands-T61004934P	mands-MS-T61004934P
MS-T61004934P-WHITE-56	mands-T61004934P	mands-MS-T61004934P
MS-T61004287-WHITE-48	mands-T61004287	mands-MS-T61004287
MS-T61004930P-WHITE-46	mands-T61004930P	mands-MS-T61004930P
MS-T61004936P-WHITE-42	mands-T61004936P	mands-MS-T61004936P
MS-T61005022L-WHITE-44	mands-T61005022L	mands-MS-T61005022L
MS-T61004287-WHITE-50	mands-T61004287	mands-MS-T61004287
MS-T61004287-WHITE-46	mands-T61004287	mands-MS-T61004287
MS-T61005022L-WHITE-50	mands-T61005022L	mands-MS-T61005022L
MS-T61004287-WHITE-42	mands-T61004287	mands-MS-T61004287
MS-T61004101E-WHITE-48	mands-T61004101E	mands-MS-T61004101E
MS-T61005104T-OATMEALMIX-36	mands-T61005104T	mands-MS-T61005104T
MS-T32006822-OPAL-50	mands-T32006822	mands-MS-T32006822
MS-T61005104T-OATMEALMIX-44	mands-T61005104T	mands-MS-T61005104T
MS-T61005022L-WHITE-56	mands-T61005022L	mands-MS-T61005022L
MS-T61005104T-OATMEALMIX-48	mands-T61005104T	mands-MS-T61005104T
MS-T32006822-OPAL-42	mands-T32006822	mands-MS-T32006822
MS-T32006822-OPAL-54	mands-T32006822	mands-MS-T32006822
MS-T32006822-OPAL-56	mands-T32006822	mands-MS-T32006822
MS-T32006822-OPAL-48	mands-T32006822	mands-MS-T32006822
MS-T32006822-OPAL-52	mands-T32006822	mands-MS-T32006822
MS-T32006822-OPAL-44	mands-T32006822	mands-MS-T32006822
MS-T61005022L-WHITE-54	mands-T61005022L	mands-MS-T61005022L
MS-T61006203J-WHITE-34	mands-T61006203J	mands-MS-T61006203J
MS-T32006822-OPAL-46	mands-T32006822	mands-MS-T32006822
MS-T61005104T-OATMEALMIX-40	mands-T61005104T	mands-MS-T61005104T
MS-T61006203J-WHITE-36	mands-T61006203J	mands-MS-T61006203J
MS-T81006860A-PRALINE-50	mands-T81006860A	mands-MS-T81006860A
MS-T61004001T-GREYMIX-46	mands-T61004001T	mands-MS-T61004001T
MS-T61005185T-WHITE-44	mands-T61005185T	mands-MS-T61005185T
MS-T61005022L-PRALINE-52	mands-T61005022L	mands-MS-T61005022L
MS-T61006230J-WHITE-48	mands-T61006230J	mands-MS-T61006230J
MS-T61004305T-GREYMARL-44	mands-T61004305T	mands-MS-T61004305T
MS-T61004954B-PRALINE-46	mands-T61004954B	mands-MS-T61004954B
MS-T61005022L-PRALINE-46	mands-T61005022L	mands-MS-T61005022L
MS-T61004000L-GREYMIX-42	mands-T61004000L	mands-MS-T61004000L
MS-T61004954B-PRALINE-56	mands-T61004954B	mands-MS-T61004954B
MS-T61005022L-PRALINE-44	mands-T61005022L	mands-MS-T61005022L
MS-T61004000L-GREYMIX-48	mands-T61004000L	mands-MS-T61004000L
MS-T61004000O-GREYMIX-44	mands-T61004000O	mands-MS-T61004000O
MS-T61004000L-GREYMIX-50	mands-T61004000L	mands-MS-T61004000L
MS-T32006811B-OPAL-44	mands-T32006811B	mands-MS-T32006811B
MS-T61006230J-WHITE-34	mands-T61006230J	mands-MS-T61006230J
MS-T61005104T-GREYMIX-36	mands-T61005104T	mands-MS-T61005104T
MS-T61005104T-GREYMIX-44	mands-T61005104T	mands-MS-T61005104T
MS-T61004008I-GREYMIX-50	mands-T61004008I	mands-MS-T61004008I
MS-T61004008I-GREYMIX-46	mands-T61004008I	mands-MS-T61004008I
MS-T61005022L-PRALINE-42	mands-T61005022L	mands-MS-T61005022L
MS-T61004954B-PRALINE-44	mands-T61004954B	mands-MS-T61004954B
MS-T81006860L-PRALINE-40	mands-T81006860L	mands-MS-T81006860L
MS-T61004000O-GREYMIX-40	mands-T61004000O	mands-MS-T61004000O
MS-T81006860A-PRALINE-52	mands-T81006860A	mands-MS-T81006860A
MS-T61004954B-PRALINE-50	mands-T61004954B	mands-MS-T61004954B
MS-T61005110L-OPALINEMIX-40	mands-T61005110L	mands-MS-T61005110L
MS-T61005110L-GREYMIX-36	mands-T61005110L	mands-MS-T61005110L
MS-T81006860L-PRALINE-50	mands-T81006860L	mands-MS-T81006860L
MS-T32006811B-OPAL-36	mands-T32006811B	mands-MS-T32006811B
MS-T61005110L-OPALINEMIX-44	mands-T61005110L	mands-MS-T61005110L
MS-T61004000L-GREYMIX-40	mands-T61004000L	mands-MS-T61004000L
MS-T61006230J-WHITE-40	mands-T61006230J	mands-MS-T61006230J
MS-T61004000L-GREYMIX-56	mands-T61004000L	mands-MS-T61004000L
MS-T61004001T-GREYMIX-42	mands-T61004001T	mands-MS-T61004001T
MS-T61004008I-GREYMIX-54	mands-T61004008I	mands-MS-T61004008I
MS-T61004000L-GREYMIX-46	mands-T61004000L	mands-MS-T61004000L
MS-T61004305T-GREYMARL-34	mands-T61004305T	mands-MS-T61004305T
MS-T61004714F-OPALINEMIX-42	mands-T61004714F	mands-MS-T61004714F
MS-T81006860A-PRALINE-40	mands-T81006860A	mands-MS-T81006860A
MS-T61004714F-OPALINEMIX-50	mands-T61004714F	mands-MS-T61004714F
MS-T61004008I-GREYMIX-48	mands-T61004008I	mands-MS-T61004008I
MS-T61005022L-PRALINE-40	mands-T61005022L	mands-MS-T61005022L
MS-T61004954B-PRALINE-40	mands-T61004954B	mands-MS-T61004954B
MS-T61005185T-WHITE-52	mands-T61005185T	mands-MS-T61005185T
MS-T61004954B-PRALINE-42	mands-T61004954B	mands-MS-T61004954B
MS-T61004007I-BROWNMIX-44	mands-T61004007I	mands-MS-T61004007I
MS-T61005110L-OPALINEMIX-36	mands-T61005110L	mands-MS-T61005110L
MS-T61005185T-WHITE-50	mands-T61005185T	mands-MS-T61005185T
MS-T61005185T-WHITE-40	mands-T61005185T	mands-MS-T61005185T
MS-T61005022L-PRALINE-54	mands-T61005022L	mands-MS-T61005022L
MS-T61004714F-OPALINEMIX-40	mands-T61004714F	mands-MS-T61004714F
MS-T61004008I-GREYMIX-40	mands-T61004008I	mands-MS-T61004008I
MS-T61005110L-GREYMIX-40	mands-T61005110L	mands-MS-T61005110L
MS-T61005185T-WHITE-54	mands-T61005185T	mands-MS-T61005185T
MS-T61004305T-GREYMARL-36	mands-T61004305T	mands-MS-T61004305T
MS-T61004954B-PRALINE-48	mands-T61004954B	mands-MS-T61004954B
MS-T61004714F-OPALINEMIX-48	mands-T61004714F	mands-MS-T61004714F
MS-T61005185T-WHITE-42	mands-T61005185T	mands-MS-T61005185T
MS-T61004000L-GREYMIX-44	mands-T61004000L	mands-MS-T61004000L
MS-T61004001T-GREYMIX-50	mands-T61004001T	mands-MS-T61004001T
MS-T61004001T-GREYMIX-52	mands-T61004001T	mands-MS-T61004001T
MS-T61006230J-WHITE-44	mands-T61006230J	mands-MS-T61006230J
MS-T61005110L-GREYMIX-44	mands-T61005110L	mands-MS-T61005110L
MS-T61005022L-PRALINE-50	mands-T61005022L	mands-MS-T61005022L
MS-T61005185T-WHITE-48	mands-T61005185T	mands-MS-T61005185T
MS-T81006860L-PRALINE-48	mands-T81006860L	mands-MS-T81006860L
MS-T61004000L-GREYMIX-54	mands-T61004000L	mands-MS-T61004000L
MS-T61004954B-PRALINE-52	mands-T61004954B_MS-T61004954B-PRALINE-52	mands-MS-T61004954B
MS-T61005185T-WHITE-46	mands-T61005185T	mands-MS-T61005185T
MS-T61004007I-BROWNMIX-36	mands-T61004007I	mands-MS-T61004007I
MS-T61005110L-OPALINEMIX-48	mands-T61005110L	mands-MS-T61005110L
MS-T61004007I-BROWNMIX-40	mands-T61004007I	mands-MS-T61004007I
MS-T61004714F-OPALINEMIX-52	mands-T61004714F_MS-T61004714F-OPALINEMIX-52	mands-MS-T61004714F
MS-T61005104T-GREYMIX-48	mands-T61005104T	mands-MS-T61005104T
MS-T61006203J-WHITE-40	mands-T61006203J	mands-MS-T61006203J
MS-T81006860L-PRALINE-44	mands-T81006860L	mands-MS-T81006860L
MS-T32006811B-OPAL-40	mands-T32006811B	mands-MS-T32006811B
MS-T61005022L-PRALINE-56	mands-T61005022L	mands-MS-T61005022L
MS-T61004000O-GREYMIX-48	mands-T61004000O	mands-MS-T61004000O
MS-T61004007I-BROWNMIX-34	mands-T61004007I	mands-MS-T61004007I
MS-T61004954B-PRALINE-54	mands-T61004954B	mands-MS-T61004954B
MS-T32006811B-OPAL-34	mands-T32006811B	mands-MS-T32006811B
MS-T61006230J-WHITE-36	mands-T61006230J	mands-MS-T61006230J
MS-T61004008I-GREYMIX-42	mands-T61004008I	mands-MS-T61004008I
MS-T61005104T-GREYMIX-40	mands-T61005104T	mands-MS-T61005104T
MS-T61004001T-GREYMIX-40	mands-T61004001T	mands-MS-T61004001T
MS-T61004008I-GREYMIX-44	mands-T61004008I	mands-MS-T61004008I
MS-T32006811B-OPAL-48	mands-T32006811B	mands-MS-T32006811B
MS-T61005022L-PRALINE-48	mands-T61005022L	mands-MS-T61005022L
MS-T81007812T-RED-40	mands-T81007812T	mands-MS-T81007812T
MS-T81006860L-PRALINE-52	mands-T81006860L	mands-MS-T81006860L
MS-T61004714F-OPALINEMIX-44	mands-T61004714F	mands-MS-T61004714F
MS-T81006860L-PRALINE-42	mands-T81006860L	mands-MS-T81006860L
MS-T61004001T-GREYMIX-44	mands-T61004001T	mands-MS-T61004001T
MS-T61004001T-GREYMIX-48	mands-T61004001T	mands-MS-T61004001T
MS-T81007812T-RED-50	mands-T81007812T	mands-MS-T81007812T
MS-T61004714F-OPALINEMIX-46	mands-T61004714F	mands-MS-T61004714F
MS-T61006907H-NAVYMIX-34	mands-T61006907H	mands-MS-T61006907H
MS-T61005101T-SOFTBLUE-40	mands-T61005101T	mands-MS-T61005101T
MS-T61006232L-HOTPINK-34	mands-T61006232L	mands-MS-T61006232L
MS-T81008901J-PINKSORBET-40	mands-T81008901J	mands-MS-T81008901J
MS-T61004001I-POWDERPINK-34	mands-T61004001I	mands-MS-T61004001I
MS-T61005022L-DUSKYPINK-44	mands-T61005022L	mands-MS-T61005022L
MS-T61005101T-SOFTBLUE-48	mands-T61005101T	mands-MS-T61005101T
MS-T61004601T-BLACK-42	mands-T61004601T	mands-MS-T61004601T
MS-T81006849J-PINKMIX-48	mands-T81006849J	mands-MS-T81006849J
MS-T61004954B-BLACK-50	mands-T61004954B	mands-MS-T61004954B
MS-T61008800T-BLUEMIX-54	mands-T61008800T	mands-MS-T61008800T
MS-T81008901T-PINKSORBET-46	mands-T81008901T	mands-MS-T81008901T
MS-T61008800T-BLUEMIX-42	mands-T61008800T	mands-MS-T61008800T
MS-T61004714F-BLACK-46	mands-T61004714F	mands-MS-T61004714F
MS-T61005101T-SOFTBLUE-54	mands-T61005101T	mands-MS-T61005101T
MS-T61004300T-SOFTBLUE-44	mands-T61004300T	mands-MS-T61004300T
MS-T81005076U-MEDIUMBROWN-46	mands-T81005076U	mands-MS-T81005076U
MS-T81005076J-MEDIUMBROWN-50	mands-T81005076J	mands-MS-T81005076J
MS-T61005022L-DUSKYPINK-50	mands-T61005022L_MS-T61005022L-DUSKYPINK-50	mands-MS-T61005022L
MS-T81008901J-PINKSORBET-50	mands-T81008901J	mands-MS-T81008901J
MS-T81006849V-PINKMIX-42	mands-T81006849V	mands-MS-T81006849V
MS-T61005022L-DUSKYPINK-48	mands-T61005022L_MS-T61005022L-DUSKYPINK-48	mands-MS-T61005022L
MS-T81005076J-MEDIUMBROWN-48	mands-T81005076J	mands-MS-T81005076J
MS-T61008800T-BLUEMIX-44	mands-T61008800T	mands-MS-T61008800T
MS-T81006849V-PINKMIX-44	mands-T81006849V	mands-MS-T81006849V
MS-T61004601T-BLACK-44	mands-T61004601T	mands-MS-T61004601T
MS-T61005185T-DUSKYPINK-48	mands-T61005185T	mands-MS-T61005185T
MS-T81005076U-MEDIUMBROWN-42	mands-T81005076U	mands-MS-T81005076U
MS-T61004000O-OPALINEMIX-44	mands-T61004000O	mands-MS-T61004000O
MS-T81000025A-TAWNY-50	mands-T81000025A	mands-MS-T81000025A
MS-T81006849J-PINKMIX-52	mands-T81006849J	mands-MS-T81006849J
MS-T61005185T-DUSKYPINK-44	mands-T61005185T	mands-MS-T61005185T
MS-T81000025A-TAWNY-44	mands-T81000025A_MS-T81000025A-TAWNY-44	mands-MS-T81000025A
MS-T61004601T-BLACK-46	mands-T61004601T	mands-MS-T61004601T
MS-T61005185T-DUSKYPINK-54	mands-T61005185T	mands-MS-T61005185T
MS-T61004714F-OPALINEMIX-54	mands-T61004714F	mands-MS-T61004714F
MS-T61004112E-ROSEQUARTZ-56	mands-T61004112E	mands-MS-T61004112E
MS-T61005022L-DUSKYPINK-56	mands-T61005022L_MS-T61005022L-DUSKYPINK-56	mands-MS-T61005022L
MS-T61005002B-BROWNHAZE-36	mands-T61005002B	mands-MS-T61005002B
MS-T61005022L-DUSKYPINK-52	mands-T61005022L_MS-T61005022L-DUSKYPINK-52	mands-MS-T61005022L
MS-T61006907H-NAVYMIX-36	mands-T61006907H	mands-MS-T61006907H
MS-T61005185T-DUSKYPINK-46	mands-T61005185T	mands-MS-T61005185T
MS-T81000025A-TAWNY-42	mands-T81000025A	mands-MS-T81000025A
MS-T61005002B-BROWNHAZE-34	mands-T61005002B	mands-MS-T61005002B
MS-T81006849J-PINKMIX-50	mands-T81006849J	mands-MS-T81006849J
MS-T61004112E-ROSEQUARTZ-40	mands-T61004112E	mands-MS-T61004112E
MS-T61004601T-BLACK-40	mands-T61004601T	mands-MS-T61004601T
MS-T61004000O-OPALINEMIX-48	mands-T61004000O	mands-MS-T61004000O
MS-T61005101T-SOFTBLUE-50	mands-T61005101T	mands-MS-T61005101T
MS-T61005185T-DUSKYPINK-40	mands-T61005185T	mands-MS-T61005185T
MS-T61005101T-SOFTBLUE-42	mands-T61005101T	mands-MS-T61005101T
MS-T61008800T-BLUEMIX-48	mands-T61008800T	mands-MS-T61008800T
MS-T61005101T-SOFTBLUE-46	mands-T61005101T	mands-MS-T61005101T
MS-T61005022L-DUSKYPINK-46	mands-T61005022L	mands-MS-T61005022L
MS-T61004001I-POWDERPINK-44	mands-T61004001I	mands-MS-T61004001I
MS-T81006849V-PINKMIX-46	mands-T81006849V	mands-MS-T81006849V
MS-T61005002B-BROWNHAZE-40	mands-T61005002B	mands-MS-T61005002B
MS-T61004601T-BLACK-48	mands-T61004601T	mands-MS-T61004601T
MS-T61005022L-DUSKYPINK-54	mands-T61005022L_MS-T61005022L-DUSKYPINK-54	mands-MS-T61005022L
MS-T61008800T-BLUEMIX-46	mands-T61008800T	mands-MS-T61008800T
MS-T81005076J-MEDIUMBROWN-42	mands-T81005076J	mands-MS-T81005076J
MS-T61004954B-BLACK-54	mands-T61004954B	mands-MS-T61004954B
MS-T81005076U-MEDIUMBROWN-48	mands-T81005076U	mands-MS-T81005076U
MS-T61004300T-SOFTBLUE-40	mands-T61004300T	mands-MS-T61004300T
MS-T81005076J-MEDIUMBROWN-46	mands-T81005076J	mands-MS-T81005076J
MS-T61005002B-BROWNHAZE-44	mands-T61005002B	mands-MS-T61005002B
MS-T61004601T-BLACK-50	mands-T61004601T	mands-MS-T61004601T
MS-T81000025A-TAWNY-48	mands-T81000025A	mands-MS-T81000025A
MS-T61004001I-POWDERPINK-36	mands-T61004001I	mands-MS-T61004001I
MS-T61004954B-BLACK-42	mands-T61004954B	mands-MS-T61004954B
MS-T81005076J-MEDIUMBROWN-44	mands-T81005076J	mands-MS-T81005076J
MS-T61004954B-BLACK-44	mands-T61004954B	mands-MS-T61004954B
MS-T61005022L-DUSKYPINK-42	mands-T61005022L_MS-T61005022L-DUSKYPINK-42	mands-MS-T61005022L
MS-T61005185T-DUSKYPINK-42	mands-T61005185T	mands-MS-T61005185T
MS-T61004954B-BLACK-40	mands-T61004954B	mands-MS-T61004954B
MS-T61005101T-SOFTBLUE-44	mands-T61005101T	mands-MS-T61005101T
MS-T61004001I-POWDERPINK-40	mands-T61004001I	mands-MS-T61004001I
MS-T81008901T-PINKSORBET-48	mands-T81008901T	mands-MS-T81008901T
MS-T61005185T-DUSKYPINK-52	mands-T61005185T	mands-MS-T61005185T
MS-T61004714F-BLACK-44	mands-T61004714F	mands-MS-T61004714F
MS-T61004714F-OPALINEMIX-56	mands-T61004714F	mands-MS-T61004714F
MS-T81000025A-TAWNY-52	mands-T81000025A	mands-MS-T81000025A
MS-T81008901J-PINKSORBET-44	mands-T81008901J	mands-MS-T81008901J
MS-T81005076J-MEDIUMBROWN-40	mands-T81005076J	mands-MS-T81005076J
MS-T61004954B-BLACK-52	mands-T61004954B_MS-T61004954B-BLACK-52	mands-MS-T61004954B
MS-T61005022L-DUSKYPINK-40	mands-T61005022L	mands-MS-T61005022L
MS-T61004954B-BLACK-48	mands-T61004954B	mands-MS-T61004954B
MS-T61005185T-DUSKYPINK-50	mands-T61005185T	mands-MS-T61005185T
MS-T81008901T-PINKSORBET-44	mands-T81008901T	mands-MS-T81008901T
MS-T61008800T-BLUEMIX-40	mands-T61008800T	mands-MS-T61008800T
MS-T81006849V-PINKMIX-48	mands-T81006849V	mands-MS-T81006849V
MS-T81000025A-TAWNY-46	mands-T81000025A	mands-MS-T81000025A
MS-T81006849V-PINKMIX-52	mands-T81006849V	mands-MS-T81006849V
MS-T61004954B-BLACK-46	mands-T61004954B	mands-MS-T61004954B
MS-T81005065S-AIRFORCEBLUE-42	mands-T81005065S	mands-MS-T81005065S
MS-T61004714F-BLACK-40	mands-T61004714F	mands-MS-T61004714F
MS-T61004954B-BLACK-56	mands-T61004954B	mands-MS-T61004954B
MS-T61004101E-BLACK-52	mands-T61004101E_MS-T61004101E-BLACK-52	mands-MS-T61004101E
MS-T61004101E-BLACK-46	mands-T61004101E	mands-MS-T61004101E
MS-T61008800T-BLACK-48	mands-T61008800T	mands-MS-T61008800T
MS-T61005022L-BLACK-54	mands-T61005022L	mands-MS-T61005022L
MS-T61005022L-BLACK-56	mands-T61005022L	mands-MS-T61005022L
MS-T61008800T-BLACK-50	mands-T61008800T	mands-MS-T61008800T
MS-T61004101E-BLACK-42	mands-T61004101E	mands-MS-T61004101E
MS-T61008800T-BLACK-52	mands-T61008800T	mands-MS-T61008800T
MS-T61008800T-BLACK-42	mands-T61008800T	mands-MS-T61008800T
MS-T61004101E-BLACK-40	mands-T61004101E	mands-MS-T61004101E
MS-T61005022L-BLACK-46	mands-T61005022L	mands-MS-T61005022L
MS-T81005068J-BLACK-44	mands-T81005068J	mands-MS-T81005068J
MS-T61008800T-BLACK-46	mands-T61008800T	mands-MS-T61008800T
MS-T61004714F-BLACK-56	mands-T61004714F	mands-MS-T61004714F
MS-T61008800T-BLACK-44	mands-T61008800T	mands-MS-T61008800T
MS-T61004714F-BLACK-52	mands-T61004714F_MS-T61004714F-BLACK-52	mands-MS-T61004714F
MS-T61004714F-BLACK-50	mands-T61004714F	mands-MS-T61004714F
MS-T61004101E-BLACK-50	mands-T61004101E	mands-MS-T61004101E
MS-T61004101E-BLACK-48	mands-T61004101E	mands-MS-T61004101E
MS-T61005022L-BLACK-48	mands-T61005022L	mands-MS-T61005022L
MS-T61004101E-BLACK-44	mands-T61004101E	mands-MS-T61004101E
MS-T61005022L-BLACK-42	mands-T61005022L	mands-MS-T61005022L
MS-T61004714F-BLACK-48	mands-T61004714F	mands-MS-T61004714F
MS-T61008800T-BLACK-40	mands-T61008800T	mands-MS-T61008800T
MS-T81005068J-BLACK-52	mands-T81005068J	mands-MS-T81005068J
MS-T61008800T-BLACK-54	mands-T61008800T	mands-MS-T61008800T
MS-T61004714F-BLACK-54	mands-T61004714F	mands-MS-T61004714F
MS-T61005022L-BLACK-44	mands-T61005022L	mands-MS-T61005022L
MS-T61005022L-BLACK-50	mands-T61005022L	mands-MS-T61005022L
MS-T61005022L-BLACK-40	mands-T61005022L	mands-MS-T61005022L
MS-T61005022L-BLACK-52	mands-T61005022L_MS-T61005022L-BLACK-52	mands-MS-T61005022L
MS-T61004004I-LILAC-36	mands-T61004004I	mands-MS-T61004004I
MS-T61004100I-BLACKMIX-40	mands-T61004100I	mands-MS-T61004100I
MS-T61004306T-BLACK-36	mands-T61004306T	mands-MS-T61004306T
MS-T61004100F-BLACKMIX-44	mands-T61004100F	mands-MS-T61004100F
MS-T61004100I-BLACKMIX-52	mands-T61004100I	mands-MS-T61004100I
MS-T61004100G-BLACKMIX-42	mands-T61004100G	mands-MS-T61004100G
MS-T61004100F-BLACKMIX-52	mands-T61004100F	mands-MS-T61004100F
MS-T61004101T-BLACK-48	mands-T61004101T	mands-MS-T61004101T
MS-T61004100G-BLACKMIX-40	mands-T61004100G	mands-MS-T61004100G
MS-T61004100I-BLACKMIX-48	mands-T61004100I	mands-MS-T61004100I
MS-T61004306T-BLACK-40	mands-T61004306T	mands-MS-T61004306T
MS-T61004100F-BLACKMIX-46	mands-T61004100F	mands-MS-T61004100F
MS-T81006851A-BLACK-42	mands-T81006851A	mands-MS-T81006851A
MS-T61004002I-LIGHTCREAM-36	mands-T61004002I	mands-MS-T61004002I
MS-T61006974T-BLACK-40	mands-T61006974T	mands-MS-T61006974T
MS-T61004100I-BLACKMIX-42	mands-T61004100I	mands-MS-T61004100I
MS-T61004101T-BLACK-46	mands-T61004101T	mands-MS-T61004101T
MS-T61004100F-BLACKMIX-50	mands-T61004100F	mands-MS-T61004100F
MS-T61004002I-LIGHTCREAM-40	mands-T61004002I	mands-MS-T61004002I
MS-T61004100I-BLACKMIX-46	mands-T61004100I	mands-MS-T61004100I
MS-T61004100G-BLACKMIX-46	mands-T61004100G	mands-MS-T61004100G
MS-T61004100I-BLACKMIX-50	mands-T61004100I	mands-MS-T61004100I
MS-T61004004I-LILAC-40	mands-T61004004I	mands-MS-T61004004I
MS-T61004101T-BLACK-40	mands-T61004101T	mands-MS-T61004101T
MS-T81006851A-BLACK-46	mands-T81006851A	mands-MS-T81006851A
MS-T61005185T-BLACK-40	mands-T61005185T	mands-MS-T61005185T
MS-T61007802B-BLACKMIX-40	mands-T61007802B	mands-MS-T61007802B
MS-T61004100G-BLACKMIX-44	mands-T61004100G	mands-MS-T61004100G
MS-T61004100I-BLACKMIX-44	mands-T61004100I	mands-MS-T61004100I
MS-T61004301T-SOFTPINK-40	mands-T61004301T	mands-MS-T61004301T
MS-T61004100F-BLACKMIX-42	mands-T61004100F	mands-MS-T61004100F
MS-T61004100F-BLACKMIX-40	mands-T61004100F	mands-MS-T61004100F
MS-T61004101T-BLACK-42	mands-T61004101T	mands-MS-T61004101T
MS-T81006849L-PINKMIX-34	mands-T81006849L	mands-MS-T81006849L
MS-T81008925T-LIGHTAPPLE-46	mands-T81008925T	mands-MS-T81008925T
MS-T14006822S-MULTI-40	mands-T14006822S	mands-MS-T14006822S
MS-T32004536-WHITE-36	mands-T32004536	mands-MS-T32004536
MS-T61004969F-BLACK-42	mands-T61004969F	mands-MS-T61004969F
MS-T61005390S-ROSEQUARTZ-52	mands-T61005390S_MS-T61005390S-ROSEQUARTZ-52	mands-MS-T61005390S
MS-T61004883G-BLACK-42	mands-T61004883G	mands-MS-T61004883G
MS-T61005186N-SOFTBLUE-48	mands-T61005186N	mands-MS-T61005186N
MS-T61004054B-BLACK-36	mands-T61004054B	mands-MS-T61004054B
MS-T61004054B-ROSEQUARTZ-48	mands-T61004054B	mands-MS-T61004054B
MS-T61005186N-SOFTBLUE-54	mands-T61005186N	mands-MS-T61005186N
MS-T61006102X-ORANGEMIX-48	mands-T61006102X	mands-MS-T61006102X
MS-T61004883G-BLACK-44	mands-T61004883G	mands-MS-T61004883G
MS-T61004054T-BLACK-38	mands-T61004054T	mands-MS-T61004054T
MS-T14006822S-MULTI-44	mands-T14006822S	mands-MS-T14006822S
MS-T61004054B-OPALINE-44	mands-T61004054B	mands-MS-T61004054B
MS-T32004536-OATMEALMIX-38	mands-T32004536	mands-MS-T32004536
MS-T32004536-OATMEALMIX-36	mands-T32004536	mands-MS-T32004536
MS-T61005184B-WHITEMIX-42	mands-T61005184B	mands-MS-T61005184B
MS-T61004883G-BLACK-46	mands-T61004883G	mands-MS-T61004883G
MS-T14002562F-TEALMIX-40	mands-T14002562F	mands-MS-T14002562F
MS-T81006477L-IVORY-40	mands-T81006477L	mands-MS-T81006477L
MS-T61004959E-WHITE-46	mands-T61004959E	mands-MS-T61004959E
MS-T32004532-WHITE-34	mands-T32004532	mands-MS-T32004532
MS-T32006867-WHITE-34	mands-T32006867	mands-MS-T32006867
MS-T81008925J-LIGHTAPPLE-46	mands-T81008925J	mands-MS-T81008925J
MS-T61004054B-BLACK-40	mands-T61004054B	mands-MS-T61004054B
MS-T81006848A-LIGHTKHAKI-42	mands-T81006848A	mands-MS-T81006848A
MS-T61004054B-ROSEQUARTZ-46	mands-T61004054B	mands-MS-T61004054B
MS-T32004503-WHITE-38	mands-T32004503	mands-MS-T32004503
MS-T32007598-WHITE-48	mands-T32007598	mands-MS-T32007598
MS-T61006102X-ORANGEMIX-42	mands-T61006102X	mands-MS-T61006102X
MS-T32004536-OATMEALMIX-34	mands-T32004536	mands-MS-T32004536
MS-T61004969F-BLACK-48	mands-T61004969F	mands-MS-T61004969F
MS-T61004054B-ROSEQUARTZ-44	mands-T61004054B	mands-MS-T61004054B
MS-T61005390T-BLACK-46	mands-T61005390T	mands-MS-T61005390T
MS-T61005185T-BLACK-42	mands-T61005185T	mands-MS-T61005185T
MS-T81006848A-LIGHTKHAKI-40	mands-T81006848A	mands-MS-T81006848A
MS-T14006148A-BLACKMIX-44	mands-T14006148A	mands-MS-T14006148A
MS-T61004054B-OPALINE-42	mands-T61004054B	mands-MS-T61004054B
MS-T32004532X-ROSEQUARTZ-34	mands-T32004532X	mands-MS-T32004532X
MS-T61006102X-ORANGEMIX-46	mands-T61006102X	mands-MS-T61006102X
MS-T61005186N-SOFTBLUE-50	mands-T61005186N	mands-MS-T61005186N
MS-T32006867-WHITE-38	mands-T32006867	mands-MS-T32006867
MS-T61004054B-OPALINE-34	mands-T61004054B	mands-MS-T61004054B
MS-T61005186N-SOFTBLUE-44	mands-T61005186N	mands-MS-T61005186N
MS-T32004532-WHITE-38	mands-T32004532	mands-MS-T32004532
MS-T61005186N-SOFTBLUE-42	mands-T61005186N	mands-MS-T61005186N
MS-T32006815-WHITE-38	mands-T32006815	mands-MS-T32006815
MS-T61005185T-BLACK-48	mands-T61005185T	mands-MS-T61005185T
MS-T32004536-WHITE-38	mands-T32004536	mands-MS-T32004536
MS-T61005390T-BLACK-48	mands-T61005390T	mands-MS-T61005390T
MS-T32005000-WHITE-36	mands-T32005000	mands-MS-T32005000
MS-T61004054B-OPALINE-46	mands-T61004054B	mands-MS-T61004054B
MS-T14005349A-WHITE-44	mands-T14005349A	mands-MS-T14005349A
MS-T32004532X-ROSEQUARTZ-36	mands-T32004532X	mands-MS-T32004532X
MS-T32006867-WHITE-36	mands-T32006867	mands-MS-T32006867
MS-T61006102X-ORANGEMIX-50	mands-T61006102X	mands-MS-T61006102X
MS-T61004959E-WHITE-40	mands-T61004959E	mands-MS-T61004959E
MS-T61004969F-BLACK-44	mands-T61004969F	mands-MS-T61004969F
MS-T61004054B-BLACK-38	mands-T61004054B	mands-MS-T61004054B
MS-T61005390T-ROSEQUARTZ-50	mands-T61005390T	mands-MS-T61005390T
MS-T61005185T-BLACK-44	mands-T61005185T	mands-MS-T61005185T
MS-T61004054E-BLACK-34	mands-T61004054E	mands-MS-T61004054E
MS-T61005184B-WHITEMIX-50	mands-T61005184B	mands-MS-T61005184B
MS-T61008800T-ORANGEMIX-46	mands-T61008800T	mands-MS-T61008800T
MS-T81006848L-LIGHTKHAKI-42	mands-T81006848L	mands-MS-T81006848L
MS-T81006848L-LIGHTKHAKI-40	mands-T81006848L	mands-MS-T81006848L
MS-T61004054T-BLACK-36	mands-T61004054T	mands-MS-T61004054T
MS-T81006849L-PINKMIX-36	mands-T81006849L	mands-MS-T81006849L
MS-T61005390T-BLACK-42	mands-T61005390T	mands-MS-T61005390T
MS-T61006102X-ORANGEMIX-44	mands-T61006102X	mands-MS-T61006102X
MS-T32004503-WHITE-42	mands-T32004503	mands-MS-T32004503
MS-T32005000-WHITE-38	mands-T32005000	mands-MS-T32005000
MS-T61004969F-BLACK-50	mands-T61004969F	mands-MS-T61004969F
MS-T32004536-WHITE-34	mands-T32004536	mands-MS-T32004536
MS-T61006102X-ORANGEMIX-40	mands-T61006102X	mands-MS-T61006102X
MS-T61004054T-BLACK-34	mands-T61004054T	mands-MS-T61004054T
MS-T61008800T-ORANGEMIX-44	mands-T61008800T	mands-MS-T61008800T
MS-T61004054E-BLACK-36	mands-T61004054E	mands-MS-T61004054E
MS-T61005186N-SOFTBLUE-52	mands-T61005186N	mands-MS-T61005186N
MS-T61004959E-WHITE-48	mands-T61004959E	mands-MS-T61004959E
MS-T32005000-WHITE-34	mands-T32005000	mands-MS-T32005000
MS-T32006815-WHITE-34	mands-T32006815	mands-MS-T32006815
MS-T14005349A-BLACK-40	mands-T14005349A	mands-MS-T14005349A
MS-T61005184B-WHITEMIX-34	mands-T61005184B	mands-MS-T61005184B
MS-T32006815-WHITE-36	mands-T32006815	mands-MS-T32006815
MS-T37003705T-WHITE-38	mands-T37003705T	mands-MS-T37003705T
MS-T14005349A-WHITE-40	mands-T14005349A	mands-MS-T14005349A
MS-T61006102X-ORANGEMIX-52	mands-T61006102X	mands-MS-T61006102X
MS-T81006848A-LIGHTKHAKI-44	mands-T81006848A	mands-MS-T81006848A
MS-T14006148A-BLACKMIX-40	mands-T14006148A	mands-MS-T14006148A
MS-T61004054E-BLACK-38	mands-T61004054E	mands-MS-T61004054E
MS-T61008800T-ORANGEMIX-40	mands-T61008800T	mands-MS-T61008800T
MS-T61005184B-WHITEMIX-52	mands-T61005184B_MS-T61005184B-WHITEMIX-52	mands-MS-T61005184B
MS-T61005186N-SOFTBLUE-46	mands-T61005186N	mands-MS-T61005186N
MS-T32004503-WHITE-34	mands-T32004503	mands-MS-T32004503
MS-T32004532X-ROSEQUARTZ-38	mands-T32004532X	mands-MS-T32004532X
MS-T81008925T-LIGHTAPPLE-44	mands-T81008925T	mands-MS-T81008925T
MS-T32004532-WHITE-36	mands-T32004532	mands-MS-T32004532
MS-T32006828-OPAL-38	mands-T32006828	mands-MS-T32006828
MS-T32006815-OPAL-34	mands-T32006815	mands-MS-T32006815
MS-T32005034M-WHITE-36	mands-T32005034M	mands-MS-T32005034M
MS-T32006815-OPAL-36	mands-T32006815	mands-MS-T32006815
MS-T32004503-MAHOGANY-36	mands-T32004503	mands-MS-T32004503
MS-T32006815-COCOA-36	mands-T32006815	mands-MS-T32006815
MS-T32004503-SOFTGREEN-36	mands-T32004503	mands-MS-T32004503
MS-T32006867-NAVY-46	mands-T32006867	mands-MS-T32006867
MS-T32005000-BLACK-38	mands-T32005000	mands-MS-T32005000
MS-T32004532-BLACK-34	mands-T32004532	mands-MS-T32004532
MS-T32006830-BLACK-38	mands-T32006830	mands-MS-T32006830
MS-T32006828-OPAL-36	mands-T32006828	mands-MS-T32006828
MS-T32005094-WHITE-40	mands-T32005094	mands-MS-T32005094
MS-T32004536-IVORYMIX-34	mands-T32004536	mands-MS-T32004536
MS-T32006822-OPAL-40	mands-T32006822	mands-MS-T32006822
MS-T32004503-GREYMARL-34	mands-T32004503	mands-MS-T32004503
MS-T32006867-BLACK-34	mands-T32006867	mands-MS-T32006867
MS-T32006830-OPAL-38	mands-T32006830	mands-MS-T32006830
MS-T32006870-SUGARPLUM-34	mands-T32006870	mands-MS-T32006870
MS-T32006867-BLACK-38	mands-T32006867	mands-MS-T32006867
MS-T32004536-BLACK-36	mands-T32004536	mands-MS-T32004536
MS-T32006815-BLACK-38	mands-T32006815	mands-MS-T32006815
MS-T32006815-OPAL-38	mands-T32006815	mands-MS-T32006815
MS-T32006815-COCOA-38	mands-T32006815	mands-MS-T32006815
MS-T32006828-OPAL-34	mands-T32006828	mands-MS-T32006828
MS-T32004532-BLUEMIX-36	mands-T32004532	mands-MS-T32004532
MS-T32004532-BLUEMIX-34	mands-T32004532	mands-MS-T32004532
MS-T32006828-BLACK-36	mands-T32006828	mands-MS-T32006828
MS-T61005390H-ROSEQUARTZ-34	mands-T61005390H	mands-MS-T61005390H
MS-T32004536-NAVYMIX-46	mands-T32004536	mands-MS-T32004536
MS-T32006870-BLACK-34	mands-T32006870	mands-MS-T32006870
MS-T32006828-BLACK-38	mands-T32006828	mands-MS-T32006828
MS-T32004536-IVORYMIX-36	mands-T32004536	mands-MS-T32004536
MS-T32005039M-BLACKMIX-38	mands-T32005039M	mands-MS-T32005039M
MS-T32004532-NAVYMIX-50	mands-T32004532	mands-MS-T32004532
MS-T32005094-WHITE-48	mands-T32005094	mands-MS-T32005094
MS-T32004503-IVORY-38	mands-T32004503	mands-MS-T32004503
MS-T32004503-BLACK-36	mands-T32004503	mands-MS-T32004503
MS-T32004532-BLACK-36	mands-T32004532	mands-MS-T32004532
MS-T32006830-BLACK-42	mands-T32006830	mands-MS-T32006830
MS-T32006867-SUGARPLUM-38	mands-T32006867	mands-MS-T32006867
MS-T32004536-NAVYMIX-34	mands-T32004536	mands-MS-T32004536
MS-T32005094-WHITE-36	mands-T32005094	mands-MS-T32005094
MS-T32006867-BLACK-36	mands-T32006867	mands-MS-T32006867
MS-T32006870-SUGARPLUM-36	mands-T32006870	mands-MS-T32006870
MS-T32004532-BLUEMIX-38	mands-T32004532	mands-MS-T32004532
MS-T61005104T-OATMEALMIX-38	mands-T61005104T	mands-MS-T61005104T
MS-T32006867-NAVY-38	mands-T32006867	mands-MS-T32006867
MS-T37003778T-BLUEMIX-38	mands-T37003778T	mands-MS-T37003778T
MS-T61005390H-OPAL-38	mands-T61005390H	mands-MS-T61005390H
MS-T37003705T-WHITE-42	mands-T37003705T	mands-MS-T37003705T
MS-T32004503-MAHOGANY-34	mands-T32004503	mands-MS-T32004503
MS-T32004503-IVORY-40	mands-T32004503	mands-MS-T32004503
MS-T61005104T-OATMEALMIX-42	mands-T61005104T	mands-MS-T61005104T
MS-T32004536-NAVYMIX-36	mands-T32004536	mands-MS-T32004536
MS-T61004868P-SEAGREEN-34	mands-T61004868P	mands-MS-T61004868P
MS-T32004503-BLACK-38	mands-T32004503	mands-MS-T32004503
MS-T32007599-NUDEMIX-46	mands-T32007599	mands-MS-T32007599
MS-T61004883J-OATMEALMIX-36	mands-T61004883J	mands-MS-T61004883J
MS-T32004503-GREYMARL-38	mands-T32004503	mands-MS-T32004503
MS-T32006867-NAVY-36	mands-T32006867	mands-MS-T32006867
MS-T32004536-IVORYMIX-38	mands-T32004536	mands-MS-T32004536
MS-T32006815-BLACK-36	mands-T32006815	mands-MS-T32006815
MS-T32004503-IVORY-36	mands-T32004503	mands-MS-T32004503
MS-T32006830-OPAL-42	mands-T32006830	mands-MS-T32006830
MS-T32006815-COCOA-34	mands-T32006815	mands-MS-T32006815
MS-T37003705T-GREY-36	mands-T37003705T	mands-MS-T37003705T
MS-T32006867-SUGARPLUM-34	mands-T32006867	mands-MS-T32006867
MS-T32005000-BLACK-34	mands-T32005000	mands-MS-T32005000
MS-T32004503-MAHOGANY-38	mands-T32004503	mands-MS-T32004503
MS-T32004503-GREYMARL-36	mands-T32004503	mands-MS-T32004503
MS-T32006822-OPAL-38	mands-T32006822	mands-MS-T32006822
MS-T32005039M-BLACKMIX-42	mands-T32005039M	mands-MS-T32005039M
MS-T61004883J-OATMEALMIX-38	mands-T61004883J	mands-MS-T61004883J
MS-T32007599-NUDEMIX-44	mands-T32007599	mands-MS-T32007599
MS-T61005390H-OPAL-34	mands-T61005390H	mands-MS-T61005390H
MS-T32006822-OPAL-36	mands-T32006822	mands-MS-T32006822
MS-T32006815-BLACK-34	mands-T32006815	mands-MS-T32006815
MS-T32005000-BLACK-36	mands-T32005000	mands-MS-T32005000
MS-T32005034M-WHITE-34	mands-T32005034M	mands-MS-T32005034M
MS-T61006230J-DUSTYGREEN-44	mands-T61006230J	mands-MS-T61006230J
MS-T32004532-BLACK-38	mands-T32004532	mands-MS-T32004532
MS-T32005034M-WHITE-38	mands-T32005034M	mands-MS-T32005034M
MS-T32004536-BLACK-34	mands-T32004536	mands-MS-T32004536
MS-T61006230J-DUSTYGREEN-38	mands-T61006230J	mands-MS-T61006230J
MS-T32006870-SUGARPLUM-38	mands-T32006870	mands-MS-T32006870
MS-T32006828-BLACK-34	mands-T32006828	mands-MS-T32006828
MS-T32004536-BLACK-38	mands-T32004536	mands-MS-T32004536
MS-T32004503-BLACK-40	mands-T32004503	mands-MS-T32004503
MS-T32006867-NAVY-34	mands-T32006867	mands-MS-T32006867
MS-T32007599-NUDEMIX-42	mands-T32007599	mands-MS-T32007599
MS-T32006870-BLACK-38	mands-T32006870	mands-MS-T32006870
MS-T32006867-SUGARPLUM-36	mands-T32006867	mands-MS-T32006867
MS-T61004883J-OATMEALMIX-34	mands-T61004883J	mands-MS-T61004883J
MS-T32006870-BLACK-36	mands-T32006870	mands-MS-T32006870
MS-T32004503-SOFTGREEN-38	mands-T32004503	mands-MS-T32004503
MS-T32004536-NAVYMIX-38	mands-T32004536	mands-MS-T32004536
MS-T37003778T-BLUEMIX-42	mands-T37003778T	mands-MS-T37003778T
MS-T32004503-SOFTGREEN-40	mands-T32004503	mands-MS-T32004503
MS-T61005390H-OPAL-36	mands-T61005390H	mands-MS-T61005390H
MS-T61004101E-ROSEQUARTZ-34	mands-T61004101E	mands-MS-T61004101E
MS-T61008800T-ROSEQUARTZ-34	mands-T61008800T	mands-MS-T61008800T
MS-T61007804B-OATMEAL-42	mands-T61007804B	mands-MS-T61007804B
MS-T61005022L-ROSEQUARTZ-36	mands-T61005022L	mands-MS-T61005022L
MS-T61005022L-ROSEQUARTZ-38	mands-T61005022L	mands-MS-T61005022L
MS-T61004101E-ROSEQUARTZ-36	mands-T61004101E	mands-MS-T61004101E
MS-T61008800T-ROSEQUARTZ-48	mands-T61008800T	mands-MS-T61008800T
MS-T61008800T-ROSEQUARTZ-38	mands-T61008800T	mands-MS-T61008800T
MS-T61005390H-ROSEQUARTZ-44	mands-T61005390H	mands-MS-T61005390H
MS-T61002005X-ROSEQUARTZ-36	mands-T61002005X	mands-MS-T61002005X
MS-T61007804B-OATMEAL-38	mands-T61007804B	mands-MS-T61007804B
MS-T61002005X-ROSEQUARTZ-38	mands-T61002005X	mands-MS-T61002005X
MS-T61008800T-ROSEQUARTZ-36	mands-T61008800T	mands-MS-T61008800T
MS-T61004101E-ROSEQUARTZ-38	mands-T61004101E	mands-MS-T61004101E
MS-T61005022L-ROSEQUARTZ-34	mands-T61005022L	mands-MS-T61005022L
MS-T61002005X-ROSEQUARTZ-34	mands-T61002005X	mands-MS-T61002005X
MS-T61004101T-ROSEQUARTZ-34	mands-T61004101T	mands-MS-T61004101T
