ID,Size,URL
MS-T61004100-KAHVE-34,34,https://www.marksandspencer.com.tr/kadin-kahverengi-5-li-dikissiz-high-leg-kulot-seti-10000001440480/
MS-T61004100-KAHVE-36,36,https://www.marksandspencer.com.tr/kadin-kahverengi-5-li-dikissiz-high-leg-kulot-seti-10000001440480/
MS-T61004100-KAHVE-38,38,https://www.marksandspencer.com.tr/kadin-kahverengi-5-li-dikissiz-high-leg-kulot-seti-10000001440480/
MS-T61004100-KAHVE-40,40,https://www.marksandspencer.com.tr/kadin-kahverengi-5-li-dikissiz-high-leg-kulot-seti-10000001440480/
MS-T61004100-KAHVE-42,42,https://www.marksandspencer.com.tr/kadin-kahverengi-5-li-dikissiz-high-leg-kulot-seti-10000001440480/
MS-T61004100-KAHVE-44,44,https://www.marksandspencer.com.tr/kadin-kahverengi-5-li-dikissiz-high-leg-kulot-seti-10000001440480/
MS-T61004100-KAHVE-46,46,https://www.marksandspencer.com.tr/kadin-kahverengi-5-li-dikissiz-high-leg-kulot-seti-10000001440480/
MS-T61004100-KAHVE-48,48,https://www.marksandspencer.com.tr/kadin-kahverengi-5-li-dikissiz-high-leg-kulot-seti-10000001440480/
MS-T61004100-KAHVE-50,50,https://www.marksandspencer.com.tr/kadin-kahverengi-5-li-dikissiz-high-leg-kulot-seti-10000001440480/
MS-T61004100-KAHVE-52,52,https://www.marksandspencer.com.tr/kadin-kahverengi-5-li-dikissiz-high-leg-kulot-seti-10000001440480/
MS-T37004619F-LACIVERT-XS,XS,https://www.marksandspencer.com.tr/kadin-lacivert-pamuk-karisimli-pijama-takimi-10000001259071/
MS-T37004619F-LACIVERT-S,S,https://www.marksandspencer.com.tr/kadin-lacivert-pamuk-karisimli-pijama-takimi-10000001259071/
MS-T37004619F-LACIVERT-M,M,https://www.marksandspencer.com.tr/kadin-lacivert-pamuk-karisimli-pijama-takimi-10000001259071/
MS-T37004619F-LACIVERT-L,L,https://www.marksandspencer.com.tr/kadin-lacivert-pamuk-karisimli-pijama-takimi-10000001259071/
MS-T37004619F-LACIVERT-XL,XL,https://www.marksandspencer.com.tr/kadin-lacivert-pamuk-karisimli-pijama-takimi-10000001259071/
MS-T37004622F-KIRMIZI-XS,XS,https://www.marksandspencer.com.tr/kadin-kirmizi-desenli-pijama-takimi-10000001169230/
MS-T37004622F-KIRMIZI-S,S,https://www.marksandspencer.com.tr/kadin-kirmizi-desenli-pijama-takimi-10000001169230/
MS-T37004622F-KIRMIZI-M,M,https://www.marksandspencer.com.tr/kadin-kirmizi-desenli-pijama-takimi-10000001169230/
MS-T37004622F-KIRMIZI-L,L,https://www.marksandspencer.com.tr/kadin-kirmizi-desenli-pijama-takimi-10000001169230/
MS-T37004622F-KIRMIZI-XL,XL,https://www.marksandspencer.com.tr/kadin-kirmizi-desenli-pijama-takimi-10000001169230/
MS-T37004626F-MOR-XS,XS,https://www.marksandspencer.com.tr/kadin-mor-polar-baskili-pijama-takimi-10000001169677/
MS-T37004626F-MOR-S,S,https://www.marksandspencer.com.tr/kadin-mor-polar-baskili-pijama-takimi-10000001169677/
MS-T37004626F-MOR-M,M,https://www.marksandspencer.com.tr/kadin-mor-polar-baskili-pijama-takimi-10000001169677/
MS-T37004626F-MOR-L,L,https://www.marksandspencer.com.tr/kadin-mor-polar-baskili-pijama-takimi-10000001169677/
MS-T37004626F-MOR-XL,XL,https://www.marksandspencer.com.tr/kadin-mor-polar-baskili-pijama-takimi-10000001169677/
MS-T37004626F-PEMBE-XS,XS,https://www.marksandspencer.com.tr/kadin-pembe-mix-polar-baskili-pijama-takimi-10000001169377/
MS-T37004626F-PEMBE-S,S,https://www.marksandspencer.com.tr/kadin-pembe-mix-polar-baskili-pijama-takimi-10000001169377/
MS-T37004626F-PEMBE-M,M,https://www.marksandspencer.com.tr/kadin-pembe-mix-polar-baskili-pijama-takimi-10000001169377/
MS-T37004626F-PEMBE-L,L,https://www.marksandspencer.com.tr/kadin-pembe-mix-polar-baskili-pijama-takimi-10000001169377/
MS-T37004626F-PEMBE-XL,XL,https://www.marksandspencer.com.tr/kadin-pembe-mix-polar-baskili-pijama-takimi-10000001169377/
MS-T07003567-KOYUYESIL-S,S,https://www.marksandspencer.com.tr/erkek-yesil-saf-pamuklu-waffle-pijama-alti-10000001281808/
MS-T07003567-KOYUYESIL-M,M,https://www.marksandspencer.com.tr/erkek-yesil-saf-pamuklu-waffle-pijama-alti-10000001281808/
MS-T07003567-KOYUYESIL-L,L,https://www.marksandspencer.com.tr/erkek-yesil-saf-pamuklu-waffle-pijama-alti-10000001281808/
MS-T07003567-KOYUYESIL-XL,XL,https://www.marksandspencer.com.tr/erkek-yesil-saf-pamuklu-waffle-pijama-alti-10000001281808/
MS-T07003567-KOYUYESIL-XXL,XXL,https://www.marksandspencer.com.tr/erkek-yesil-saf-pamuklu-waffle-pijama-alti-10000001281808/
MS-T07000587-GRI-S,S,https://www.marksandspencer.com.tr/erkek-gri-saf-pamuklu-cizgili-pijama-takimi-10000001516686/
MS-T07000587-GRI-M,M,https://www.marksandspencer.com.tr/erkek-gri-saf-pamuklu-cizgili-pijama-takimi-10000001516686/
MS-T07000587-GRI-L,L,https://www.marksandspencer.com.tr/erkek-gri-saf-pamuklu-cizgili-pijama-takimi-10000001516686/
MS-T07000587-GRI-XL,XL,https://www.marksandspencer.com.tr/erkek-gri-saf-pamuklu-cizgili-pijama-takimi-10000001516686/
MS-T07000587-GRI-XXL,XXL,https://www.marksandspencer.com.tr/erkek-gri-saf-pamuklu-cizgili-pijama-takimi-10000001516686/
MS-T07004775-MAVI-S,S,https://www.marksandspencer.com.tr/erkek-mavi-pamuklu-desenli-pijama-takimi-10000001216533/
MS-T07004775-MAVI-M,M,https://www.marksandspencer.com.tr/erkek-mavi-pamuklu-desenli-pijama-takimi-10000001216533/
MS-T07004775-MAVI-L,L,https://www.marksandspencer.com.tr/erkek-mavi-pamuklu-desenli-pijama-takimi-10000001216533/
MS-T07004775-MAVI-XL,XL,https://www.marksandspencer.com.tr/erkek-mavi-pamuklu-desenli-pijama-takimi-10000001216533/
MS-T07004775-MAVI-XXL,XXL,https://www.marksandspencer.com.tr/erkek-mavi-pamuklu-desenli-pijama-takimi-10000001216533/
MS-T07001325A-LACIVERT-S,S,https://www.marksandspencer.com.tr/erkek-lacivert-saf-lyocell-cizgili-pijama-ustu-10000001035227/
MS-T07001325A-LACIVERT-M,M,https://www.marksandspencer.com.tr/erkek-lacivert-saf-lyocell-cizgili-pijama-ustu-10000001035227/
MS-T07001325A-LACIVERT-L,L,https://www.marksandspencer.com.tr/erkek-lacivert-saf-lyocell-cizgili-pijama-ustu-10000001035227/
MS-T07001325A-LACIVERT-XL,XL,https://www.marksandspencer.com.tr/erkek-lacivert-saf-lyocell-cizgili-pijama-ustu-10000001035227/
MS-T07001325A-LACIVERT-XXL,XXL,https://www.marksandspencer.com.tr/erkek-lacivert-saf-lyocell-cizgili-pijama-ustu-10000001035227/
MS-T07001307A-KAHVE-S,S,https://www.marksandspencer.com.tr/erkek-kahverengi-supima-pamuklu-desenli-pijama-ustu-10000000592758/
MS-T07001307A-KAHVE-M,M,https://www.marksandspencer.com.tr/erkek-kahverengi-supima-pamuklu-desenli-pijama-ustu-10000000592758/
MS-T07001307A-KAHVE-L,L,https://www.marksandspencer.com.tr/erkek-kahverengi-supima-pamuklu-desenli-pijama-ustu-10000000592758/
MS-T07001307A-KAHVE-XL,XL,https://www.marksandspencer.com.tr/erkek-kahverengi-supima-pamuklu-desenli-pijama-ustu-10000000592758/
MS-T07001307A-KAHVE-XXL,XXL,https://www.marksandspencer.com.tr/erkek-kahverengi-supima-pamuklu-desenli-pijama-ustu-10000000592758/
MS-T37004619F-YESIL-XS,XS,https://www.marksandspencer.com.tr/kadin-yesil-pamuk-karisimli-pijama-takimi-10000001169284/
MS-T37004619F-YESIL-S,S,https://www.marksandspencer.com.tr/kadin-yesil-pamuk-karisimli-pijama-takimi-10000001169284/
MS-T37004619F-YESIL-M,M,https://www.marksandspencer.com.tr/kadin-yesil-pamuk-karisimli-pijama-takimi-10000001169284/
MS-T37004619F-YESIL-L,L,https://www.marksandspencer.com.tr/kadin-yesil-pamuk-karisimli-pijama-takimi-10000001169284/
MS-T37004619F-YESIL-XL,XL,https://www.marksandspencer.com.tr/kadin-yesil-pamuk-karisimli-pijama-takimi-10000001169284/
MS-T37004619F-YESIL-XXL,XXL,https://www.marksandspencer.com.tr/kadin-yesil-pamuk-karisimli-pijama-takimi-10000001169284/
MS-T37004621F-YESIL-XS,XS,https://www.marksandspencer.com.tr/kadin-yesil-100-pamuklu-baskili-pijama-takimi-10000001169362/
MS-T37004621F-YESIL-S,S,https://www.marksandspencer.com.tr/kadin-yesil-100-pamuklu-baskili-pijama-takimi-10000001169362/
MS-T37004621F-YESIL-M,M,https://www.marksandspencer.com.tr/kadin-yesil-100-pamuklu-baskili-pijama-takimi-10000001169362/
MS-T37004621F-YESIL-L,L,https://www.marksandspencer.com.tr/kadin-yesil-100-pamuklu-baskili-pijama-takimi-10000001169362/
MS-T37004621F-YESIL-XL,XL,https://www.marksandspencer.com.tr/kadin-yesil-100-pamuklu-baskili-pijama-takimi-10000001169362/
MS-T37004620F-SIYAH-XS,XS,https://www.marksandspencer.com.tr/kadin-siyah-mix-flatpack-pijama-takimi-10000001169262/
MS-T37004620F-SIYAH-S,S,https://www.marksandspencer.com.tr/kadin-siyah-mix-flatpack-pijama-takimi-10000001169262/
MS-T37004620F-SIYAH-M,M,https://www.marksandspencer.com.tr/kadin-siyah-mix-flatpack-pijama-takimi-10000001169262/
MS-T37004620F-SIYAH-L,L,https://www.marksandspencer.com.tr/kadin-siyah-mix-flatpack-pijama-takimi-10000001169262/
MS-T37004620F-SIYAH-XL,XL,https://www.marksandspencer.com.tr/kadin-siyah-mix-flatpack-pijama-takimi-10000001169262/
MS-T37004619F-KREM-XS,XS,https://www.marksandspencer.com.tr/kadin-krem-pamuk-karisimli-pijama-takimi-10000001169202/
MS-T37004619F-KREM-S,S,https://www.marksandspencer.com.tr/kadin-krem-pamuk-karisimli-pijama-takimi-10000001169202/
MS-T37004619F-KREM-M,M,https://www.marksandspencer.com.tr/kadin-krem-pamuk-karisimli-pijama-takimi-10000001169202/
MS-T37004619F-KREM-L,L,https://www.marksandspencer.com.tr/kadin-krem-pamuk-karisimli-pijama-takimi-10000001169202/
MS-T37004619F-KREM-XL,XL,https://www.marksandspencer.com.tr/kadin-krem-pamuk-karisimli-pijama-takimi-10000001169202/
MS-T37004619F-KREM-XXL,XXL,https://www.marksandspencer.com.tr/kadin-krem-pamuk-karisimli-pijama-takimi-10000001169202/
SML-MS-T61006900H-XS,XS,https://www.marksandspencer.com.tr/kadin-krem-dantel-detayli-desenli-tanga-10000000961406/
SML-MS-T61006900H-S,S,https://www.marksandspencer.com.tr/kadin-krem-dantel-detayli-desenli-tanga-10000000961406/
SML-MS-T61006900H-M,M,https://www.marksandspencer.com.tr/kadin-krem-dantel-detayli-desenli-tanga-10000000961406/
SML-MS-T61006900H-L,L,https://www.marksandspencer.com.tr/kadin-krem-dantel-detayli-desenli-tanga-10000000961406/
SML-MS-T61006900H-XL,XL,https://www.marksandspencer.com.tr/kadin-krem-dantel-detayli-desenli-tanga-10000000961406/
SML-MS-T61006231L-XS,XS,https://www.marksandspencer.com.tr/kadin-mavi-kalp-detayli-high-leg-kulot-10000001023011/
SML-MS-T61006231L-S,S,https://www.marksandspencer.com.tr/kadin-mavi-kalp-detayli-high-leg-kulot-10000001023011/
SML-MS-T61006231L-M,M,https://www.marksandspencer.com.tr/kadin-mavi-kalp-detayli-high-leg-kulot-10000001023011/
SML-MS-T61006231L-L,L,https://www.marksandspencer.com.tr/kadin-mavi-kalp-detayli-high-leg-kulot-10000001023011/
SML-MS-T61006231L-XL,XL,https://www.marksandspencer.com.tr/kadin-mavi-kalp-detayli-high-leg-kulot-10000001023011/
SML-MS-T61004306L-XS,XS,https://www.marksandspencer.com.tr/kadin-beyaz-cicek-desenli-kulot-10000001177954/
SML-MS-T61004306L-S,S,https://www.marksandspencer.com.tr/kadin-beyaz-cicek-desenli-kulot-10000001177954/
SML-MS-T61004306L-M,M,https://www.marksandspencer.com.tr/kadin-beyaz-cicek-desenli-kulot-10000001177954/
SML-MS-T61004306L-L,L,https://www.marksandspencer.com.tr/kadin-beyaz-cicek-desenli-kulot-10000001177954/
SML-MS-T61004306L-XL,XL,https://www.marksandspencer.com.tr/kadin-beyaz-cicek-desenli-kulot-10000001177954/
SML-MS-T61006231B-XS,XS,https://www.marksandspencer.com.tr/kadin-pembe-kalp-detayli-brazilian-kulot-10000000810824/
SML-MS-T61006231B-S,S,https://www.marksandspencer.com.tr/kadin-pembe-kalp-detayli-brazilian-kulot-10000000810824/
SML-MS-T61006231B-M,M,https://www.marksandspencer.com.tr/kadin-pembe-kalp-detayli-brazilian-kulot-10000000810824/
SML-MS-T61006231B-L,L,https://www.marksandspencer.com.tr/kadin-pembe-kalp-detayli-brazilian-kulot-10000000810824/
SML-MS-T61006231B-XL,XL,https://www.marksandspencer.com.tr/kadin-pembe-kalp-detayli-brazilian-kulot-10000000810824/
SML-MS-T61006231B-MAVI-XS,XS,https://www.marksandspencer.com.tr/kadin-mavi-kalp-detayli-brazilian-kulot-10000001123485/
SML-MS-T61006231B-MAVI-S,S,https://www.marksandspencer.com.tr/kadin-mavi-kalp-detayli-brazilian-kulot-10000001123485/
SML-MS-T61006231B-MAVI-M,M,https://www.marksandspencer.com.tr/kadin-mavi-kalp-detayli-brazilian-kulot-10000001123485/
SML-MS-T61006231B-MAVI-L,L,https://www.marksandspencer.com.tr/kadin-mavi-kalp-detayli-brazilian-kulot-10000001123485/
SML-MS-T61006231B-MAVI-XL,XL,https://www.marksandspencer.com.tr/kadin-mavi-kalp-detayli-brazilian-kulot-10000001123485/
SML-MS-T61006231J-LACIVERT-XS,XS,https://www.marksandspencer.com.tr/kadin-lacivert-kalp-desenli-miami-kulot-10000000884347/
SML-MS-T61006231J-LACIVERT-S,S,https://www.marksandspencer.com.tr/kadin-lacivert-kalp-desenli-miami-kulot-10000000884347/
SML-MS-T61006231J-LACIVERT-M,M,https://www.marksandspencer.com.tr/kadin-lacivert-kalp-desenli-miami-kulot-10000000884347/
SML-MS-T61006231J-LACIVERT-L,L,https://www.marksandspencer.com.tr/kadin-lacivert-kalp-desenli-miami-kulot-10000000884347/
SML-MS-T61006231J-LACIVERT-XL,XL,https://www.marksandspencer.com.tr/kadin-lacivert-kalp-desenli-miami-kulot-10000000884347/
SML-MS-T61006231J-KIRMIZI-XS,XS,https://www.marksandspencer.com.tr/kadin-kirmizi-kalp-desenli-miami-kulot-10000000847011/
SML-MS-T61006231J-KIRMIZI-S,S,https://www.marksandspencer.com.tr/kadin-kirmizi-kalp-desenli-miami-kulot-10000000847011/
SML-MS-T61006231J-KIRMIZI-M,M,https://www.marksandspencer.com.tr/kadin-kirmizi-kalp-desenli-miami-kulot-10000000847011/
SML-MS-T61006231J-KIRMIZI-L,L,https://www.marksandspencer.com.tr/kadin-kirmizi-kalp-desenli-miami-kulot-10000000847011/
SML-MS-T61006231J-KIRMIZI-XL,XL,https://www.marksandspencer.com.tr/kadin-kirmizi-kalp-desenli-miami-kulot-10000000847011/
MS-T50005470T-MAVI-XS,XS,https://www.marksandspencer.com.tr/kadin-mavi-alpaka-karisimli-bisiklet-yaka-kazak-10000001226946/
MS-T50005470T-MAVI-S,S,https://www.marksandspencer.com.tr/kadin-mavi-alpaka-karisimli-bisiklet-yaka-kazak-10000001226946/
MS-T50005470T-MAVI-M,M,https://www.marksandspencer.com.tr/kadin-mavi-alpaka-karisimli-bisiklet-yaka-kazak-10000001226946/
MS-T50005470T-MAVI-L,L,https://www.marksandspencer.com.tr/kadin-mavi-alpaka-karisimli-bisiklet-yaka-kazak-10000001226946/
MS-T50005470T-MAVI-XL,XL,https://www.marksandspencer.com.tr/kadin-mavi-alpaka-karisimli-bisiklet-yaka-kazak-10000001226946/
MS-T06000112-KAHVE-XS,XS,https://www.marksandspencer.com.tr/kadin-kahverengi-v-yaka-kasmir-karisimli-yun-kazak-10000000793340/
MS-T06000112-KAHVE-S,S,https://www.marksandspencer.com.tr/kadin-kahverengi-v-yaka-kasmir-karisimli-yun-kazak-10000000793340/
MS-T06000112-KAHVE-M,M,https://www.marksandspencer.com.tr/kadin-kahverengi-v-yaka-kasmir-karisimli-yun-kazak-10000000793340/
MS-T06000112-KAHVE-L,L,https://www.marksandspencer.com.tr/kadin-kahverengi-v-yaka-kasmir-karisimli-yun-kazak-10000000793340/
MS-T06000112-KAHVE-XL,XL,https://www.marksandspencer.com.tr/kadin-kahverengi-v-yaka-kasmir-karisimli-yun-kazak-10000000793340/
MS-T07000093-GRI-S,S,https://www.marksandspencer.com.tr/erkek-gri-henley-pijama-takimi-10000001139943/
MS-T07000093-GRI-M,M,https://www.marksandspencer.com.tr/erkek-gri-henley-pijama-takimi-10000001139943/
MS-T07000093-GRI-L,L,https://www.marksandspencer.com.tr/erkek-gri-henley-pijama-takimi-10000001139943/
MS-T07000093-GRI-XL,XL,https://www.marksandspencer.com.tr/erkek-gri-henley-pijama-takimi-10000001139943/
MS-T07000093-GRI-XXL,XXL,https://www.marksandspencer.com.tr/erkek-gri-henley-pijama-takimi-10000001139943/
MS-T07005112-RENKSIZ-S,S,https://www.marksandspencer.com.tr/erkek-renksiz-pamuklu-cizgili-ev-sortu-10000000827964/
MS-T07005112-RENKSIZ-M,M,https://www.marksandspencer.com.tr/erkek-renksiz-pamuklu-cizgili-ev-sortu-10000000827964/
MS-T07005112-RENKSIZ-L,L,https://www.marksandspencer.com.tr/erkek-renksiz-pamuklu-cizgili-ev-sortu-10000000827964/
MS-T07005112-RENKSIZ-XL,XL,https://www.marksandspencer.com.tr/erkek-renksiz-pamuklu-cizgili-ev-sortu-10000000827964/
MS-T07005112-RENKSIZ-XXL,XXL,https://www.marksandspencer.com.tr/erkek-renksiz-pamuklu-cizgili-ev-sortu-10000000827964/
MS-T14006901V-SIYAH-S,S,https://www.marksandspencer.com.tr/erkek-siyah-5li-cotton-rich-cool-fresh-trade-mark-regular-fit-erkek-brief-kulot-seti-5645340355/
MS-T14006901V-SIYAH-M,M,https://www.marksandspencer.com.tr/erkek-siyah-5li-cotton-rich-cool-fresh-trade-mark-regular-fit-erkek-brief-kulot-seti-5645340355/
MS-T14006901V-SIYAH-L,L,https://www.marksandspencer.com.tr/erkek-siyah-5li-cotton-rich-cool-fresh-trade-mark-regular-fit-erkek-brief-kulot-seti-5645340355/
MS-T14006901V-SIYAH-XL,XL,https://www.marksandspencer.com.tr/erkek-siyah-5li-cotton-rich-cool-fresh-trade-mark-regular-fit-erkek-brief-kulot-seti-5645340355/
MS-T14006901V-SIYAH-XXL,XXL,https://www.marksandspencer.com.tr/erkek-siyah-5li-cotton-rich-cool-fresh-trade-mark-regular-fit-erkek-brief-kulot-seti-5645340355/
MS-T16005412M-TAS-S,S,https://www.marksandspencer.com.tr/erkek-tas-rengi-softshell-stormwear-tm-ceket-10000000596215/?integration_color=STONE
MS-T16005412M-TAS-M,M,https://www.marksandspencer.com.tr/erkek-tas-rengi-softshell-stormwear-tm-ceket-10000000596215/?integration_color=STONE
MS-T16005412M-TAS-L,L,https://www.marksandspencer.com.tr/erkek-tas-rengi-softshell-stormwear-tm-ceket-10000000596215/?integration_color=STONE
MS-T16005412M-TAS-XL,XL,https://www.marksandspencer.com.tr/erkek-tas-rengi-softshell-stormwear-tm-ceket-10000000596215/?integration_color=STONE
MS-T16005412M-TAS-XXL,XXL,https://www.marksandspencer.com.tr/erkek-tas-rengi-softshell-stormwear-tm-ceket-10000000596215/?integration_color=STONE
MS-T14005390A-GRI-S,S,https://www.marksandspencer.com.tr/erkek-gri-5-li-supima-r-trunk-seti-10000000992995/
MS-T14005390A-GRI-M,M,https://www.marksandspencer.com.tr/erkek-gri-5-li-supima-r-trunk-seti-10000000992995/
MS-T14005390A-GRI-L,L,https://www.marksandspencer.com.tr/erkek-gri-5-li-supima-r-trunk-seti-10000000992995/
MS-T14005390A-GRI-XL,XL,https://www.marksandspencer.com.tr/erkek-gri-5-li-supima-r-trunk-seti-10000000992995/
MS-T14005390A-GRI-XXL,XXL,https://www.marksandspencer.com.tr/erkek-gri-5-li-supima-r-trunk-seti-10000000992995/
MS-T37001804P-LACIVERT-XS,XS,https://www.marksandspencer.com.tr/kadin-lacivert-wide-leg-pijama-alti-10000001144973/
MS-T37001804P-LACIVERT-S,S,https://www.marksandspencer.com.tr/kadin-lacivert-wide-leg-pijama-alti-10000001144973/
MS-T37001804P-LACIVERT-M,M,https://www.marksandspencer.com.tr/kadin-lacivert-wide-leg-pijama-alti-10000001144973/
MS-T37001804P-LACIVERT-L,L,https://www.marksandspencer.com.tr/kadin-lacivert-wide-leg-pijama-alti-10000001144973/
MS-T37001804P-LACIVERT-XL,XL,https://www.marksandspencer.com.tr/kadin-lacivert-wide-leg-pijama-alti-10000001144973/
MS-T61004902E-BEYAZ-34,34,https://www.marksandspencer.com.tr/kadin-beyaz-3lu-flexifit-tm-dantel-yuksek-bel-sort-kulot-seti-10000000185360/
MS-T61004902E-BEYAZ-36,36,https://www.marksandspencer.com.tr/kadin-beyaz-3lu-flexifit-tm-dantel-yuksek-bel-sort-kulot-seti-10000000185360/
MS-T61004902E-BEYAZ-38,38,https://www.marksandspencer.com.tr/kadin-beyaz-3lu-flexifit-tm-dantel-yuksek-bel-sort-kulot-seti-10000000185360/
MS-T61004902E-BEYAZ-40,40,https://www.marksandspencer.com.tr/kadin-beyaz-3lu-flexifit-tm-dantel-yuksek-bel-sort-kulot-seti-10000000185360/
MS-T61004902E-BEYAZ-42,42,https://www.marksandspencer.com.tr/kadin-beyaz-3lu-flexifit-tm-dantel-yuksek-bel-sort-kulot-seti-10000000185360/
MS-T61004902E-BEYAZ-44,44,https://www.marksandspencer.com.tr/kadin-beyaz-3lu-flexifit-tm-dantel-yuksek-bel-sort-kulot-seti-10000000185360/
MS-T61004902E-BEYAZ-46,46,https://www.marksandspencer.com.tr/kadin-beyaz-3lu-flexifit-tm-dantel-yuksek-bel-sort-kulot-seti-10000000185360/
MS-T61004902E-BEYAZ-48,48,https://www.marksandspencer.com.tr/kadin-beyaz-3lu-flexifit-tm-dantel-yuksek-bel-sort-kulot-seti-10000000185360/
MS-T61004902E-BEYAZ-50,50,https://www.marksandspencer.com.tr/kadin-beyaz-3lu-flexifit-tm-dantel-yuksek-bel-sort-kulot-seti-10000000185360/
MS-T61004902E-BEYAZ-52,52,https://www.marksandspencer.com.tr/kadin-beyaz-3lu-flexifit-tm-dantel-yuksek-bel-sort-kulot-seti-10000000185360/
MS-T61005390E-BEJ-34,34,https://www.marksandspencer.com.tr/kadin-bej-3-lu-flexifit-tm-yuksek-bel-sort-kulot-10000000884884/
MS-T61005390E-BEJ-36,36,https://www.marksandspencer.com.tr/kadin-bej-3-lu-flexifit-tm-yuksek-bel-sort-kulot-10000000884884/
MS-T61005390E-BEJ-38,38,https://www.marksandspencer.com.tr/kadin-bej-3-lu-flexifit-tm-yuksek-bel-sort-kulot-10000000884884/
MS-T61005390E-BEJ-40,40,https://www.marksandspencer.com.tr/kadin-bej-3-lu-flexifit-tm-yuksek-bel-sort-kulot-10000000884884/
MS-T61005390E-BEJ-42,42,https://www.marksandspencer.com.tr/kadin-bej-3-lu-flexifit-tm-yuksek-bel-sort-kulot-10000000884884/
MS-T61005390E-BEJ-44,44,https://www.marksandspencer.com.tr/kadin-bej-3-lu-flexifit-tm-yuksek-bel-sort-kulot-10000000884884/
MS-T61005390E-BEJ-46,46,https://www.marksandspencer.com.tr/kadin-bej-3-lu-flexifit-tm-yuksek-bel-sort-kulot-10000000884884/
MS-T61005390E-BEJ-48,48,https://www.marksandspencer.com.tr/kadin-bej-3-lu-flexifit-tm-yuksek-bel-sort-kulot-10000000884884/
MS-T61005390E-BEJ-50,50,https://www.marksandspencer.com.tr/kadin-bej-3-lu-flexifit-tm-yuksek-bel-sort-kulot-10000000884884/
MS-T61005390E-BEJ-52,52,https://www.marksandspencer.com.tr/kadin-bej-3-lu-flexifit-tm-yuksek-bel-sort-kulot-10000000884884/
MS-T59006839W-KIRMIZI-34,34,https://www.marksandspencer.com.tr/kadin-kirmizi-tailored-fit-yelek-10000000774357/
MS-T59006839W-KIRMIZI-36,36,https://www.marksandspencer.com.tr/kadin-kirmizi-tailored-fit-yelek-10000000774357/
MS-T59006839W-KIRMIZI-38,38,https://www.marksandspencer.com.tr/kadin-kirmizi-tailored-fit-yelek-10000000774357/
MS-T59006839W-KIRMIZI-40,40,https://www.marksandspencer.com.tr/kadin-kirmizi-tailored-fit-yelek-10000000774357/
MS-T59006839W-KIRMIZI-42,42,https://www.marksandspencer.com.tr/kadin-kirmizi-tailored-fit-yelek-10000000774357/
MS-T59006839W-KIRMIZI-44,44,https://www.marksandspencer.com.tr/kadin-kirmizi-tailored-fit-yelek-10000000774357/
MS-T59006839W-KIRMIZI-46,46,https://www.marksandspencer.com.tr/kadin-kirmizi-tailored-fit-yelek-10000000774357/
MS-T59006839W-KIRMIZI-48,48,https://www.marksandspencer.com.tr/kadin-kirmizi-tailored-fit-yelek-10000000774357/
MS-T59006839W-KIRMIZI-50,50,https://www.marksandspencer.com.tr/kadin-kirmizi-tailored-fit-yelek-10000000774357/
MS-T50004094T-BEJ-36,36,https://www.marksandspencer.com.tr/kadin-bej-relaxed-fit-crop-bomber-ceket-10000000366847/
MS-T50004094T-BEJ-38,38,https://www.marksandspencer.com.tr/kadin-bej-relaxed-fit-crop-bomber-ceket-10000000366847/
MS-T50004094T-BEJ-40,40,https://www.marksandspencer.com.tr/kadin-bej-relaxed-fit-crop-bomber-ceket-10000000366847/
MS-T50004094T-BEJ-42,42,https://www.marksandspencer.com.tr/kadin-bej-relaxed-fit-crop-bomber-ceket-10000000366847/
MS-T50004094T-BEJ-44,44,https://www.marksandspencer.com.tr/kadin-bej-relaxed-fit-crop-bomber-ceket-10000000366847/
MS-T50004094T-BEJ-46,46,https://www.marksandspencer.com.tr/kadin-bej-relaxed-fit-crop-bomber-ceket-10000000366847/
MS-T50004094T-BEJ-48,48,https://www.marksandspencer.com.tr/kadin-bej-relaxed-fit-crop-bomber-ceket-10000000366847/
MS-T50004094T-BEJ-50,50,https://www.marksandspencer.com.tr/kadin-bej-relaxed-fit-crop-bomber-ceket-10000000366847/
MS-T06000070-KREM-36,36,https://www.marksandspencer.com.tr/kadin-krem-yun-karisimli-iki-dugmeli-blazer-ceket-10000000725285/
MS-T06000070-KREM-38,38,https://www.marksandspencer.com.tr/kadin-krem-yun-karisimli-iki-dugmeli-blazer-ceket-10000000725285/
MS-T06000070-KREM-40,40,https://www.marksandspencer.com.tr/kadin-krem-yun-karisimli-iki-dugmeli-blazer-ceket-10000000725285/
MS-T06000070-KREM-42,42,https://www.marksandspencer.com.tr/kadin-krem-yun-karisimli-iki-dugmeli-blazer-ceket-10000000725285/
MS-T06000070-KREM-44,44,https://www.marksandspencer.com.tr/kadin-krem-yun-karisimli-iki-dugmeli-blazer-ceket-10000000725285/
MS-T06000070-KREM-46,46,https://www.marksandspencer.com.tr/kadin-krem-yun-karisimli-iki-dugmeli-blazer-ceket-10000000725285/
MS-T06000070-KREM-48,48,https://www.marksandspencer.com.tr/kadin-krem-yun-karisimli-iki-dugmeli-blazer-ceket-10000000725285/
MS-T50005365T-MAVI-34,34,https://www.marksandspencer.com.tr/kadin-mavi-simli-bisiklet-yaka-kazak-10000000807242/
MS-T50005365T-MAVI-36,36,https://www.marksandspencer.com.tr/kadin-mavi-simli-bisiklet-yaka-kazak-10000000807242/
MS-T50005365T-MAVI-38,38,https://www.marksandspencer.com.tr/kadin-mavi-simli-bisiklet-yaka-kazak-10000000807242/
MS-T50005365T-MAVI-40,40,https://www.marksandspencer.com.tr/kadin-mavi-simli-bisiklet-yaka-kazak-10000000807242/
MS-T50005365T-MAVI-42,42,https://www.marksandspencer.com.tr/kadin-mavi-simli-bisiklet-yaka-kazak-10000000807242/
MS-T50005365T-MAVI-44,44,https://www.marksandspencer.com.tr/kadin-mavi-simli-bisiklet-yaka-kazak-10000000807242/
MS-T50005365T-MAVI-46,46,https://www.marksandspencer.com.tr/kadin-mavi-simli-bisiklet-yaka-kazak-10000000807242/
MS-T50005365T-MAVI-48,48,https://www.marksandspencer.com.tr/kadin-mavi-simli-bisiklet-yaka-kazak-10000000807242/
MS-T50005365T-MAVI-50,50,https://www.marksandspencer.com.tr/kadin-mavi-simli-bisiklet-yaka-kazak-10000000807242/
MS-T38000332-KIRMIZI-XS,XS,https://www.marksandspencer.com.tr/kadin-kirmizi-yunlu-rahat-kesim-kazak-10000000732632/
MS-T38000332-KIRMIZI-S,S,https://www.marksandspencer.com.tr/kadin-kirmizi-yunlu-rahat-kesim-kazak-10000000732632/
MS-T38000332-KIRMIZI-M,M,https://www.marksandspencer.com.tr/kadin-kirmizi-yunlu-rahat-kesim-kazak-10000000732632/
MS-T38000332-KIRMIZI-L,L,https://www.marksandspencer.com.tr/kadin-kirmizi-yunlu-rahat-kesim-kazak-10000000732632/
MS-T38000332-KIRMIZI-XL,XL,https://www.marksandspencer.com.tr/kadin-kirmizi-yunlu-rahat-kesim-kazak-10000000732632/
MS-T16006814M-LACIVERT-S,S,https://www.marksandspencer.com.tr/erkek-yesil-stormwear-tm-kapusonlu-parka-10000000101207/?integration_color=DARK+NAVY
MS-T16006814M-LACIVERT-M,M,https://www.marksandspencer.com.tr/erkek-yesil-stormwear-tm-kapusonlu-parka-10000000101207/?integration_color=DARK+NAVY
MS-T16006814M-LACIVERT-L,L,https://www.marksandspencer.com.tr/erkek-yesil-stormwear-tm-kapusonlu-parka-10000000101207/?integration_color=DARK+NAVY
MS-T16006814M-LACIVERT-XL,XL,https://www.marksandspencer.com.tr/erkek-yesil-stormwear-tm-kapusonlu-parka-10000000101207/?integration_color=DARK+NAVY
MS-T16006814M-LACIVERT-XXL,XXL,https://www.marksandspencer.com.tr/erkek-yesil-stormwear-tm-kapusonlu-parka-10000000101207/?integration_color=DARK+NAVY
MS-T16006814M-YESIL-S,S,https://www.marksandspencer.com.tr/erkek-yesil-stormwear-tm-kapusonlu-parka-10000000101207/?integration_color=KHAKI
MS-T16006814M-YESIL-M,M,https://www.marksandspencer.com.tr/erkek-yesil-stormwear-tm-kapusonlu-parka-10000000101207/?integration_color=KHAKI
MS-T16006814M-YESIL-L,L,https://www.marksandspencer.com.tr/erkek-yesil-stormwear-tm-kapusonlu-parka-10000000101207/?integration_color=KHAKI
MS-T16006814M-YESIL-XL,XL,https://www.marksandspencer.com.tr/erkek-yesil-stormwear-tm-kapusonlu-parka-10000000101207/?integration_color=KHAKI
MS-T16006814M-YESIL-XXL,XXL,https://www.marksandspencer.com.tr/erkek-yesil-stormwear-tm-kapusonlu-parka-10000000101207/?integration_color=KHAKI
MS-T16006814M-SIYAH-S,S,https://www.marksandspencer.com.tr/erkek-yesil-stormwear-tm-kapusonlu-parka-10000000101207/?integration_color=BLACK
MS-T16006814M-SIYAH-M,M,https://www.marksandspencer.com.tr/erkek-yesil-stormwear-tm-kapusonlu-parka-10000000101207/?integration_color=BLACK
MS-T16006814M-SIYAH-L,L,https://www.marksandspencer.com.tr/erkek-yesil-stormwear-tm-kapusonlu-parka-10000000101207/?integration_color=BLACK
MS-T16006814M-SIYAH-XL,XL,https://www.marksandspencer.com.tr/erkek-yesil-stormwear-tm-kapusonlu-parka-10000000101207/?integration_color=BLACK
MS-T16006814M-SIYAH-XXL,XXL,https://www.marksandspencer.com.tr/erkek-yesil-stormwear-tm-kapusonlu-parka-10000000101207/?integration_color=BLACK
MS-T16005079M-KAHVE-S,S,https://www.marksandspencer.com.tr/erkek-kahverengi-pamuklu-wax-ceket-10000001197390/
MS-T16005079M-KAHVE-M,M,https://www.marksandspencer.com.tr/erkek-kahverengi-pamuklu-wax-ceket-10000001197390/
MS-T16005079M-KAHVE-L,L,https://www.marksandspencer.com.tr/erkek-kahverengi-pamuklu-wax-ceket-10000001197390/
MS-T16005079M-KAHVE-XL,XL,https://www.marksandspencer.com.tr/erkek-kahverengi-pamuklu-wax-ceket-10000001197390/
MS-T16005079M-KAHVE-XXL,XXL,https://www.marksandspencer.com.tr/erkek-kahverengi-pamuklu-wax-ceket-10000001197390/
MS-T97006619I-GRI-36,36,https://www.marksandspencer.com.tr/kadin-gri-pamuk-karisimli-kolsuz-uzun-blazer-10000000870376/
MS-T97006619I-GRI-38,38,https://www.marksandspencer.com.tr/kadin-gri-pamuk-karisimli-kolsuz-uzun-blazer-10000000870376/
MS-T97006619I-GRI-40,40,https://www.marksandspencer.com.tr/kadin-gri-pamuk-karisimli-kolsuz-uzun-blazer-10000000870376/
MS-T97006619I-GRI-42,42,https://www.marksandspencer.com.tr/kadin-gri-pamuk-karisimli-kolsuz-uzun-blazer-10000000870376/
MS-T97006619I-GRI-44,44,https://www.marksandspencer.com.tr/kadin-gri-pamuk-karisimli-kolsuz-uzun-blazer-10000000870376/
MS-T97006619I-GRI-46,46,https://www.marksandspencer.com.tr/kadin-gri-pamuk-karisimli-kolsuz-uzun-blazer-10000000870376/
MS-T97006619I-GRI-48,48,https://www.marksandspencer.com.tr/kadin-gri-pamuk-karisimli-kolsuz-uzun-blazer-10000000870376/
MS-T61005390S-38,38,https://www.marksandspencer.com.tr/kadin-siyah-3-lu-flexifit-trade-mark-modal-dusuk-bel-kulot-seti-10000000884931/
MS-T61005390S-40,40,https://www.marksandspencer.com.tr/kadin-siyah-3-lu-flexifit-trade-mark-modal-dusuk-bel-kulot-seti-10000000884931/
MS-T61005390S-42,42,https://www.marksandspencer.com.tr/kadin-siyah-3-lu-flexifit-trade-mark-modal-dusuk-bel-kulot-seti-10000000884931/
MS-T61005390S-44,44,https://www.marksandspencer.com.tr/kadin-siyah-3-lu-flexifit-trade-mark-modal-dusuk-bel-kulot-seti-10000000884931/
MS-T61005390S-46,46,https://www.marksandspencer.com.tr/kadin-siyah-3-lu-flexifit-trade-mark-modal-dusuk-bel-kulot-seti-10000000884931/
MS-T61005390S-48,48,https://www.marksandspencer.com.tr/kadin-siyah-3-lu-flexifit-trade-mark-modal-dusuk-bel-kulot-seti-10000000884931/
MS-T61005390S-50,50,https://www.marksandspencer.com.tr/kadin-siyah-3-lu-flexifit-trade-mark-modal-dusuk-bel-kulot-seti-10000000884931/
MS-T61005015T-PEMBE-34,34,https://www.marksandspencer.com.tr/kadin-pembe-3-lu-body-soft-tm-dantel-detayli-tanga-seti-10000000578779/?integration_color=OPALINE
MS-T61005015T-PEMBE-36,36,https://www.marksandspencer.com.tr/kadin-pembe-3-lu-body-soft-tm-dantel-detayli-tanga-seti-10000000578779/?integration_color=OPALINE
MS-T61005015T-PEMBE-38,38,https://www.marksandspencer.com.tr/kadin-pembe-3-lu-body-soft-tm-dantel-detayli-tanga-seti-10000000578779/?integration_color=OPALINE
MS-T61005015T-PEMBE-40,40,https://www.marksandspencer.com.tr/kadin-pembe-3-lu-body-soft-tm-dantel-detayli-tanga-seti-10000000578779/?integration_color=OPALINE
MS-T61005015T-PEMBE-42,42,https://www.marksandspencer.com.tr/kadin-pembe-3-lu-body-soft-tm-dantel-detayli-tanga-seti-10000000578779/?integration_color=OPALINE
MS-T61005015T-PEMBE-44,44,https://www.marksandspencer.com.tr/kadin-pembe-3-lu-body-soft-tm-dantel-detayli-tanga-seti-10000000578779/?integration_color=OPALINE
MS-T61005015T-PEMBE-46,46,https://www.marksandspencer.com.tr/kadin-pembe-3-lu-body-soft-tm-dantel-detayli-tanga-seti-10000000578779/?integration_color=OPALINE
MS-T61005015T-PEMBE-48,48,https://www.marksandspencer.com.tr/kadin-pembe-3-lu-body-soft-tm-dantel-detayli-tanga-seti-10000000578779/?integration_color=OPALINE
MS-T61005015T-PEMBE-50,50,https://www.marksandspencer.com.tr/kadin-pembe-3-lu-body-soft-tm-dantel-detayli-tanga-seti-10000000578779/?integration_color=OPALINE
MS-T61005015T-PEMBE-52,52,https://www.marksandspencer.com.tr/kadin-pembe-3-lu-body-soft-tm-dantel-detayli-tanga-seti-10000000578779/?integration_color=OPALINE
MS-T61005016L-PEMBE-34,34,https://www.marksandspencer.com.tr/kadin-pembe-3-lu-body-soft-tm-high-leg-kulot-seti-10000000550069/
MS-T61005016L-PEMBE-36,36,https://www.marksandspencer.com.tr/kadin-pembe-3-lu-body-soft-tm-high-leg-kulot-seti-10000000550069/
MS-T61005016L-PEMBE-38,38,https://www.marksandspencer.com.tr/kadin-pembe-3-lu-body-soft-tm-high-leg-kulot-seti-10000000550069/
MS-T61005016L-PEMBE-40,40,https://www.marksandspencer.com.tr/kadin-pembe-3-lu-body-soft-tm-high-leg-kulot-seti-10000000550069/
MS-T61005016L-PEMBE-42,42,https://www.marksandspencer.com.tr/kadin-pembe-3-lu-body-soft-tm-high-leg-kulot-seti-10000000550069/
MS-T61005016L-PEMBE-44,44,https://www.marksandspencer.com.tr/kadin-pembe-3-lu-body-soft-tm-high-leg-kulot-seti-10000000550069/
MS-T61005016L-PEMBE-46,46,https://www.marksandspencer.com.tr/kadin-pembe-3-lu-body-soft-tm-high-leg-kulot-seti-10000000550069/
MS-T61005016L-PEMBE-48,48,https://www.marksandspencer.com.tr/kadin-pembe-3-lu-body-soft-tm-high-leg-kulot-seti-10000000550069/
MS-T61005016L-PEMBE-50,50,https://www.marksandspencer.com.tr/kadin-pembe-3-lu-body-soft-tm-high-leg-kulot-seti-10000000550069/
MS-T61005016L-PEMBE-52,52,https://www.marksandspencer.com.tr/kadin-pembe-3-lu-body-soft-tm-high-leg-kulot-seti-10000000550069/
MS-T61008802L-SIYAH-34,34,https://www.marksandspencer.com.tr/kadin-siyah-5li-saf-pamuklu-kulot-10000000847402/
MS-T61008802L-SIYAH-36,36,https://www.marksandspencer.com.tr/kadin-siyah-5li-saf-pamuklu-kulot-10000000847402/
MS-T61008802L-SIYAH-38,38,https://www.marksandspencer.com.tr/kadin-siyah-5li-saf-pamuklu-kulot-10000000847402/
MS-T61008802L-SIYAH-40,40,https://www.marksandspencer.com.tr/kadin-siyah-5li-saf-pamuklu-kulot-10000000847402/
MS-T61008802L-SIYAH-42,42,https://www.marksandspencer.com.tr/kadin-siyah-5li-saf-pamuklu-kulot-10000000847402/
MS-T61008802L-SIYAH-44,44,https://www.marksandspencer.com.tr/kadin-siyah-5li-saf-pamuklu-kulot-10000000847402/
MS-T61008802L-SIYAH-46,46,https://www.marksandspencer.com.tr/kadin-siyah-5li-saf-pamuklu-kulot-10000000847402/
MS-T61008802L-SIYAH-48,48,https://www.marksandspencer.com.tr/kadin-siyah-5li-saf-pamuklu-kulot-10000000847402/
MS-T61008802L-SIYAH-50,50,https://www.marksandspencer.com.tr/kadin-siyah-5li-saf-pamuklu-kulot-10000000847402/
MS-T61008802L-SIYAH-52,52,https://www.marksandspencer.com.tr/kadin-siyah-5li-saf-pamuklu-kulot-10000000847402/
MS-T61004958L-BEJ-34,34,https://www.marksandspencer.com.tr/kadin-bej-3lu-jasmine-dantelli-yuksek-bel-kulot-10000001123091/#yt-comment
MS-T61004958L-BEJ-36,36,https://www.marksandspencer.com.tr/kadin-bej-3lu-jasmine-dantelli-yuksek-bel-kulot-10000001123091/#yt-comment
MS-T61004958L-BEJ-38,38,https://www.marksandspencer.com.tr/kadin-bej-3lu-jasmine-dantelli-yuksek-bel-kulot-10000001123091/#yt-comment
MS-T61004958L-BEJ-40,40,https://www.marksandspencer.com.tr/kadin-bej-3lu-jasmine-dantelli-yuksek-bel-kulot-10000001123091/#yt-comment
MS-T61004958L-BEJ-42,42,https://www.marksandspencer.com.tr/kadin-bej-3lu-jasmine-dantelli-yuksek-bel-kulot-10000001123091/#yt-comment
MS-T61004958L-BEJ-44,44,https://www.marksandspencer.com.tr/kadin-bej-3lu-jasmine-dantelli-yuksek-bel-kulot-10000001123091/#yt-comment
MS-T61004958L-BEJ-46,46,https://www.marksandspencer.com.tr/kadin-bej-3lu-jasmine-dantelli-yuksek-bel-kulot-10000001123091/#yt-comment
MS-T61004958L-BEJ-48,48,https://www.marksandspencer.com.tr/kadin-bej-3lu-jasmine-dantelli-yuksek-bel-kulot-10000001123091/#yt-comment
MS-T61004958L-BEJ-50,50,https://www.marksandspencer.com.tr/kadin-bej-3lu-jasmine-dantelli-yuksek-bel-kulot-10000001123091/#yt-comment
MS-T61004958L-BEJ-52,52,https://www.marksandspencer.com.tr/kadin-bej-3lu-jasmine-dantelli-yuksek-bel-kulot-10000001123091/#yt-comment
MS-T61004910B-BEYAZ-34,34,https://www.marksandspencer.com.tr/kadin-beyaz-3lu-dantel-detayli-brazilian-kulot-10000001023076/
MS-T61004910B-BEYAZ-36,36,https://www.marksandspencer.com.tr/kadin-beyaz-3lu-dantel-detayli-brazilian-kulot-10000001023076/
MS-T61004910B-BEYAZ-38,38,https://www.marksandspencer.com.tr/kadin-beyaz-3lu-dantel-detayli-brazilian-kulot-10000001023076/
MS-T61004910B-BEYAZ-40,40,https://www.marksandspencer.com.tr/kadin-beyaz-3lu-dantel-detayli-brazilian-kulot-10000001023076/
MS-T61004910B-BEYAZ-42,42,https://www.marksandspencer.com.tr/kadin-beyaz-3lu-dantel-detayli-brazilian-kulot-10000001023076/
MS-T61004910B-BEYAZ-44,44,https://www.marksandspencer.com.tr/kadin-beyaz-3lu-dantel-detayli-brazilian-kulot-10000001023076/
MS-T61004910B-BEYAZ-46,46,https://www.marksandspencer.com.tr/kadin-beyaz-3lu-dantel-detayli-brazilian-kulot-10000001023076/
MS-T61004910B-BEYAZ-48,48,https://www.marksandspencer.com.tr/kadin-beyaz-3lu-dantel-detayli-brazilian-kulot-10000001023076/
MS-T61004910B-BEYAZ-50,50,https://www.marksandspencer.com.tr/kadin-beyaz-3lu-dantel-detayli-brazilian-kulot-10000001023076/
MS-T61004910B-BEYAZ-52,52,https://www.marksandspencer.com.tr/kadin-beyaz-3lu-dantel-detayli-brazilian-kulot-10000001023076/
MS-T61008800N-BEJ-34,34,https://www.marksandspencer.com.tr/kadin-bej-5-li-saf-pamuklu-bikini-kulot-seti-10000001123558/
MS-T61008800N-BEJ-36,36,https://www.marksandspencer.com.tr/kadin-bej-5-li-saf-pamuklu-bikini-kulot-seti-10000001123558/
MS-T61008800N-BEJ-38,38,https://www.marksandspencer.com.tr/kadin-bej-5-li-saf-pamuklu-bikini-kulot-seti-10000001123558/
MS-T61008800N-BEJ-40,40,https://www.marksandspencer.com.tr/kadin-bej-5-li-saf-pamuklu-bikini-kulot-seti-10000001123558/
MS-T61008800N-BEJ-42,42,https://www.marksandspencer.com.tr/kadin-bej-5-li-saf-pamuklu-bikini-kulot-seti-10000001123558/
MS-T61008800N-BEJ-44,44,https://www.marksandspencer.com.tr/kadin-bej-5-li-saf-pamuklu-bikini-kulot-seti-10000001123558/
MS-T61008800N-BEJ-46,46,https://www.marksandspencer.com.tr/kadin-bej-5-li-saf-pamuklu-bikini-kulot-seti-10000001123558/
MS-T59002399J-SIYAH-34,34,https://www.marksandspencer.com.tr/kadin-siyah-relaxed-fit-blazer-ceket-10000000845808/
MS-T59002399J-SIYAH-36,36,https://www.marksandspencer.com.tr/kadin-siyah-relaxed-fit-blazer-ceket-10000000845808/
MS-T59002399J-SIYAH-38,38,https://www.marksandspencer.com.tr/kadin-siyah-relaxed-fit-blazer-ceket-10000000845808/
MS-T59002399J-SIYAH-40,40,https://www.marksandspencer.com.tr/kadin-siyah-relaxed-fit-blazer-ceket-10000000845808/
MS-T59002399J-SIYAH-42,42,https://www.marksandspencer.com.tr/kadin-siyah-relaxed-fit-blazer-ceket-10000000845808/
MS-T59002399J-SIYAH-44,44,https://www.marksandspencer.com.tr/kadin-siyah-relaxed-fit-blazer-ceket-10000000845808/
MS-T59002399J-SIYAH-46,46,https://www.marksandspencer.com.tr/kadin-siyah-relaxed-fit-blazer-ceket-10000000845808/
MS-T59002399J-SIYAH-48,48,https://www.marksandspencer.com.tr/kadin-siyah-relaxed-fit-blazer-ceket-10000000845808/
MS-T59002399J-SIYAH-50,50,https://www.marksandspencer.com.tr/kadin-siyah-relaxed-fit-blazer-ceket-10000000845808/
MS-T59002399J-SIYAH-52,52,https://www.marksandspencer.com.tr/kadin-siyah-relaxed-fit-blazer-ceket-10000000845808/
MS-T38005113-KREM-34,34,https://www.marksandspencer.com.tr/kadin-krem-bisiklet-yaka-dugmeli-hirka-10000001145187/
MS-T38005113-KREM-36,36,https://www.marksandspencer.com.tr/kadin-krem-bisiklet-yaka-dugmeli-hirka-10000001145187/
MS-T38005113-KREM-38,38,https://www.marksandspencer.com.tr/kadin-krem-bisiklet-yaka-dugmeli-hirka-10000001145187/
MS-T38005113-KREM-40,40,https://www.marksandspencer.com.tr/kadin-krem-bisiklet-yaka-dugmeli-hirka-10000001145187/
MS-T38005113-KREM-42,42,https://www.marksandspencer.com.tr/kadin-krem-bisiklet-yaka-dugmeli-hirka-10000001145187/
MS-T38005113-KREM-44,44,https://www.marksandspencer.com.tr/kadin-krem-bisiklet-yaka-dugmeli-hirka-10000001145187/
MS-T38005113-KREM-46,46,https://www.marksandspencer.com.tr/kadin-krem-bisiklet-yaka-dugmeli-hirka-10000001145187/
MS-T38005113-KREM-48,48,https://www.marksandspencer.com.tr/kadin-krem-bisiklet-yaka-dugmeli-hirka-10000001145187/
MS-T38005113-KREM-50,50,https://www.marksandspencer.com.tr/kadin-krem-bisiklet-yaka-dugmeli-hirka-10000001145187/
MS-T38005113-KREM-52,52,https://www.marksandspencer.com.tr/kadin-krem-bisiklet-yaka-dugmeli-hirka-10000001145187/
MS-T38005113-SIYAH-34,34,https://www.marksandspencer.com.tr/kadin-lacivert-bisiklet-yaka-dugmeli-hirka-10000000806263/?integration_color=BLACK
MS-T38005113-SIYAH-36,36,https://www.marksandspencer.com.tr/kadin-lacivert-bisiklet-yaka-dugmeli-hirka-10000000806263/?integration_color=BLACK
MS-T38005113-SIYAH-38,38,https://www.marksandspencer.com.tr/kadin-lacivert-bisiklet-yaka-dugmeli-hirka-10000000806263/?integration_color=BLACK
MS-T38005113-SIYAH-40,40,https://www.marksandspencer.com.tr/kadin-lacivert-bisiklet-yaka-dugmeli-hirka-10000000806263/?integration_color=BLACK
MS-T38005113-SIYAH-42,42,https://www.marksandspencer.com.tr/kadin-lacivert-bisiklet-yaka-dugmeli-hirka-10000000806263/?integration_color=BLACK
MS-T38005113-SIYAH-44,44,https://www.marksandspencer.com.tr/kadin-lacivert-bisiklet-yaka-dugmeli-hirka-10000000806263/?integration_color=BLACK
MS-T38005113-SIYAH-46,46,https://www.marksandspencer.com.tr/kadin-lacivert-bisiklet-yaka-dugmeli-hirka-10000000806263/?integration_color=BLACK
MS-T38005113-SIYAH-48,48,https://www.marksandspencer.com.tr/kadin-lacivert-bisiklet-yaka-dugmeli-hirka-10000000806263/?integration_color=BLACK
MS-T14004821S-MULTI-S,S,https://www.marksandspencer.com.tr/erkek-multi-renk-5-li-boxer-seti-10000001109207
MS-T14004821S-MULTI-M,M,https://www.marksandspencer.com.tr/erkek-multi-renk-5-li-boxer-seti-10000001109207
MS-T14004821S-MULTI-L,L,https://www.marksandspencer.com.tr/erkek-multi-renk-5-li-boxer-seti-10000001109207
MS-T14004821S-MULTI-XL,XL,https://www.marksandspencer.com.tr/erkek-multi-renk-5-li-boxer-seti-10000001109207
MS-T14004821S-MULTI-XXL,XXL,https://www.marksandspencer.com.tr/erkek-multi-renk-5-li-boxer-seti-10000001109207
MS-T14005335A-MAVI-S,S,https://www.marksandspencer.com.tr/erkek-mavi-5-li-geometrik-desenli-boxer-seti-10000001109344
MS-T14005335A-MAVI-M,M,https://www.marksandspencer.com.tr/erkek-mavi-5-li-geometrik-desenli-boxer-seti-10000001109344
MS-T14005335A-MAVI-L,L,https://www.marksandspencer.com.tr/erkek-mavi-5-li-geometrik-desenli-boxer-seti-10000001109344
MS-T14005335A-MAVI-XL,XL,https://www.marksandspencer.com.tr/erkek-mavi-5-li-geometrik-desenli-boxer-seti-10000001109344
MS-T14005335A-MAVI-XXL,XXL,https://www.marksandspencer.com.tr/erkek-mavi-5-li-geometrik-desenli-boxer-seti-10000001109344
MS-T14003004A-SIYAH-S,S,https://www.marksandspencer.com.tr/erkek-siyah-mix-5li-supima-pamuklu-boxer-seti-10000000992985/
MS-T14003004A-SIYAH-M,M,https://www.marksandspencer.com.tr/erkek-siyah-mix-5li-supima-pamuklu-boxer-seti-10000000992985/
MS-T14003004A-SIYAH-L,L,https://www.marksandspencer.com.tr/erkek-siyah-mix-5li-supima-pamuklu-boxer-seti-10000000992985/
MS-T14003004A-SIYAH-XL,XL,https://www.marksandspencer.com.tr/erkek-siyah-mix-5li-supima-pamuklu-boxer-seti-10000000992985/
MS-T14003004A-SIYAH-XXL,XXL,https://www.marksandspencer.com.tr/erkek-siyah-mix-5li-supima-pamuklu-boxer-seti-10000000992985/
MS-T14004817S-LACIVERT-S,S,https://www.marksandspencer.com.tr/erkek-lacivert-5li-pamuklu-cool-fresh-trunk-10000001161297
MS-T14004817S-LACIVERT-M,M,https://www.marksandspencer.com.tr/erkek-lacivert-5li-pamuklu-cool-fresh-trunk-10000001161297
MS-T14004817S-LACIVERT-L,L,https://www.marksandspencer.com.tr/erkek-lacivert-5li-pamuklu-cool-fresh-trunk-10000001161297
MS-T14004817S-LACIVERT-XL,XL,https://www.marksandspencer.com.tr/erkek-lacivert-5li-pamuklu-cool-fresh-trunk-10000001161297
MS-T14004817S-LACIVERT-XXL,XXL,https://www.marksandspencer.com.tr/erkek-lacivert-5li-pamuklu-cool-fresh-trunk-10000001161297
MS-T14004817S-SIYAH-S,S,https://www.marksandspencer.com.tr/erkek-lacivert-5li-pamuklu-cool-fresh-trunk-10000001161297
MS-T14004817S-SIYAH-M,M,https://www.marksandspencer.com.tr/erkek-lacivert-5li-pamuklu-cool-fresh-trunk-10000001161297
MS-T14004817S-SIYAH-L,L,https://www.marksandspencer.com.tr/erkek-lacivert-5li-pamuklu-cool-fresh-trunk-10000001161297
MS-T14004817S-SIYAH-XL,XL,https://www.marksandspencer.com.tr/erkek-lacivert-5li-pamuklu-cool-fresh-trunk-10000001161297
MS-T14004817S-SIYAH-XXL,XXL,https://www.marksandspencer.com.tr/erkek-lacivert-5li-pamuklu-cool-fresh-trunk-10000001161297
MS-T14006137A-SIYAH-S,S,https://www.marksandspencer.com.tr/erkek-siyah-5li-cool-fresh-trade-mark-hipster-kulot-seti-10000001109225
MS-T14006137A-SIYAH-M,M,https://www.marksandspencer.com.tr/erkek-siyah-5li-cool-fresh-trade-mark-hipster-kulot-seti-10000001109225
MS-T14006137A-SIYAH-L,L,https://www.marksandspencer.com.tr/erkek-siyah-5li-cool-fresh-trade-mark-hipster-kulot-seti-10000001109225
MS-T14006137A-SIYAH-XL,XL,https://www.marksandspencer.com.tr/erkek-siyah-5li-cool-fresh-trade-mark-hipster-kulot-seti-10000001109225
MS-T14006137A-SIYAH-XXL,XXL,https://www.marksandspencer.com.tr/erkek-siyah-5li-cool-fresh-trade-mark-hipster-kulot-seti-10000001109225
MS-T14005091A-SIYAH-S,S,https://www.marksandspencer.com.tr/erkek-siyah-5-li-trunk-seti-10000001109283
MS-T14005091A-SIYAH-M,M,https://www.marksandspencer.com.tr/erkek-siyah-5-li-trunk-seti-10000001109283
MS-T14005091A-SIYAH-L,L,https://www.marksandspencer.com.tr/erkek-siyah-5-li-trunk-seti-10000001109283
MS-T14005091A-SIYAH-XL,XL,https://www.marksandspencer.com.tr/erkek-siyah-5-li-trunk-seti-10000001109283
MS-T14005091A-SIYAH-XXL,XXL,https://www.marksandspencer.com.tr/erkek-siyah-5-li-trunk-seti-10000001109283
MS-T14004818S-MAVI-S,S,https://www.marksandspencer.com.tr/erkek-mavi-mix-5-li-pamuklu-strec-geometrik-trunk-seti-10000001109351
MS-T14004818S-MAVI-M,M,https://www.marksandspencer.com.tr/erkek-mavi-mix-5-li-pamuklu-strec-geometrik-trunk-seti-10000001109351
MS-T14004818S-MAVI-L,L,https://www.marksandspencer.com.tr/erkek-mavi-mix-5-li-pamuklu-strec-geometrik-trunk-seti-10000001109351
MS-T14004818S-MAVI-XL,XL,https://www.marksandspencer.com.tr/erkek-mavi-mix-5-li-pamuklu-strec-geometrik-trunk-seti-10000001109351
MS-T14004818S-MAVI-XXL,XXL,https://www.marksandspencer.com.tr/erkek-mavi-mix-5-li-pamuklu-strec-geometrik-trunk-seti-10000001109351
MS-T14003900A-BEYAZ-S,S,https://www.marksandspencer.com.tr/erkek-beyaz-5-li-supima-registered-pamuklu-boxer-seti-10000000992982
MS-T14003900A-BEYAZ-M,M,https://www.marksandspencer.com.tr/erkek-beyaz-5-li-supima-registered-pamuklu-boxer-seti-10000000992982
MS-T14003900A-BEYAZ-L,L,https://www.marksandspencer.com.tr/erkek-beyaz-5-li-supima-registered-pamuklu-boxer-seti-10000000992982
MS-T14003900A-BEYAZ-XL,XL,https://www.marksandspencer.com.tr/erkek-beyaz-5-li-supima-registered-pamuklu-boxer-seti-10000000992982
MS-T14003900A-BEYAZ-XXL,XXL,https://www.marksandspencer.com.tr/erkek-beyaz-5-li-supima-registered-pamuklu-boxer-seti-10000000992982
MS-T14005336A-BEJ-S,S,https://www.marksandspencer.com.tr/erkek-bej-5li-geometrik-desenli-boxer-seti-10000001109186
MS-T14005336A-BEJ-M,M,https://www.marksandspencer.com.tr/erkek-bej-5li-geometrik-desenli-boxer-seti-10000001109186
MS-T14005336A-BEJ-L,L,https://www.marksandspencer.com.tr/erkek-bej-5li-geometrik-desenli-boxer-seti-10000001109186
MS-T14005336A-BEJ-XL,XL,https://www.marksandspencer.com.tr/erkek-bej-5li-geometrik-desenli-boxer-seti-10000001109186
MS-T14005336A-BEJ-XXL,XXL,https://www.marksandspencer.com.tr/erkek-bej-5li-geometrik-desenli-boxer-seti-10000001109186
MS-T14006139A-MAVI-S,S,https://www.marksandspencer.com.tr/erkek-mavi-5li-geometrik-desenli-boxer-seti-10000001109355
MS-T14006139A-MAVI-M,M,https://www.marksandspencer.com.tr/erkek-mavi-5li-geometrik-desenli-boxer-seti-10000001109355
MS-T14006139A-MAVI-L,L,https://www.marksandspencer.com.tr/erkek-mavi-5li-geometrik-desenli-boxer-seti-10000001109355
MS-T14006139A-MAVI-XL,XL,https://www.marksandspencer.com.tr/erkek-mavi-5li-geometrik-desenli-boxer-seti-10000001109355
MS-T14006139A-MAVI-XXL,XXL,https://www.marksandspencer.com.tr/erkek-mavi-5li-geometrik-desenli-boxer-seti-10000001109355
MS-T14006808S-MAVI-S,S,https://www.marksandspencer.com.tr/erkek-mavi-5-li-pamuklu-cool-fresh-trade-mark-geometrik-desenli-briefs-10000001109239
MS-T14006808S-MAVI-M,M,https://www.marksandspencer.com.tr/erkek-mavi-5-li-pamuklu-cool-fresh-trade-mark-geometrik-desenli-briefs-10000001109239
MS-T14006808S-MAVI-L,L,https://www.marksandspencer.com.tr/erkek-mavi-5-li-pamuklu-cool-fresh-trade-mark-geometrik-desenli-briefs-10000001109239
MS-T14006808S-MAVI-XL,XL,https://www.marksandspencer.com.tr/erkek-mavi-5-li-pamuklu-cool-fresh-trade-mark-geometrik-desenli-briefs-10000001109239
MS-T14006808S-MAVI-XXL,XXL,https://www.marksandspencer.com.tr/erkek-mavi-5-li-pamuklu-cool-fresh-trade-mark-geometrik-desenli-briefs-10000001109239
MS-T14004815S-MAVI-S,S,https://www.marksandspencer.com.tr/erkek-mavi-5-li-pamuk-karisimli-cool-fresh-trunk-10000001109147
MS-T14004815S-MAVI-M,M,https://www.marksandspencer.com.tr/erkek-mavi-5-li-pamuk-karisimli-cool-fresh-trunk-10000001109147
MS-T14004815S-MAVI-L,L,https://www.marksandspencer.com.tr/erkek-mavi-5-li-pamuk-karisimli-cool-fresh-trunk-10000001109147
MS-T14004815S-MAVI-XL,XL,https://www.marksandspencer.com.tr/erkek-mavi-5-li-pamuk-karisimli-cool-fresh-trunk-10000001109147
MS-T14004815S-MAVI-XXL,XXL,https://www.marksandspencer.com.tr/erkek-mavi-5-li-pamuk-karisimli-cool-fresh-trunk-10000001109147
MS-T14004913S-MAVI-S,S,https://www.marksandspencer.com.tr/erkek-mavi-mix-5li-pamuklu-geometrik-boxer-10000001161282
MS-T14004913S-MAVI-M,M,https://www.marksandspencer.com.tr/erkek-mavi-mix-5li-pamuklu-geometrik-boxer-10000001161282
MS-T14004913S-MAVI-L,L,https://www.marksandspencer.com.tr/erkek-mavi-mix-5li-pamuklu-geometrik-boxer-10000001161282
MS-T14004913S-MAVI-XL,XL,https://www.marksandspencer.com.tr/erkek-mavi-mix-5li-pamuklu-geometrik-boxer-10000001161282
MS-T14004913S-MAVI-XXL,XXL,https://www.marksandspencer.com.tr/erkek-mavi-mix-5li-pamuklu-geometrik-boxer-10000001161282
MS-T14006135A-BEYAZ-S,S,https://www.marksandspencer.com.tr/erkek-siyah-5-li-pamuk-karisimli-cool-fresh-trunk-seti-10000001109271
MS-T14006135A-BEYAZ-M,M,https://www.marksandspencer.com.tr/erkek-siyah-5-li-pamuk-karisimli-cool-fresh-trunk-seti-10000001109271
MS-T14006135A-BEYAZ-L,L,https://www.marksandspencer.com.tr/erkek-siyah-5-li-pamuk-karisimli-cool-fresh-trunk-seti-10000001109271
MS-T14006135A-BEYAZ-XL,XL,https://www.marksandspencer.com.tr/erkek-siyah-5-li-pamuk-karisimli-cool-fresh-trunk-seti-10000001109271
MS-T14006135A-BEYAZ-XXL,XXL,https://www.marksandspencer.com.tr/erkek-siyah-5-li-pamuk-karisimli-cool-fresh-trunk-seti-10000001109271
MS-T14006135A-SIYAH-S,S,https://www.marksandspencer.com.tr/erkek-siyah-5-li-pamuk-karisimli-cool-fresh-trunk-seti-10000001109271
MS-T14006135A-SIYAH-M,M,https://www.marksandspencer.com.tr/erkek-siyah-5-li-pamuk-karisimli-cool-fresh-trunk-seti-10000001109271
MS-T14006135A-SIYAH-L,L,https://www.marksandspencer.com.tr/erkek-siyah-5-li-pamuk-karisimli-cool-fresh-trunk-seti-10000001109271
MS-T14006135A-SIYAH-XL,XL,https://www.marksandspencer.com.tr/erkek-siyah-5-li-pamuk-karisimli-cool-fresh-trunk-seti-10000001109271
MS-T14006135A-SIYAH-XXL,XXL,https://www.marksandspencer.com.tr/erkek-siyah-5-li-pamuk-karisimli-cool-fresh-trunk-seti-10000001109271
MS-T14003003A-MAVI-S,S,https://www.marksandspencer.com.tr/erkek-mavi-mix-5-li-pamuk-karisimli-desenli-boxer-10000000992997
MS-T14003003A-MAVI-M,M,https://www.marksandspencer.com.tr/erkek-mavi-mix-5-li-pamuk-karisimli-desenli-boxer-10000000992997
MS-T14003003A-MAVI-L,L,https://www.marksandspencer.com.tr/erkek-mavi-mix-5-li-pamuk-karisimli-desenli-boxer-10000000992997
MS-T14003003A-MAVI-XL,XL,https://www.marksandspencer.com.tr/erkek-mavi-mix-5-li-pamuk-karisimli-desenli-boxer-10000000992997
MS-T14003003A-MAVI-XXL,XXL,https://www.marksandspencer.com.tr/erkek-mavi-mix-5-li-pamuk-karisimli-desenli-boxer-10000000992997
MS-T14004814S-MAVI-S,S,https://www.marksandspencer.com.tr/erkek-multi-renk-5-li-pamuklu-strec-cool-fresh-boxer-seti-10000001109157
MS-T14004814S-MAVI-M,M,https://www.marksandspencer.com.tr/erkek-multi-renk-5-li-pamuklu-strec-cool-fresh-boxer-seti-10000001109157
MS-T14004814S-MAVI-L,L,https://www.marksandspencer.com.tr/erkek-multi-renk-5-li-pamuklu-strec-cool-fresh-boxer-seti-10000001109157
MS-T14004814S-MAVI-XL,XL,https://www.marksandspencer.com.tr/erkek-multi-renk-5-li-pamuklu-strec-cool-fresh-boxer-seti-10000001109157
MS-T14004814S-MAVI-XXL,XXL,https://www.marksandspencer.com.tr/erkek-multi-renk-5-li-pamuklu-strec-cool-fresh-boxer-seti-10000001109157
MS-T14002555F-MAVI-S,S,https://www.marksandspencer.com.tr/erkek-mavi-5li-saf-pamuk-cool-fresh-desenli-kulot-seti-10000001109254
MS-T14002555F-MAVI-M,M,https://www.marksandspencer.com.tr/erkek-mavi-5li-saf-pamuk-cool-fresh-desenli-kulot-seti-10000001109254
MS-T14002555F-MAVI-L,L,https://www.marksandspencer.com.tr/erkek-mavi-5li-saf-pamuk-cool-fresh-desenli-kulot-seti-10000001109254
MS-T14002555F-MAVI-XL,XL,https://www.marksandspencer.com.tr/erkek-mavi-5li-saf-pamuk-cool-fresh-desenli-kulot-seti-10000001109254
MS-T14002555F-MAVI-XXL,XXL,https://www.marksandspencer.com.tr/erkek-mavi-5li-saf-pamuk-cool-fresh-desenli-kulot-seti-10000001109254
MS-T14005375A-SIYAH-S,S,https://www.marksandspencer.com.tr/erkek-siyah-5-li-boxer-seti-10000001109234
MS-T14005375A-SIYAH-M,M,https://www.marksandspencer.com.tr/erkek-siyah-5-li-boxer-seti-10000001109234
MS-T14005375A-SIYAH-L,L,https://www.marksandspencer.com.tr/erkek-siyah-5-li-boxer-seti-10000001109234
MS-T14005375A-SIYAH-XL,XL,https://www.marksandspencer.com.tr/erkek-siyah-5-li-boxer-seti-10000001109234
MS-T14005375A-SIYAH-XXL,XXL,https://www.marksandspencer.com.tr/erkek-siyah-5-li-boxer-seti-10000001109234
SML-MS-T61006230G-BEYAZ-XS,XS,https://www.marksandspencer.com.tr/kadin-beyaz-pamuk-karisimli-dusuk-bel-tanga-10000000847150
SML-MS-T61006230G-BEYAZ-S,S,https://www.marksandspencer.com.tr/kadin-beyaz-pamuk-karisimli-dusuk-bel-tanga-10000000847150
SML-MS-T61006230G-BEYAZ-M,M,https://www.marksandspencer.com.tr/kadin-beyaz-pamuk-karisimli-dusuk-bel-tanga-10000000847150
SML-MS-T61006230G-BEYAZ-L,L,https://www.marksandspencer.com.tr/kadin-beyaz-pamuk-karisimli-dusuk-bel-tanga-10000000847150
SML-MS-T61006230G-BEYAZ-XL,XL,https://www.marksandspencer.com.tr/kadin-beyaz-pamuk-karisimli-dusuk-bel-tanga-10000000847150
MS-T81006470Y-SIYAH-34,34,https://www.marksandspencer.com.tr/kadin-siyah-ipek-ve-dantel-jartiyer-10000000375687
MS-T81006470Y-SIYAH-36,36,https://www.marksandspencer.com.tr/kadin-siyah-ipek-ve-dantel-jartiyer-10000000375687
MS-T81006470Y-SIYAH-38,38,https://www.marksandspencer.com.tr/kadin-siyah-ipek-ve-dantel-jartiyer-10000000375687
MS-T81006470Y-SIYAH-40,40,https://www.marksandspencer.com.tr/kadin-siyah-ipek-ve-dantel-jartiyer-10000000375687
MS-T81006470Y-SIYAH-42,42,https://www.marksandspencer.com.tr/kadin-siyah-ipek-ve-dantel-jartiyer-10000000375687
MS-T81006470Y-SIYAH-44,44,https://www.marksandspencer.com.tr/kadin-siyah-ipek-ve-dantel-jartiyer-10000000375687
MS-T81006470Y-SIYAH-46,46,https://www.marksandspencer.com.tr/kadin-siyah-ipek-ve-dantel-jartiyer-10000000375687
MS-T81006470Y-SIYAH-48,48,https://www.marksandspencer.com.tr/kadin-siyah-ipek-ve-dantel-jartiyer-10000000375687
MS-T81006470Y-SIYAH-50,50,https://www.marksandspencer.com.tr/kadin-siyah-ipek-ve-dantel-jartiyer-10000000375687
SML-MS-T81009015V-KIRMIZI-34,34,https://www.marksandspencer.com.tr/kadin-koyu-kirmizi-mix-tammy-cicek-desenli-yuksek-bel-french-kulot-10000000189437
SML-MS-T81009015V-KIRMIZI-36,36,https://www.marksandspencer.com.tr/kadin-koyu-kirmizi-mix-tammy-cicek-desenli-yuksek-bel-french-kulot-10000000189437
SML-MS-T81009015V-KIRMIZI-38,38,https://www.marksandspencer.com.tr/kadin-koyu-kirmizi-mix-tammy-cicek-desenli-yuksek-bel-french-kulot-10000000189437
SML-MS-T81009015V-KIRMIZI-40,40,https://www.marksandspencer.com.tr/kadin-koyu-kirmizi-mix-tammy-cicek-desenli-yuksek-bel-french-kulot-10000000189437
SML-MS-T81009015V-KIRMIZI-42,42,https://www.marksandspencer.com.tr/kadin-koyu-kirmizi-mix-tammy-cicek-desenli-yuksek-bel-french-kulot-10000000189437
SML-MS-T81009015V-KIRMIZI-44,44,https://www.marksandspencer.com.tr/kadin-koyu-kirmizi-mix-tammy-cicek-desenli-yuksek-bel-french-kulot-10000000189437
SML-MS-T81009015V-KIRMIZI-46,46,https://www.marksandspencer.com.tr/kadin-koyu-kirmizi-mix-tammy-cicek-desenli-yuksek-bel-french-kulot-10000000189437
SML-MS-T81009015V-KIRMIZI-48,48,https://www.marksandspencer.com.tr/kadin-koyu-kirmizi-mix-tammy-cicek-desenli-yuksek-bel-french-kulot-10000000189437
SML-MS-T81009015V-KIRMIZI-50,50,https://www.marksandspencer.com.tr/kadin-koyu-kirmizi-mix-tammy-cicek-desenli-yuksek-bel-french-kulot-10000000189437
MS-T81006477Y-BEJ-34,34,https://www.marksandspencer.com.tr/kadin-krem-nakisli-jartiyer-10000000888072
MS-T81006477Y-BEJ-36,36,https://www.marksandspencer.com.tr/kadin-krem-nakisli-jartiyer-10000000888072
MS-T81006477Y-BEJ-38,38,https://www.marksandspencer.com.tr/kadin-krem-nakisli-jartiyer-10000000888072
MS-T81006477Y-BEJ-40,40,https://www.marksandspencer.com.tr/kadin-krem-nakisli-jartiyer-10000000888072
MS-T81006477Y-BEJ-42,42,https://www.marksandspencer.com.tr/kadin-krem-nakisli-jartiyer-10000000888072
MS-T81006477Y-BEJ-44,44,https://www.marksandspencer.com.tr/kadin-krem-nakisli-jartiyer-10000000888072
MS-T81006477Y-BEJ-46,46,https://www.marksandspencer.com.tr/kadin-krem-nakisli-jartiyer-10000000888072
MS-T81006477Y-BEJ-48,48,https://www.marksandspencer.com.tr/kadin-krem-nakisli-jartiyer-10000000888072
MS-T81006477Y-BEJ-50,50,https://www.marksandspencer.com.tr/kadin-krem-nakisli-jartiyer-10000000888072
SML-MS-T61006230L-PEMBE-XS,XS,https://www.marksandspencer.com.tr/kadin-pembe-pamuklu-yuksek-bel-kulot-10000000847499/
SML-MS-T61006230L-PEMBE-S,S,https://www.marksandspencer.com.tr/kadin-pembe-pamuklu-yuksek-bel-kulot-10000000847499/
SML-MS-T61006230L-PEMBE-M,M,https://www.marksandspencer.com.tr/kadin-pembe-pamuklu-yuksek-bel-kulot-10000000847499/
SML-MS-T61006230L-PEMBE-L,L,https://www.marksandspencer.com.tr/kadin-pembe-pamuklu-yuksek-bel-kulot-10000000847499/
SML-MS-T61006230L-PEMBE-XL,XL,https://www.marksandspencer.com.tr/kadin-pembe-pamuklu-yuksek-bel-kulot-10000000847499/
SML-MS-T61006230L-SIYAH-XS,XS,https://www.marksandspencer.com.tr/kadin-pembe-pamuklu-yuksek-bel-kulot-10000000847499/
SML-MS-T61006230L-SIYAH-S,S,https://www.marksandspencer.com.tr/kadin-pembe-pamuklu-yuksek-bel-kulot-10000000847499/
SML-MS-T61006230L-SIYAH-M,M,https://www.marksandspencer.com.tr/kadin-pembe-pamuklu-yuksek-bel-kulot-10000000847499/
SML-MS-T61006230L-SIYAH-L,L,https://www.marksandspencer.com.tr/kadin-pembe-pamuklu-yuksek-bel-kulot-10000000847499/
SML-MS-T61006230L-SIYAH-XL,XL,https://www.marksandspencer.com.tr/kadin-pembe-pamuklu-yuksek-bel-kulot-10000000847499/
SML-MS-T61006230B-LACIVERT-XS,XS,https://www.marksandspencer.com.tr/kadin-lacivert-pamuklu-brazilian-kulot-10000000810654/
SML-MS-T61006230B-LACIVERT-S,S,https://www.marksandspencer.com.tr/kadin-lacivert-pamuklu-brazilian-kulot-10000000810654/
SML-MS-T61006230B-LACIVERT-M,M,https://www.marksandspencer.com.tr/kadin-lacivert-pamuklu-brazilian-kulot-10000000810654/
SML-MS-T61006230B-LACIVERT-L,L,https://www.marksandspencer.com.tr/kadin-lacivert-pamuklu-brazilian-kulot-10000000810654/
SML-MS-T61006230B-LACIVERT-XL,XL,https://www.marksandspencer.com.tr/kadin-lacivert-pamuklu-brazilian-kulot-10000000810654/
SML-MS-T61006230B-SIYAH-XS,XS,https://www.marksandspencer.com.tr/kadin-lacivert-pamuklu-brazilian-kulot-10000000810654/
SML-MS-T61006230B-SIYAH-S,S,https://www.marksandspencer.com.tr/kadin-lacivert-pamuklu-brazilian-kulot-10000000810654/
SML-MS-T61006230B-SIYAH-M,M,https://www.marksandspencer.com.tr/kadin-lacivert-pamuklu-brazilian-kulot-10000000810654/
SML-MS-T61006230B-SIYAH-L,L,https://www.marksandspencer.com.tr/kadin-lacivert-pamuklu-brazilian-kulot-10000000810654/
SML-MS-T61006230B-SIYAH-XL,XL,https://www.marksandspencer.com.tr/kadin-lacivert-pamuklu-brazilian-kulot-10000000810654/
SML-MS-T61007830L-SIYAH-XS,XS,https://www.marksandspencer.com.tr/kadin-siyah-dantel-detayli-kulot-10000001231645
SML-MS-T61007830L-SIYAH-S,S,https://www.marksandspencer.com.tr/kadin-siyah-dantel-detayli-kulot-10000001231645
SML-MS-T61007830L-SIYAH-M,M,https://www.marksandspencer.com.tr/kadin-siyah-dantel-detayli-kulot-10000001231645
SML-MS-T61007830L-SIYAH-L,L,https://www.marksandspencer.com.tr/kadin-siyah-dantel-detayli-kulot-10000001231645
SML-MS-T61007830L-SIYAH-XL,XL,https://www.marksandspencer.com.tr/kadin-siyah-dantel-detayli-kulot-10000001231645
SML-MS-T61006230T-GRI-XS,XS,https://www.marksandspencer.com.tr/kadin-gri-pamuklu-ribanali-tanga-10000000810749
SML-MS-T61006230T-GRI-S,S,https://www.marksandspencer.com.tr/kadin-gri-pamuklu-ribanali-tanga-10000000810749
SML-MS-T61006230T-GRI-M,M,https://www.marksandspencer.com.tr/kadin-gri-pamuklu-ribanali-tanga-10000000810749
SML-MS-T61006230T-GRI-L,L,https://www.marksandspencer.com.tr/kadin-gri-pamuklu-ribanali-tanga-10000000810749
SML-MS-T61006230T-GRI-XL,XL,https://www.marksandspencer.com.tr/kadin-gri-pamuklu-ribanali-tanga-10000000810749
MS-T61004667L-SIYAH-34,34,https://www.marksandspencer.com.tr/kadin-siyah-5-li-dikissiz-yuksek-bel-kulot-seti-5646094671/
MS-T61004667L-SIYAH-36,36,https://www.marksandspencer.com.tr/kadin-siyah-5-li-dikissiz-yuksek-bel-kulot-seti-5646094671/
MS-T61004667L-SIYAH-38,38,https://www.marksandspencer.com.tr/kadin-siyah-5-li-dikissiz-yuksek-bel-kulot-seti-5646094671/
MS-T61004667L-SIYAH-40,40,https://www.marksandspencer.com.tr/kadin-siyah-5-li-dikissiz-yuksek-bel-kulot-seti-5646094671/
MS-T61004667L-SIYAH-42,42,https://www.marksandspencer.com.tr/kadin-siyah-5-li-dikissiz-yuksek-bel-kulot-seti-5646094671/
MS-T61004667L-SIYAH-44,44,https://www.marksandspencer.com.tr/kadin-siyah-5-li-dikissiz-yuksek-bel-kulot-seti-5646094671/
MS-T61004667L-SIYAH-46,46,https://www.marksandspencer.com.tr/kadin-siyah-5-li-dikissiz-yuksek-bel-kulot-seti-5646094671/
MS-T61004667L-SIYAH-48,48,https://www.marksandspencer.com.tr/kadin-siyah-5-li-dikissiz-yuksek-bel-kulot-seti-5646094671/
MS-T61004667L-SIYAH-50,50,https://www.marksandspencer.com.tr/kadin-siyah-5-li-dikissiz-yuksek-bel-kulot-seti-5646094671/
SML-MS-T61006974B-PEMBE-XS,XS,https://www.marksandspencer.com.tr/kadin-pembe-brazilian-dantel-detayli-kulot-10000000810715
SML-MS-T61006974B-PEMBE-S,S,https://www.marksandspencer.com.tr/kadin-pembe-brazilian-dantel-detayli-kulot-10000000810715
SML-MS-T61006974B-PEMBE-M,M,https://www.marksandspencer.com.tr/kadin-pembe-brazilian-dantel-detayli-kulot-10000000810715
SML-MS-T61006974B-PEMBE-L,L,https://www.marksandspencer.com.tr/kadin-pembe-brazilian-dantel-detayli-kulot-10000000810715
SML-MS-T61006974B-PEMBE-XL,XL,https://www.marksandspencer.com.tr/kadin-pembe-brazilian-dantel-detayli-kulot-10000000810715
SML-MS-T61006905B-LEOPAR-XS,XS,https://www.marksandspencer.com.tr/kadin-detayli-brazilian-kulot-10000001207137
SML-MS-T61006905B-LEOPAR-S,S,https://www.marksandspencer.com.tr/kadin-detayli-brazilian-kulot-10000001207137
SML-MS-T61006905B-LEOPAR-M,M,https://www.marksandspencer.com.tr/kadin-detayli-brazilian-kulot-10000001207137
SML-MS-T61006905B-LEOPAR-L,L,https://www.marksandspencer.com.tr/kadin-detayli-brazilian-kulot-10000001207137
SML-MS-T61006905B-LEOPAR-XL,XL,https://www.marksandspencer.com.tr/kadin-detayli-brazilian-kulot-10000001207137
MS-T07000577-YESIL-S,S,https://www.marksandspencer.com.tr/erkek-yesil-saf-pamuklu-kareli-pijama-takimi-10000001153975
MS-T07000577-YESIL-M,M,https://www.marksandspencer.com.tr/erkek-yesil-saf-pamuklu-kareli-pijama-takimi-10000001153975
MS-T07000577-YESIL-L,L,https://www.marksandspencer.com.tr/erkek-yesil-saf-pamuklu-kareli-pijama-takimi-10000001153975
MS-T07000577-YESIL-XL,XL,https://www.marksandspencer.com.tr/erkek-yesil-saf-pamuklu-kareli-pijama-takimi-10000001153975
MS-T07000577-YESIL-XXL,XXL,https://www.marksandspencer.com.tr/erkek-yesil-saf-pamuklu-kareli-pijama-takimi-10000001153975
MS-T07001328A-LACIVERT-S,S,https://www.marksandspencer.com.tr/erkek-lacivert-pamuk-karisimli-geometrik-baskili-pijama-alti-10000001035244
MS-T07001328A-LACIVERT-M,M,https://www.marksandspencer.com.tr/erkek-lacivert-pamuk-karisimli-geometrik-baskili-pijama-alti-10000001035244
MS-T07001328A-LACIVERT-L,L,https://www.marksandspencer.com.tr/erkek-lacivert-pamuk-karisimli-geometrik-baskili-pijama-alti-10000001035244
MS-T07001328A-LACIVERT-XL,XL,https://www.marksandspencer.com.tr/erkek-lacivert-pamuk-karisimli-geometrik-baskili-pijama-alti-10000001035244
MS-T07001328A-LACIVERT-XXL,XXL,https://www.marksandspencer.com.tr/erkek-lacivert-pamuk-karisimli-geometrik-baskili-pijama-alti-10000001035244
MS-T07004509-LACIVERT-S,S,https://www.marksandspencer.com.tr/erkek-lacivert-saf-pamuklu-desenli-sabahlik-10000000717168
MS-T07004509-LACIVERT-M,M,https://www.marksandspencer.com.tr/erkek-lacivert-saf-pamuklu-desenli-sabahlik-10000000717168
MS-T07004509-LACIVERT-L,L,https://www.marksandspencer.com.tr/erkek-lacivert-saf-pamuklu-desenli-sabahlik-10000000717168
MS-T07004509-LACIVERT-XL,XL,https://www.marksandspencer.com.tr/erkek-lacivert-saf-pamuklu-desenli-sabahlik-10000000717168
MS-T07004509-LACIVERT-XXL,XXL,https://www.marksandspencer.com.tr/erkek-lacivert-saf-pamuklu-desenli-sabahlik-10000000717168
MS-T07004777-LACIVERT-S,S,https://www.marksandspencer.com.tr/erkek-lacivert-saf-pamuklu-kareli-pijama-takimi-10000001140099
MS-T07004777-LACIVERT-M,M,https://www.marksandspencer.com.tr/erkek-lacivert-saf-pamuklu-kareli-pijama-takimi-10000001140099
MS-T07004777-LACIVERT-L,L,https://www.marksandspencer.com.tr/erkek-lacivert-saf-pamuklu-kareli-pijama-takimi-10000001140099
MS-T07004777-LACIVERT-XL,XL,https://www.marksandspencer.com.tr/erkek-lacivert-saf-pamuklu-kareli-pijama-takimi-10000001140099
MS-T07004777-LACIVERT-XXL,XXL,https://www.marksandspencer.com.tr/erkek-lacivert-saf-pamuklu-kareli-pijama-takimi-10000001140099
MS-T07004778-MAVI-S,S,https://www.marksandspencer.com.tr/erkek-mavi-saf-pamuklu-cizgili-pijama-takimi-10000001194455
MS-T07004778-MAVI-M,M,https://www.marksandspencer.com.tr/erkek-mavi-saf-pamuklu-cizgili-pijama-takimi-10000001194455
MS-T07004778-MAVI-L,L,https://www.marksandspencer.com.tr/erkek-mavi-saf-pamuklu-cizgili-pijama-takimi-10000001194455
MS-T07004778-MAVI-XL,XL,https://www.marksandspencer.com.tr/erkek-mavi-saf-pamuklu-cizgili-pijama-takimi-10000001194455
MS-T07004778-MAVI-XXL,XXL,https://www.marksandspencer.com.tr/erkek-mavi-saf-pamuklu-cizgili-pijama-takimi-10000001194455
MS-T07005135-LACIVERT-S,S,https://www.marksandspencer.com.tr/erkek-lacivert-pamuk-karisimli-ribanali-pijama-ustu-10000001139970
MS-T07005135-LACIVERT-M,M,https://www.marksandspencer.com.tr/erkek-lacivert-pamuk-karisimli-ribanali-pijama-ustu-10000001139970
MS-T07005135-LACIVERT-L,L,https://www.marksandspencer.com.tr/erkek-lacivert-pamuk-karisimli-ribanali-pijama-ustu-10000001139970
MS-T07005135-LACIVERT-XL,XL,https://www.marksandspencer.com.tr/erkek-lacivert-pamuk-karisimli-ribanali-pijama-ustu-10000001139970
MS-T07005135-LACIVERT-XXL,XXL,https://www.marksandspencer.com.tr/erkek-lacivert-pamuk-karisimli-ribanali-pijama-ustu-10000001139970
MS-T07005135-KREM-S,S,https://www.marksandspencer.com.tr/erkek-lacivert-pamuk-karisimli-ribanali-pijama-ustu-10000001139970
MS-T07005135-KREM-M,M,https://www.marksandspencer.com.tr/erkek-lacivert-pamuk-karisimli-ribanali-pijama-ustu-10000001139970
MS-T07005135-KREM-L,L,https://www.marksandspencer.com.tr/erkek-lacivert-pamuk-karisimli-ribanali-pijama-ustu-10000001139970
MS-T07005135-KREM-XL,XL,https://www.marksandspencer.com.tr/erkek-lacivert-pamuk-karisimli-ribanali-pijama-ustu-10000001139970
MS-T07005135-KREM-XXL,XXL,https://www.marksandspencer.com.tr/erkek-lacivert-pamuk-karisimli-ribanali-pijama-ustu-10000001139970
MS-T07005139-KIRMIZI-S,S,https://www.marksandspencer.com.tr/erkek-kirmizi-saf-pamuklu-noel-kareli-pijama-takimi-10000001249758
MS-T07005139-KIRMIZI-M,M,https://www.marksandspencer.com.tr/erkek-kirmizi-saf-pamuklu-noel-kareli-pijama-takimi-10000001249758
MS-T07005139-KIRMIZI-L,L,https://www.marksandspencer.com.tr/erkek-kirmizi-saf-pamuklu-noel-kareli-pijama-takimi-10000001249758
MS-T07005139-KIRMIZI-XL,XL,https://www.marksandspencer.com.tr/erkek-kirmizi-saf-pamuklu-noel-kareli-pijama-takimi-10000001249758
MS-T07005139-KIRMIZI-XXL,XXL,https://www.marksandspencer.com.tr/erkek-kirmizi-saf-pamuklu-noel-kareli-pijama-takimi-10000001249758
MS-T37001705P-KREM-XS,XS,https://www.marksandspencer.com.tr/kadin-krem-cozy-kargo-pijama-alti-10000000683096/?integration_color=IVORY
MS-T37001705P-KREM-S,S,https://www.marksandspencer.com.tr/kadin-krem-cozy-kargo-pijama-alti-10000000683096/?integration_color=IVORY
MS-T37001705P-KREM-M,M,https://www.marksandspencer.com.tr/kadin-krem-cozy-kargo-pijama-alti-10000000683096/?integration_color=IVORY
MS-T37001705P-KREM-L,L,https://www.marksandspencer.com.tr/kadin-krem-cozy-kargo-pijama-alti-10000000683096/?integration_color=IVORY
MS-T37001705P-KREM-XL,XL,https://www.marksandspencer.com.tr/kadin-krem-cozy-kargo-pijama-alti-10000000683096/?integration_color=IVORY
MS-T37001804P-LACIVERT-XS,XS,https://www.marksandspencer.com.tr/kadin-lacivert-wide-leg-pijama-alti-10000001144973/
MS-T37001804P-LACIVERT-S,S,https://www.marksandspencer.com.tr/kadin-lacivert-wide-leg-pijama-alti-10000001144973/
MS-T37001804P-LACIVERT-M,M,https://www.marksandspencer.com.tr/kadin-lacivert-wide-leg-pijama-alti-10000001144973/
MS-T37001804P-LACIVERT-L,L,https://www.marksandspencer.com.tr/kadin-lacivert-wide-leg-pijama-alti-10000001144973/
MS-T37001804P-LACIVERT-XL,XL,https://www.marksandspencer.com.tr/kadin-lacivert-wide-leg-pijama-alti-10000001144973/
MS-T37002243J-YESIL-34,34,https://www.marksandspencer.com.tr/kadin-yesil-cizgili-pijama-takimi-10000001258562
MS-T37002243J-YESIL-36,36,https://www.marksandspencer.com.tr/kadin-yesil-cizgili-pijama-takimi-10000001258562
MS-T37002243J-YESIL-38,38,https://www.marksandspencer.com.tr/kadin-yesil-cizgili-pijama-takimi-10000001258562
MS-T37002243J-YESIL-40,40,https://www.marksandspencer.com.tr/kadin-yesil-cizgili-pijama-takimi-10000001258562
MS-T37002243J-YESIL-42,42,https://www.marksandspencer.com.tr/kadin-yesil-cizgili-pijama-takimi-10000001258562
MS-T37002243J-YESIL-44,44,https://www.marksandspencer.com.tr/kadin-yesil-cizgili-pijama-takimi-10000001258562
MS-T37002243J-YESIL-46,46,https://www.marksandspencer.com.tr/kadin-yesil-cizgili-pijama-takimi-10000001258562
MS-T37002243J-YESIL-48,48,https://www.marksandspencer.com.tr/kadin-yesil-cizgili-pijama-takimi-10000001258562
MS-T37002243J-YESIL-50,50,https://www.marksandspencer.com.tr/kadin-yesil-cizgili-pijama-takimi-10000001258562
MS-T37002254J-KREM-XS,XS,https://www.marksandspencer.com.tr/kadin-siyah-polar-pijama-takimi-10000001258767
MS-T37002254J-KREM-S,S,https://www.marksandspencer.com.tr/kadin-siyah-polar-pijama-takimi-10000001258767
MS-T37002254J-KREM-M,M,https://www.marksandspencer.com.tr/kadin-siyah-polar-pijama-takimi-10000001258767
MS-T37002254J-KREM-L,L,https://www.marksandspencer.com.tr/kadin-siyah-polar-pijama-takimi-10000001258767
MS-T37002254J-KREM-XL,XL,https://www.marksandspencer.com.tr/kadin-siyah-polar-pijama-takimi-10000001258767
MS-T37002254J-SIYAH-XS,XS,https://www.marksandspencer.com.tr/kadin-siyah-polar-pijama-takimi-10000001258767
MS-T37002254J-SIYAH-S,S,https://www.marksandspencer.com.tr/kadin-siyah-polar-pijama-takimi-10000001258767
MS-T37002254J-SIYAH-M,M,https://www.marksandspencer.com.tr/kadin-siyah-polar-pijama-takimi-10000001258767
MS-T37002254J-SIYAH-L,L,https://www.marksandspencer.com.tr/kadin-siyah-polar-pijama-takimi-10000001258767
MS-T37002254J-SIYAH-XL,XL,https://www.marksandspencer.com.tr/kadin-siyah-polar-pijama-takimi-10000001258767
MS-T37003697T-BORDO-XS,XS,https://www.marksandspencer.com.tr/kadin-bordo-uzun-kollu-pijama-ustu-10000001224497
MS-T37003697T-BORDO-S,S,https://www.marksandspencer.com.tr/kadin-bordo-uzun-kollu-pijama-ustu-10000001224497
MS-T37003697T-BORDO-M,M,https://www.marksandspencer.com.tr/kadin-bordo-uzun-kollu-pijama-ustu-10000001224497
MS-T37003697T-BORDO-L,L,https://www.marksandspencer.com.tr/kadin-bordo-uzun-kollu-pijama-ustu-10000001224497
MS-T37003697T-BORDO-XL,XL,https://www.marksandspencer.com.tr/kadin-bordo-uzun-kollu-pijama-ustu-10000001224497
MS-T37006194X-PEMBE-34,34,https://www.marksandspencer.com.tr/kadin-pembe-pamuk-karisimli-kareli-pijama-takimi-10000001224319
MS-T37006194X-PEMBE-36,36,https://www.marksandspencer.com.tr/kadin-pembe-pamuk-karisimli-kareli-pijama-takimi-10000001224319
MS-T37006194X-PEMBE-38,38,https://www.marksandspencer.com.tr/kadin-pembe-pamuk-karisimli-kareli-pijama-takimi-10000001224319
MS-T37006194X-PEMBE-40,40,https://www.marksandspencer.com.tr/kadin-pembe-pamuk-karisimli-kareli-pijama-takimi-10000001224319
MS-T37006194X-PEMBE-42,42,https://www.marksandspencer.com.tr/kadin-pembe-pamuk-karisimli-kareli-pijama-takimi-10000001224319
MS-T37006194X-PEMBE-44,44,https://www.marksandspencer.com.tr/kadin-pembe-pamuk-karisimli-kareli-pijama-takimi-10000001224319
MS-T37006194X-PEMBE-46,46,https://www.marksandspencer.com.tr/kadin-pembe-pamuk-karisimli-kareli-pijama-takimi-10000001224319
MS-T37006194X-PEMBE-48,48,https://www.marksandspencer.com.tr/kadin-pembe-pamuk-karisimli-kareli-pijama-takimi-10000001224319
MS-T37006194X-PEMBE-50,50,https://www.marksandspencer.com.tr/kadin-pembe-pamuk-karisimli-kareli-pijama-takimi-10000001224319
MS-T61004104-PEMBE-34,34,https://www.marksandspencer.com.tr/kadin-pembe-5-li-dikissiz-full-brief-kulot-seti-10000001439848/?integration_color=BROWN+HAZE
MS-T61004104-PEMBE-36,36,https://www.marksandspencer.com.tr/kadin-pembe-5-li-dikissiz-full-brief-kulot-seti-10000001439848/?integration_color=BROWN+HAZE
MS-T61004104-PEMBE-38,38,https://www.marksandspencer.com.tr/kadin-pembe-5-li-dikissiz-full-brief-kulot-seti-10000001439848/?integration_color=BROWN+HAZE
MS-T61004104-PEMBE-40,40,https://www.marksandspencer.com.tr/kadin-pembe-5-li-dikissiz-full-brief-kulot-seti-10000001439848/?integration_color=BROWN+HAZE
MS-T61004104-PEMBE-42,42,https://www.marksandspencer.com.tr/kadin-pembe-5-li-dikissiz-full-brief-kulot-seti-10000001439848/?integration_color=BROWN+HAZE
MS-T61004104-PEMBE-44,44,https://www.marksandspencer.com.tr/kadin-pembe-5-li-dikissiz-full-brief-kulot-seti-10000001439848/?integration_color=BROWN+HAZE
MS-T61004104-PEMBE-46,46,https://www.marksandspencer.com.tr/kadin-pembe-5-li-dikissiz-full-brief-kulot-seti-10000001439848/?integration_color=BROWN+HAZE
MS-T61004104-PEMBE-48,48,https://www.marksandspencer.com.tr/kadin-pembe-5-li-dikissiz-full-brief-kulot-seti-10000001439848/?integration_color=BROWN+HAZE
MS-T61004104-PEMBE-50,50,https://www.marksandspencer.com.tr/kadin-pembe-5-li-dikissiz-full-brief-kulot-seti-10000001439848/?integration_color=BROWN+HAZE
MS-T61004104-PEMBE-52,52,https://www.marksandspencer.com.tr/kadin-pembe-5-li-dikissiz-full-brief-kulot-seti-10000001439848/?integration_color=BROWN+HAZE
MS-T61004102-ACIK-PEMBE-34,34,https://www.marksandspencer.com.tr/kadin-pembe-5-li-dikissiz-short-kulot-seti-10000001523664/
MS-T61004102-ACIK-PEMBE-36,36,https://www.marksandspencer.com.tr/kadin-pembe-5-li-dikissiz-short-kulot-seti-10000001523664/
MS-T61004102-ACIK-PEMBE-38,38,https://www.marksandspencer.com.tr/kadin-pembe-5-li-dikissiz-short-kulot-seti-10000001523664/
MS-T61004102-ACIK-PEMBE-40,40,https://www.marksandspencer.com.tr/kadin-pembe-5-li-dikissiz-short-kulot-seti-10000001523664/
MS-T61004102-ACIK-PEMBE-42,42,https://www.marksandspencer.com.tr/kadin-pembe-5-li-dikissiz-short-kulot-seti-10000001523664/
MS-T61004102-ACIK-PEMBE-44,44,https://www.marksandspencer.com.tr/kadin-pembe-5-li-dikissiz-short-kulot-seti-10000001523664/
MS-T61004102-ACIK-PEMBE-46,46,https://www.marksandspencer.com.tr/kadin-pembe-5-li-dikissiz-short-kulot-seti-10000001523664/
MS-T61004102-ACIK-PEMBE-48,48,https://www.marksandspencer.com.tr/kadin-pembe-5-li-dikissiz-short-kulot-seti-10000001523664/
MS-T61004102-ACIK-PEMBE-50,50,https://www.marksandspencer.com.tr/kadin-pembe-5-li-dikissiz-short-kulot-seti-10000001523664/
MS-T61004102-ACIK-PEMBE-52,52,https://www.marksandspencer.com.tr/kadin-pembe-5-li-dikissiz-short-kulot-seti-10000001523664/
MS-T61004109B-SIYAH-34,34,https://www.marksandspencer.com.tr/kadin-siyah-5li-brazilian-kulot-seti-10000001523651/
MS-T61004109B-SIYAH-36,36,https://www.marksandspencer.com.tr/kadin-siyah-5li-brazilian-kulot-seti-10000001523651/
MS-T61004109B-SIYAH-38,38,https://www.marksandspencer.com.tr/kadin-siyah-5li-brazilian-kulot-seti-10000001523651/
MS-T61004109B-SIYAH-40,40,https://www.marksandspencer.com.tr/kadin-siyah-5li-brazilian-kulot-seti-10000001523651/
MS-T61004109B-SIYAH-42,42,https://www.marksandspencer.com.tr/kadin-siyah-5li-brazilian-kulot-seti-10000001523651/
MS-T61004109B-SIYAH-44,44,https://www.marksandspencer.com.tr/kadin-siyah-5li-brazilian-kulot-seti-10000001523651/
MS-T61004109B-SIYAH-46,46,https://www.marksandspencer.com.tr/kadin-siyah-5li-brazilian-kulot-seti-10000001523651/
MS-T61004109B-SIYAH-48,48,https://www.marksandspencer.com.tr/kadin-siyah-5li-brazilian-kulot-seti-10000001523651/
MS-T61004109B-SIYAH-50,50,https://www.marksandspencer.com.tr/kadin-siyah-5li-brazilian-kulot-seti-10000001523651/
MS-T61004109B-SIYAH-52,52,https://www.marksandspencer.com.tr/kadin-siyah-5li-brazilian-kulot-seti-10000001523651/
MS-T61004113E-KAHVE-34,34,https://www.marksandspencer.com.tr/kadin-kahverengi-5li-microfibre-yuksek-bel-kulot-seti-10000001440417/
MS-T61004113E-KAHVE-36,36,https://www.marksandspencer.com.tr/kadin-kahverengi-5li-microfibre-yuksek-bel-kulot-seti-10000001440417/
MS-T61004113E-KAHVE-38,38,https://www.marksandspencer.com.tr/kadin-kahverengi-5li-microfibre-yuksek-bel-kulot-seti-10000001440417/
MS-T61004113E-KAHVE-40,40,https://www.marksandspencer.com.tr/kadin-kahverengi-5li-microfibre-yuksek-bel-kulot-seti-10000001440417/
MS-T61004113E-KAHVE-42,42,https://www.marksandspencer.com.tr/kadin-kahverengi-5li-microfibre-yuksek-bel-kulot-seti-10000001440417/
MS-T61004113E-KAHVE-44,44,https://www.marksandspencer.com.tr/kadin-kahverengi-5li-microfibre-yuksek-bel-kulot-seti-10000001440417/
MS-T61004113E-KAHVE-46,46,https://www.marksandspencer.com.tr/kadin-kahverengi-5li-microfibre-yuksek-bel-kulot-seti-10000001440417/
MS-T61004113E-KAHVE-48,48,https://www.marksandspencer.com.tr/kadin-kahverengi-5li-microfibre-yuksek-bel-kulot-seti-10000001440417/
MS-T61004113E-KAHVE-50,50,https://www.marksandspencer.com.tr/kadin-kahverengi-5li-microfibre-yuksek-bel-kulot-seti-10000001440417/
MS-T61005781F-YESIL-34,34,https://www.marksandspencer.com.tr/kadin-yesil-3-lu-amelia-dantelli-full-brief-kulot-10000001440963/
MS-T61005781F-YESIL-36,36,https://www.marksandspencer.com.tr/kadin-yesil-3-lu-amelia-dantelli-full-brief-kulot-10000001440963/
MS-T61005781F-YESIL-38,38,https://www.marksandspencer.com.tr/kadin-yesil-3-lu-amelia-dantelli-full-brief-kulot-10000001440963/
MS-T61005781F-YESIL-40,40,https://www.marksandspencer.com.tr/kadin-yesil-3-lu-amelia-dantelli-full-brief-kulot-10000001440963/
MS-T61005781F-YESIL-42,42,https://www.marksandspencer.com.tr/kadin-yesil-3-lu-amelia-dantelli-full-brief-kulot-10000001440963/
MS-T61005781F-YESIL-44,44,https://www.marksandspencer.com.tr/kadin-yesil-3-lu-amelia-dantelli-full-brief-kulot-10000001440963/
MS-T61005781F-YESIL-46,46,https://www.marksandspencer.com.tr/kadin-yesil-3-lu-amelia-dantelli-full-brief-kulot-10000001440963/
MS-T61005781F-YESIL-48,48,https://www.marksandspencer.com.tr/kadin-yesil-3-lu-amelia-dantelli-full-brief-kulot-10000001440963/
MS-T61005781F-YESIL-50,50,https://www.marksandspencer.com.tr/kadin-yesil-3-lu-amelia-dantelli-full-brief-kulot-10000001440963/
MS-T61005781F-YESIL-52,52,https://www.marksandspencer.com.tr/kadin-yesil-3-lu-amelia-dantelli-full-brief-kulot-10000001440963/
MS-T61004100-ACIK-PEMBE-34,34,https://www.marksandspencer.com.tr/kadin-pembe-5-li-dikissiz-high-leg-kulot-seti-10000001439861/
MS-T61004100-ACIK-PEMBE-36,36,https://www.marksandspencer.com.tr/kadin-pembe-5-li-dikissiz-high-leg-kulot-seti-10000001439861/
MS-T61004100-ACIK-PEMBE-38,38,https://www.marksandspencer.com.tr/kadin-pembe-5-li-dikissiz-high-leg-kulot-seti-10000001439861/
MS-T61004100-ACIK-PEMBE-40,40,https://www.marksandspencer.com.tr/kadin-pembe-5-li-dikissiz-high-leg-kulot-seti-10000001439861/
MS-T61004100-ACIK-PEMBE-42,42,https://www.marksandspencer.com.tr/kadin-pembe-5-li-dikissiz-high-leg-kulot-seti-10000001439861/
MS-T61004100-ACIK-PEMBE-44,44,https://www.marksandspencer.com.tr/kadin-pembe-5-li-dikissiz-high-leg-kulot-seti-10000001439861/
MS-T61004100-ACIK-PEMBE-46,46,https://www.marksandspencer.com.tr/kadin-pembe-5-li-dikissiz-high-leg-kulot-seti-10000001439861/
MS-T61004100-ACIK-PEMBE-48,48,https://www.marksandspencer.com.tr/kadin-pembe-5-li-dikissiz-high-leg-kulot-seti-10000001439861/
MS-T61004100-ACIK-PEMBE-50,50,https://www.marksandspencer.com.tr/kadin-pembe-5-li-dikissiz-high-leg-kulot-seti-10000001439861/
MS-T61004100-ACIK-PEMBE-52,52,https://www.marksandspencer.com.tr/kadin-pembe-5-li-dikissiz-high-leg-kulot-seti-10000001439861/
MS-T61005760N-YESIL-34,34,https://www.marksandspencer.com.tr/kadin-yesil-3-lu-amelia-dantelli-bikini-kulot-seti-10000001440388/
MS-T61005760N-YESIL-36,36,https://www.marksandspencer.com.tr/kadin-yesil-3-lu-amelia-dantelli-bikini-kulot-seti-10000001440388/
MS-T61005760N-YESIL-38,38,https://www.marksandspencer.com.tr/kadin-yesil-3-lu-amelia-dantelli-bikini-kulot-seti-10000001440388/
MS-T61005760N-YESIL-40,40,https://www.marksandspencer.com.tr/kadin-yesil-3-lu-amelia-dantelli-bikini-kulot-seti-10000001440388/
MS-T61005760N-YESIL-42,42,https://www.marksandspencer.com.tr/kadin-yesil-3-lu-amelia-dantelli-bikini-kulot-seti-10000001440388/
MS-T61005760N-YESIL-44,44,https://www.marksandspencer.com.tr/kadin-yesil-3-lu-amelia-dantelli-bikini-kulot-seti-10000001440388/
MS-T61005760N-YESIL-46,46,https://www.marksandspencer.com.tr/kadin-yesil-3-lu-amelia-dantelli-bikini-kulot-seti-10000001440388/
MS-T61005760N-YESIL-48,48,https://www.marksandspencer.com.tr/kadin-yesil-3-lu-amelia-dantelli-bikini-kulot-seti-10000001440388/
MS-T61005760N-YESIL-50,50,https://www.marksandspencer.com.tr/kadin-yesil-3-lu-amelia-dantelli-bikini-kulot-seti-10000001440388/
MS-T61005760N-YESIL-52,52,https://www.marksandspencer.com.tr/kadin-yesil-3-lu-amelia-dantelli-bikini-kulot-seti-10000001440388/
MS-T61004107-KAHVE-34,34,https://www.marksandspencer.com.tr/kadin-kahverengi-5-li-dikissiz-tanga-seti-10000001440432/
MS-T61004107-KAHVE-36,36,https://www.marksandspencer.com.tr/kadin-kahverengi-5-li-dikissiz-tanga-seti-10000001440432/
MS-T61004107-KAHVE-38,38,https://www.marksandspencer.com.tr/kadin-kahverengi-5-li-dikissiz-tanga-seti-10000001440432/
MS-T61004107-KAHVE-40,40,https://www.marksandspencer.com.tr/kadin-kahverengi-5-li-dikissiz-tanga-seti-10000001440432/
MS-T61004107-KAHVE-42,42,https://www.marksandspencer.com.tr/kadin-kahverengi-5-li-dikissiz-tanga-seti-10000001440432/
MS-T61004107-KAHVE-44,44,https://www.marksandspencer.com.tr/kadin-kahverengi-5-li-dikissiz-tanga-seti-10000001440432/
MS-T61004107-KAHVE-46,46,https://www.marksandspencer.com.tr/kadin-kahverengi-5-li-dikissiz-tanga-seti-10000001440432/
MS-T61004107-KAHVE-48,48,https://www.marksandspencer.com.tr/kadin-kahverengi-5-li-dikissiz-tanga-seti-10000001440432/
MS-T61004107-KAHVE-50,50,https://www.marksandspencer.com.tr/kadin-kahverengi-5-li-dikissiz-tanga-seti-10000001440432/
MS-T61004107-KAHVE-52,52,https://www.marksandspencer.com.tr/kadin-kahverengi-5-li-dikissiz-tanga-seti-10000001440432/
MS-T61004666-KIRMIZI-34,34,https://www.marksandspencer.com.tr/kadin-kirmizi-5-li-dikissiz-high-leg-kulot-seti-10000001442201/
MS-T61004666-KIRMIZI-36,36,https://www.marksandspencer.com.tr/kadin-kirmizi-5-li-dikissiz-high-leg-kulot-seti-10000001442201/
MS-T61004666-KIRMIZI-38,38,https://www.marksandspencer.com.tr/kadin-kirmizi-5-li-dikissiz-high-leg-kulot-seti-10000001442201/
MS-T61004666-KIRMIZI-40,40,https://www.marksandspencer.com.tr/kadin-kirmizi-5-li-dikissiz-high-leg-kulot-seti-10000001442201/
MS-T61004666-KIRMIZI-42,42,https://www.marksandspencer.com.tr/kadin-kirmizi-5-li-dikissiz-high-leg-kulot-seti-10000001442201/
MS-T61004666-KIRMIZI-44,44,https://www.marksandspencer.com.tr/kadin-kirmizi-5-li-dikissiz-high-leg-kulot-seti-10000001442201/
MS-T61004666-KIRMIZI-46,46,https://www.marksandspencer.com.tr/kadin-kirmizi-5-li-dikissiz-high-leg-kulot-seti-10000001442201/
MS-T61004666-KIRMIZI-48,48,https://www.marksandspencer.com.tr/kadin-kirmizi-5-li-dikissiz-high-leg-kulot-seti-10000001442201/
MS-T61004666-KIRMIZI-50,50,https://www.marksandspencer.com.tr/kadin-kirmizi-5-li-dikissiz-high-leg-kulot-seti-10000001442201/
MS-T61004666-KIRMIZI-52,52,https://www.marksandspencer.com.tr/kadin-kirmizi-5-li-dikissiz-high-leg-kulot-seti-10000001442201/
MS-T61004106-KAHVE-34,34,https://www.marksandspencer.com.tr/kadin-kahverengi-5-li-dikissiz-bikini-kulot-seti-10000001440627/
MS-T61004106-KAHVE-36,36,https://www.marksandspencer.com.tr/kadin-kahverengi-5-li-dikissiz-bikini-kulot-seti-10000001440627/
MS-T61004106-KAHVE-38,38,https://www.marksandspencer.com.tr/kadin-kahverengi-5-li-dikissiz-bikini-kulot-seti-10000001440627/
MS-T61004106-KAHVE-40,40,https://www.marksandspencer.com.tr/kadin-kahverengi-5-li-dikissiz-bikini-kulot-seti-10000001440627/
MS-T61004106-KAHVE-42,42,https://www.marksandspencer.com.tr/kadin-kahverengi-5-li-dikissiz-bikini-kulot-seti-10000001440627/
MS-T61004106-KAHVE-44,44,https://www.marksandspencer.com.tr/kadin-kahverengi-5-li-dikissiz-bikini-kulot-seti-10000001440627/
MS-T61004106-KAHVE-46,46,https://www.marksandspencer.com.tr/kadin-kahverengi-5-li-dikissiz-bikini-kulot-seti-10000001440627/
MS-T61004106-KAHVE-48,48,https://www.marksandspencer.com.tr/kadin-kahverengi-5-li-dikissiz-bikini-kulot-seti-10000001440627/
MS-T61004106-KAHVE-50,50,https://www.marksandspencer.com.tr/kadin-kahverengi-5-li-dikissiz-bikini-kulot-seti-10000001440627/
MS-T61004106-KAHVE-52,52,https://www.marksandspencer.com.tr/kadin-kahverengi-5-li-dikissiz-bikini-kulot-seti-10000001440627/
MS-T61005104X-ACIK-PEMBE-34,34,https://www.marksandspencer.com.tr/kadin-pembe-mix-5-li-cotton-lycra-short-kulot-seti-10000001439625/
MS-T61005104X-ACIK-PEMBE-36,36,https://www.marksandspencer.com.tr/kadin-pembe-mix-5-li-cotton-lycra-short-kulot-seti-10000001439625/
MS-T61005104X-ACIK-PEMBE-38,38,https://www.marksandspencer.com.tr/kadin-pembe-mix-5-li-cotton-lycra-short-kulot-seti-10000001439625/
MS-T61005104X-ACIK-PEMBE-40,40,https://www.marksandspencer.com.tr/kadin-pembe-mix-5-li-cotton-lycra-short-kulot-seti-10000001439625/
MS-T61005104X-ACIK-PEMBE-42,42,https://www.marksandspencer.com.tr/kadin-pembe-mix-5-li-cotton-lycra-short-kulot-seti-10000001439625/
MS-T61005104X-ACIK-PEMBE-44,44,https://www.marksandspencer.com.tr/kadin-pembe-mix-5-li-cotton-lycra-short-kulot-seti-10000001439625/
MS-T61005104X-ACIK-PEMBE-46,46,https://www.marksandspencer.com.tr/kadin-pembe-mix-5-li-cotton-lycra-short-kulot-seti-10000001439625/
MS-T61005104X-ACIK-PEMBE-48,48,https://www.marksandspencer.com.tr/kadin-pembe-mix-5-li-cotton-lycra-short-kulot-seti-10000001439625/
MS-T61005104X-ACIK-PEMBE-50,50,https://www.marksandspencer.com.tr/kadin-pembe-mix-5-li-cotton-lycra-short-kulot-seti-10000001439625/
MS-T61005104X-ACIK-PEMBE-52,52,https://www.marksandspencer.com.tr/kadin-pembe-mix-5-li-cotton-lycra-short-kulot-seti-10000001439625/
MS-T61006204J-SIYAH-XS,XS,https://www.marksandspencer.com.tr/kadin-siyah-mix-desenli-miami-kulot-10000001523539/
MS-T61006204J-SIYAH-S,S,https://www.marksandspencer.com.tr/kadin-siyah-mix-desenli-miami-kulot-10000001523539/
MS-T61006204J-SIYAH-M,M,https://www.marksandspencer.com.tr/kadin-siyah-mix-desenli-miami-kulot-10000001523539/
MS-T61006204J-SIYAH-L,L,https://www.marksandspencer.com.tr/kadin-siyah-mix-desenli-miami-kulot-10000001523539/
MS-T61006204J-SIYAH-XL,XL,https://www.marksandspencer.com.tr/kadin-siyah-mix-desenli-miami-kulot-10000001523539/
MS-T61004282E-MOR-34,34,https://www.marksandspencer.com.tr/kadin-mor-3lu-pamuk-karisimli-yuksek-bel-kulot-10000001699034/
MS-T61004282E-MOR-36,36,https://www.marksandspencer.com.tr/kadin-mor-3lu-pamuk-karisimli-yuksek-bel-kulot-10000001699034/
MS-T61004282E-MOR-38,38,https://www.marksandspencer.com.tr/kadin-mor-3lu-pamuk-karisimli-yuksek-bel-kulot-10000001699034/
MS-T61004282E-MOR-40,40,https://www.marksandspencer.com.tr/kadin-mor-3lu-pamuk-karisimli-yuksek-bel-kulot-10000001699034/
MS-T61004282E-MOR-42,42,https://www.marksandspencer.com.tr/kadin-mor-3lu-pamuk-karisimli-yuksek-bel-kulot-10000001699034/
MS-T61004282E-MOR-44,44,https://www.marksandspencer.com.tr/kadin-mor-3lu-pamuk-karisimli-yuksek-bel-kulot-10000001699034/
MS-T61004282E-MOR-46,46,https://www.marksandspencer.com.tr/kadin-mor-3lu-pamuk-karisimli-yuksek-bel-kulot-10000001699034/
MS-T61004282E-MOR-48,48,https://www.marksandspencer.com.tr/kadin-mor-3lu-pamuk-karisimli-yuksek-bel-kulot-10000001699034/
MS-T61004282E-MOR-50,50,https://www.marksandspencer.com.tr/kadin-mor-3lu-pamuk-karisimli-yuksek-bel-kulot-10000001699034/
MS-T61004282E-MOR-52,52,https://www.marksandspencer.com.tr/kadin-mor-3lu-pamuk-karisimli-yuksek-bel-kulot-10000001699034/
MS-T61004910L-SIYAH-34,34,https://www.marksandspencer.com.tr/kadin-siyah-3lu-dantel-detayli-yuksek-bel-kulot-10000001023166/?integration_color=WHITE
MS-T61004910L-SIYAH-36,36,https://www.marksandspencer.com.tr/kadin-siyah-3lu-dantel-detayli-yuksek-bel-kulot-10000001023166/?integration_color=WHITE
MS-T61004910L-SIYAH-38,38,https://www.marksandspencer.com.tr/kadin-siyah-3lu-dantel-detayli-yuksek-bel-kulot-10000001023166/?integration_color=WHITE
MS-T61004910L-SIYAH-40,40,https://www.marksandspencer.com.tr/kadin-siyah-3lu-dantel-detayli-yuksek-bel-kulot-10000001023166/?integration_color=WHITE
MS-T61004910L-SIYAH-42,42,https://www.marksandspencer.com.tr/kadin-siyah-3lu-dantel-detayli-yuksek-bel-kulot-10000001023166/?integration_color=WHITE
MS-T61004910L-SIYAH-44,44,https://www.marksandspencer.com.tr/kadin-siyah-3lu-dantel-detayli-yuksek-bel-kulot-10000001023166/?integration_color=WHITE
MS-T61004910L-SIYAH-46,46,https://www.marksandspencer.com.tr/kadin-siyah-3lu-dantel-detayli-yuksek-bel-kulot-10000001023166/?integration_color=WHITE
MS-T61004910L-SIYAH-48,48,https://www.marksandspencer.com.tr/kadin-siyah-3lu-dantel-detayli-yuksek-bel-kulot-10000001023166/?integration_color=WHITE
MS-T61004910L-SIYAH-50,50,https://www.marksandspencer.com.tr/kadin-siyah-3lu-dantel-detayli-yuksek-bel-kulot-10000001023166/?integration_color=WHITE
MS-T61004910L-SIYAH-52,52,https://www.marksandspencer.com.tr/kadin-siyah-3lu-dantel-detayli-yuksek-bel-kulot-10000001023166/?integration_color=WHITE
MS-T61004910L-BEYAZ-34,34,https://www.marksandspencer.com.tr/kadin-siyah-3lu-dantel-detayli-yuksek-bel-kulot-10000001023166/?integration_color=WHITE
MS-T61004910L-BEYAZ-36,36,https://www.marksandspencer.com.tr/kadin-siyah-3lu-dantel-detayli-yuksek-bel-kulot-10000001023166/?integration_color=WHITE
MS-T61004910L-BEYAZ-38,38,https://www.marksandspencer.com.tr/kadin-siyah-3lu-dantel-detayli-yuksek-bel-kulot-10000001023166/?integration_color=WHITE
MS-T61004910L-BEYAZ-40,40,https://www.marksandspencer.com.tr/kadin-siyah-3lu-dantel-detayli-yuksek-bel-kulot-10000001023166/?integration_color=WHITE
MS-T61004910L-BEYAZ-42,42,https://www.marksandspencer.com.tr/kadin-siyah-3lu-dantel-detayli-yuksek-bel-kulot-10000001023166/?integration_color=WHITE
MS-T61004910L-BEYAZ-44,44,https://www.marksandspencer.com.tr/kadin-siyah-3lu-dantel-detayli-yuksek-bel-kulot-10000001023166/?integration_color=WHITE
MS-T61004910L-BEYAZ-46,46,https://www.marksandspencer.com.tr/kadin-siyah-3lu-dantel-detayli-yuksek-bel-kulot-10000001023166/?integration_color=WHITE
MS-T61004910L-BEYAZ-48,48,https://www.marksandspencer.com.tr/kadin-siyah-3lu-dantel-detayli-yuksek-bel-kulot-10000001023166/?integration_color=WHITE
MS-T61004910L-BEYAZ-50,50,https://www.marksandspencer.com.tr/kadin-siyah-3lu-dantel-detayli-yuksek-bel-kulot-10000001023166/?integration_color=WHITE
MS-T61004910L-BEYAZ-52,52,https://www.marksandspencer.com.tr/kadin-siyah-3lu-dantel-detayli-yuksek-bel-kulot-10000001023166/?integration_color=WHITE
MS-T61004910B-KIRMIZI-34,34,https://www.marksandspencer.com.tr/kadin-kirmizi-3lu-dantel-detayli-brazilian-kulot-10000001440935/
MS-T61004910B-KIRMIZI-36,36,https://www.marksandspencer.com.tr/kadin-kirmizi-3lu-dantel-detayli-brazilian-kulot-10000001440935/
MS-T61004910B-KIRMIZI-38,38,https://www.marksandspencer.com.tr/kadin-kirmizi-3lu-dantel-detayli-brazilian-kulot-10000001440935/
MS-T61004910B-KIRMIZI-40,40,https://www.marksandspencer.com.tr/kadin-kirmizi-3lu-dantel-detayli-brazilian-kulot-10000001440935/
MS-T61004910B-KIRMIZI-42,42,https://www.marksandspencer.com.tr/kadin-kirmizi-3lu-dantel-detayli-brazilian-kulot-10000001440935/
MS-T61004910B-KIRMIZI-44,44,https://www.marksandspencer.com.tr/kadin-kirmizi-3lu-dantel-detayli-brazilian-kulot-10000001440935/
MS-T61004910B-KIRMIZI-46,46,https://www.marksandspencer.com.tr/kadin-kirmizi-3lu-dantel-detayli-brazilian-kulot-10000001440935/
MS-T61004910B-KIRMIZI-48,48,https://www.marksandspencer.com.tr/kadin-kirmizi-3lu-dantel-detayli-brazilian-kulot-10000001440935/
MS-T61004910B-KIRMIZI-50,50,https://www.marksandspencer.com.tr/kadin-kirmizi-3lu-dantel-detayli-brazilian-kulot-10000001440935/
MS-T61004910B-KIRMIZI-52,52,https://www.marksandspencer.com.tr/kadin-kirmizi-3lu-dantel-detayli-brazilian-kulot-10000001440935/
MS-T61004902F-YESIL-34,34,https://www.marksandspencer.com.tr/kadin-yesil-3-lu-flexifit-tm-dantel-full-brief-kulot-seti-10000001148952/
MS-T61004902F-YESIL-36,36,https://www.marksandspencer.com.tr/kadin-yesil-3-lu-flexifit-tm-dantel-full-brief-kulot-seti-10000001148952/
MS-T61004902F-YESIL-38,38,https://www.marksandspencer.com.tr/kadin-yesil-3-lu-flexifit-tm-dantel-full-brief-kulot-seti-10000001148952/
MS-T61004902F-YESIL-40,40,https://www.marksandspencer.com.tr/kadin-yesil-3-lu-flexifit-tm-dantel-full-brief-kulot-seti-10000001148952/
MS-T61004902F-YESIL-42,42,https://www.marksandspencer.com.tr/kadin-yesil-3-lu-flexifit-tm-dantel-full-brief-kulot-seti-10000001148952/
MS-T61004902F-YESIL-44,44,https://www.marksandspencer.com.tr/kadin-yesil-3-lu-flexifit-tm-dantel-full-brief-kulot-seti-10000001148952/
MS-T61004902F-YESIL-46,46,https://www.marksandspencer.com.tr/kadin-yesil-3-lu-flexifit-tm-dantel-full-brief-kulot-seti-10000001148952/
MS-T61004902F-YESIL-48,48,https://www.marksandspencer.com.tr/kadin-yesil-3-lu-flexifit-tm-dantel-full-brief-kulot-seti-10000001148952/
MS-T61004902F-YESIL-50,50,https://www.marksandspencer.com.tr/kadin-yesil-3-lu-flexifit-tm-dantel-full-brief-kulot-seti-10000001148952/
MS-T61004902F-YESIL-52,52,https://www.marksandspencer.com.tr/kadin-yesil-3-lu-flexifit-tm-dantel-full-brief-kulot-seti-10000001148952/
MS-T61004902B-YESIL-34,34,https://www.marksandspencer.com.tr/kadin-yesil-3-lu-flexifit-tm-brazilian-kulot-seti-10000001148928/
MS-T61004902B-YESIL-36,36,https://www.marksandspencer.com.tr/kadin-yesil-3-lu-flexifit-tm-brazilian-kulot-seti-10000001148928/
MS-T61004902B-YESIL-38,38,https://www.marksandspencer.com.tr/kadin-yesil-3-lu-flexifit-tm-brazilian-kulot-seti-10000001148928/
MS-T61004902B-YESIL-40,40,https://www.marksandspencer.com.tr/kadin-yesil-3-lu-flexifit-tm-brazilian-kulot-seti-10000001148928/
MS-T61004902B-YESIL-42,42,https://www.marksandspencer.com.tr/kadin-yesil-3-lu-flexifit-tm-brazilian-kulot-seti-10000001148928/
MS-T61004902B-YESIL-44,44,https://www.marksandspencer.com.tr/kadin-yesil-3-lu-flexifit-tm-brazilian-kulot-seti-10000001148928/
MS-T61004902B-YESIL-46,46,https://www.marksandspencer.com.tr/kadin-yesil-3-lu-flexifit-tm-brazilian-kulot-seti-10000001148928/
MS-T61004902B-YESIL-48,48,https://www.marksandspencer.com.tr/kadin-yesil-3-lu-flexifit-tm-brazilian-kulot-seti-10000001148928/
MS-T61004902B-YESIL-50,50,https://www.marksandspencer.com.tr/kadin-yesil-3-lu-flexifit-tm-brazilian-kulot-seti-10000001148928/
MS-T61004902B-YESIL-52,52,https://www.marksandspencer.com.tr/kadin-yesil-3-lu-flexifit-tm-brazilian-kulot-seti-10000001148928/
MS-T61005015N-MAVI-34,34,https://www.marksandspencer.com.tr/kadin-mavi-3-lu-body-soft-tm-bikini-kulot-seti-10000001123253/
MS-T61005015N-MAVI-36,36,https://www.marksandspencer.com.tr/kadin-mavi-3-lu-body-soft-tm-bikini-kulot-seti-10000001123253/
MS-T61005015N-MAVI-38,38,https://www.marksandspencer.com.tr/kadin-mavi-3-lu-body-soft-tm-bikini-kulot-seti-10000001123253/
MS-T61005015N-MAVI-40,40,https://www.marksandspencer.com.tr/kadin-mavi-3-lu-body-soft-tm-bikini-kulot-seti-10000001123253/
MS-T61005015N-MAVI-42,42,https://www.marksandspencer.com.tr/kadin-mavi-3-lu-body-soft-tm-bikini-kulot-seti-10000001123253/
MS-T61005015N-MAVI-44,44,https://www.marksandspencer.com.tr/kadin-mavi-3-lu-body-soft-tm-bikini-kulot-seti-10000001123253/
MS-T61005015N-MAVI-46,46,https://www.marksandspencer.com.tr/kadin-mavi-3-lu-body-soft-tm-bikini-kulot-seti-10000001123253/
MS-T61005015N-MAVI-48,48,https://www.marksandspencer.com.tr/kadin-mavi-3-lu-body-soft-tm-bikini-kulot-seti-10000001123253/
MS-T61005015N-MAVI-50,50,https://www.marksandspencer.com.tr/kadin-mavi-3-lu-body-soft-tm-bikini-kulot-seti-10000001123253/
MS-T61005015N-MAVI-52,52,https://www.marksandspencer.com.tr/kadin-mavi-3-lu-body-soft-tm-bikini-kulot-seti-10000001123253/
MS-T37003683T-GRI-XS,XS,https://www.marksandspencer.com.tr/kadin-gri-yumusak-dokulu-pijama-ustu-10000001224280/
MS-T37003683T-GRI-S,S,https://www.marksandspencer.com.tr/kadin-gri-yumusak-dokulu-pijama-ustu-10000001224280/
MS-T37003683T-GRI-M,M,https://www.marksandspencer.com.tr/kadin-gri-yumusak-dokulu-pijama-ustu-10000001224280/
MS-T37003683T-GRI-L,L,https://www.marksandspencer.com.tr/kadin-gri-yumusak-dokulu-pijama-ustu-10000001224280/
MS-T37003683T-GRI-XL,XL,https://www.marksandspencer.com.tr/kadin-gri-yumusak-dokulu-pijama-ustu-10000001224280/
MS-T37001813P-MAVI-XS,XS,https://www.marksandspencer.com.tr/kadin-mavi-cosy-orgu-jogger-10000001224661/
MS-T37001813P-MAVI-S,S,https://www.marksandspencer.com.tr/kadin-mavi-cosy-orgu-jogger-10000001224661/
MS-T37001813P-MAVI-M,M,https://www.marksandspencer.com.tr/kadin-mavi-cosy-orgu-jogger-10000001224661/
MS-T37001813P-MAVI-L,L,https://www.marksandspencer.com.tr/kadin-mavi-cosy-orgu-jogger-10000001224661/
MS-T37001813P-MAVI-XL,XL,https://www.marksandspencer.com.tr/kadin-mavi-cosy-orgu-jogger-10000001224661/
MS-T37004621F-YESIL-XS,XS,https://www.marksandspencer.com.tr/kadin-yesil-100-pamuklu-baskili-pijama-takimi-10000001169362/
MS-T37004621F-YESIL-S,S,https://www.marksandspencer.com.tr/kadin-yesil-100-pamuklu-baskili-pijama-takimi-10000001169362/
MS-T37004621F-YESIL-M,M,https://www.marksandspencer.com.tr/kadin-yesil-100-pamuklu-baskili-pijama-takimi-10000001169362/
MS-T37004621F-YESIL-L,L,https://www.marksandspencer.com.tr/kadin-yesil-100-pamuklu-baskili-pijama-takimi-10000001169362/
MS-T37004621F-YESIL-XL,XL,https://www.marksandspencer.com.tr/kadin-yesil-100-pamuklu-baskili-pijama-takimi-10000001169362/
MS-T37003437S-MAVI-XS,XS,https://www.marksandspencer.com.tr/kadin-mavi-saf-pamuklu-loopback-sort-10000000877977/?integration_color=TWILIGHT
MS-T37003437S-MAVI-S,S,https://www.marksandspencer.com.tr/kadin-mavi-saf-pamuklu-loopback-sort-10000000877977/?integration_color=TWILIGHT
MS-T37003437S-MAVI-M,M,https://www.marksandspencer.com.tr/kadin-mavi-saf-pamuklu-loopback-sort-10000000877977/?integration_color=TWILIGHT
MS-T37003437S-MAVI-L,L,https://www.marksandspencer.com.tr/kadin-mavi-saf-pamuklu-loopback-sort-10000000877977/?integration_color=TWILIGHT
MS-T37003437S-MAVI-XL,XL,https://www.marksandspencer.com.tr/kadin-mavi-saf-pamuklu-loopback-sort-10000000877977/?integration_color=TWILIGHT
SML-MS-T61004293L-XS,XS,https://www.marksandspencer.com.tr/kadin-pembe-mix-detayli-kadin-kulot-10000000961399/
SML-MS-T61004293L-S,S,https://www.marksandspencer.com.tr/kadin-pembe-mix-detayli-kadin-kulot-10000000961399/
SML-MS-T61004293L-M,M,https://www.marksandspencer.com.tr/kadin-pembe-mix-detayli-kadin-kulot-10000000961399/
SML-MS-T61004293L-L,L,https://www.marksandspencer.com.tr/kadin-pembe-mix-detayli-kadin-kulot-10000000961399/
SML-MS-T61004293L-XL,XL,https://www.marksandspencer.com.tr/kadin-pembe-mix-detayli-kadin-kulot-10000000961399/
SML-MS-T61006232J-MAVI-XS,XS,https://www.marksandspencer.com.tr/kadin-mavi-dantel-miami-tipi-kulot-10000000810581/
SML-MS-T61006232J-MAVI-S,S,https://www.marksandspencer.com.tr/kadin-mavi-dantel-miami-tipi-kulot-10000000810581/
SML-MS-T61006232J-MAVI-M,M,https://www.marksandspencer.com.tr/kadin-mavi-dantel-miami-tipi-kulot-10000000810581/
SML-MS-T61006232J-MAVI-L,L,https://www.marksandspencer.com.tr/kadin-mavi-dantel-miami-tipi-kulot-10000000810581/
SML-MS-T61006232J-MAVI-XL,XL,https://www.marksandspencer.com.tr/kadin-mavi-dantel-miami-tipi-kulot-10000000810581/
MARK-10000000400299-L,L,https://www.marksandspencer.com.tr/erkek-beyaz-5-li-cool-fresh-tm-trunk-seti-10000000400299/
MARK-10000000400299-M,M,https://www.marksandspencer.com.tr/erkek-beyaz-5-li-cool-fresh-tm-trunk-seti-10000000400299/
MARK-10000000400299-S,S,https://www.marksandspencer.com.tr/erkek-beyaz-5-li-cool-fresh-tm-trunk-seti-10000000400299/
MARK-10000000400299-XL,XL,https://www.marksandspencer.com.tr/erkek-beyaz-5-li-cool-fresh-tm-trunk-seti-10000000400299/
MARK-10000000400299-XXL,XXL,https://www.marksandspencer.com.tr/erkek-beyaz-5-li-cool-fresh-tm-trunk-seti-10000000400299/
MARK-10000000417170-L,L,https://www.marksandspencer.com.tr/erkek-siyah-mix-5-li-supima-r-cotton-brief-kulot-seti-10000000417166/
MARK-10000000417170-M,M,https://www.marksandspencer.com.tr/erkek-siyah-mix-5-li-supima-r-cotton-brief-kulot-seti-10000000417166/
MARK-10000000417170-XL,XL,https://www.marksandspencer.com.tr/erkek-siyah-mix-5-li-supima-r-cotton-brief-kulot-seti-10000000417166/
MARK-10000000417198-L,L,https://www.marksandspencer.com.tr/erkek-beyaz-5-li-regular-fit-hipster-kulot-seti-10000000417198/
MARK-10000000417198-M,M,https://www.marksandspencer.com.tr/erkek-beyaz-5-li-regular-fit-hipster-kulot-seti-10000000417198/
MARK-10000000417198-S,S,https://www.marksandspencer.com.tr/erkek-beyaz-5-li-regular-fit-hipster-kulot-seti-10000000417198/
MARK-10000000417198-XXL,XXL,https://www.marksandspencer.com.tr/erkek-beyaz-5-li-regular-fit-hipster-kulot-seti-10000000417198/
MARKS-10000000293912-L,L,https://www.marksandspencer.com.tr/erkek-siyah-5-li-flexifit-tm-hipster-kulot-seti-10000000293912/
MARKS-10000000293912-M,M,https://www.marksandspencer.com.tr/erkek-siyah-5-li-flexifit-tm-hipster-kulot-seti-10000000293912/
MARKS-10000000293912-S,S,https://www.marksandspencer.com.tr/erkek-siyah-5-li-flexifit-tm-hipster-kulot-seti-10000000293912/
MARKS-10000000293912-XL,XL,https://www.marksandspencer.com.tr/erkek-siyah-5-li-flexifit-tm-hipster-kulot-seti-10000000293912/
MARKS-10000000293912-XXL,XXL,https://www.marksandspencer.com.tr/erkek-siyah-5-li-flexifit-tm-hipster-kulot-seti-10000000293912/
MARKS-10000000400179-L,L,https://www.marksandspencer.com.tr/erkek-beyaz-5-li-regular-fit-trunk-seti-10000000400179/
MARKS-10000000400179-M,M,https://www.marksandspencer.com.tr/erkek-beyaz-5-li-regular-fit-trunk-seti-10000000400179/
MARKS-10000000400179-S,S,https://www.marksandspencer.com.tr/erkek-beyaz-5-li-regular-fit-trunk-seti-10000000400179/
MARKS-10000000400179-XL,XL,https://www.marksandspencer.com.tr/erkek-beyaz-5-li-regular-fit-trunk-seti-10000000400179/
MARKS-10000000400179-XXL,XXL,https://www.marksandspencer.com.tr/erkek-beyaz-5-li-regular-fit-trunk-seti-10000000400179/
MARKS-10000000400299-L,L,https://www.marksandspencer.com.tr/erkek-beyaz-5-li-cool-fresh-tm-trunk-seti-10000000400299/
MARKS-10000000400299-M,M,https://www.marksandspencer.com.tr/erkek-beyaz-5-li-cool-fresh-tm-trunk-seti-10000000400299/
MARKS-10000000400299-S,S,https://www.marksandspencer.com.tr/erkek-beyaz-5-li-cool-fresh-tm-trunk-seti-10000000400299/
MARKS-10000000400299-XL,XL,https://www.marksandspencer.com.tr/erkek-beyaz-5-li-cool-fresh-tm-trunk-seti-10000000400299/
MARKS-10000000400299-XXL,XXL,https://www.marksandspencer.com.tr/erkek-beyaz-5-li-cool-fresh-tm-trunk-seti-10000000400299/
MARKS-10000000417166-L,L,https://www.marksandspencer.com.tr/erkek-siyah-mix-5-li-supima-r-cotton-brief-kulot-seti-10000000417166/
MARKS-10000000417166-M,M,https://www.marksandspencer.com.tr/erkek-siyah-mix-5-li-supima-r-cotton-brief-kulot-seti-10000000417166/
MARKS-10000000417166-S,S,https://www.marksandspencer.com.tr/erkek-siyah-mix-5-li-supima-r-cotton-brief-kulot-seti-10000000417166/
MARKS-10000000417166-XL,XL,https://www.marksandspencer.com.tr/erkek-siyah-mix-5-li-supima-r-cotton-brief-kulot-seti-10000000417166/
MARKS-10000000417166-XXL,XXL,https://www.marksandspencer.com.tr/erkek-siyah-mix-5-li-supima-r-cotton-brief-kulot-seti-10000000417166/
MARKS-10000000417198-L,L,https://www.marksandspencer.com.tr/erkek-beyaz-5-li-regular-fit-hipster-kulot-seti-10000000417198/
MARKS-10000000417198-M,M,https://www.marksandspencer.com.tr/erkek-beyaz-5-li-regular-fit-hipster-kulot-seti-10000000417198/
MARKS-10000000417198-S,S,https://www.marksandspencer.com.tr/erkek-beyaz-5-li-regular-fit-hipster-kulot-seti-10000000417198/
MARKS-10000000417198-XL,XL,https://www.marksandspencer.com.tr/erkek-beyaz-5-li-regular-fit-hipster-kulot-seti-10000000417198/
MARKS-10000000417198-XXL,XXL,https://www.marksandspencer.com.tr/erkek-beyaz-5-li-regular-fit-hipster-kulot-seti-10000000417198/
MS-10000000400163-L,L,https://www.marksandspencer.com.tr/erkek-siyah-5-li-cool-fresh-tm-brief-kulot-seti-10000000400163/
MS-10000000400163-M,M,https://www.marksandspencer.com.tr/erkek-siyah-5-li-cool-fresh-tm-brief-kulot-seti-10000000400163/
MS-10000000400163-S,S,https://www.marksandspencer.com.tr/erkek-siyah-5-li-cool-fresh-tm-brief-kulot-seti-10000000400163/
MS-10000000400163-XL,XL,https://www.marksandspencer.com.tr/erkek-siyah-5-li-cool-fresh-tm-brief-kulot-seti-10000000400163/
MS-10000000400163-XXL,XXL,https://www.marksandspencer.com.tr/erkek-siyah-5-li-cool-fresh-tm-brief-kulot-seti-10000000400163/
MS-5645841266-L,L,https://www.marksandspencer.com.tr/erkek-gri-premium-pamuklu-sort-pijama-alti-5645841266/
MS-5645841266-M,M,https://www.marksandspencer.com.tr/erkek-gri-premium-pamuklu-sort-pijama-alti-5645841266/
MS-5645841266-S,S,https://www.marksandspencer.com.tr/erkek-gri-premium-pamuklu-sort-pijama-alti-5645841266/
MS-5645841266-XL,XL,https://www.marksandspencer.com.tr/erkek-gri-premium-pamuklu-sort-pijama-alti-5645841266/
MS-5645841266-XXL,XXL,https://www.marksandspencer.com.tr/erkek-gri-premium-pamuklu-sort-pijama-alti-5645841266/
MS-T14002533F-SIYAH-S,S,https://www.marksandspencer.com.tr/erkek-siyah-saf-pamuklu-5-li-cool-fresh-slip-kulot-seti-5645947706/?integration_color=BLACK
MS-T14002533F-SIYAH-M,M,https://www.marksandspencer.com.tr/erkek-siyah-saf-pamuklu-5-li-cool-fresh-slip-kulot-seti-5645947706/?integration_color=BLACK
MS-T14002533F-SIYAH-L,L,https://www.marksandspencer.com.tr/erkek-siyah-saf-pamuklu-5-li-cool-fresh-slip-kulot-seti-5645947706/?integration_color=BLACK
MS-T14002533F-SIYAH-XL,XL,https://www.marksandspencer.com.tr/erkek-siyah-saf-pamuklu-5-li-cool-fresh-slip-kulot-seti-5645947706/?integration_color=BLACK
MS-T14002533F-SIYAH-XXL,XXL,https://www.marksandspencer.com.tr/erkek-siyah-saf-pamuklu-5-li-cool-fresh-slip-kulot-seti-5645947706/?integration_color=BLACK
MS-T14002533F-SIYAH-3XL,XXXL,https://www.marksandspencer.com.tr/erkek-siyah-saf-pamuklu-5-li-cool-fresh-slip-kulot-seti-5645947706/?integration_color=BLACK
MS-T14004107S-SIYAH-S,S,https://www.marksandspencer.com.tr/erkek-siyah-5-li-cool-fresh-tm-hipster-kulot-seti-10000000400230/?integration_color=BLACK
MS-T14004107S-SIYAH-M,M,https://www.marksandspencer.com.tr/erkek-siyah-5-li-cool-fresh-tm-hipster-kulot-seti-10000000400230/?integration_color=BLACK
MS-T14004107S-SIYAH-L,L,https://www.marksandspencer.com.tr/erkek-siyah-5-li-cool-fresh-tm-hipster-kulot-seti-10000000400230/?integration_color=BLACK
MS-T14004107S-SIYAH-XL,XL,https://www.marksandspencer.com.tr/erkek-siyah-5-li-cool-fresh-tm-hipster-kulot-seti-10000000400230/?integration_color=BLACK
MS-T14004107S-SIYAH-XXL,XXL,https://www.marksandspencer.com.tr/erkek-siyah-5-li-cool-fresh-tm-hipster-kulot-seti-10000000400230/?integration_color=BLACK
MS-T14004107S-SIYAH-3XL,XXXL,https://www.marksandspencer.com.tr/erkek-siyah-5-li-cool-fresh-tm-hipster-kulot-seti-10000000400230/?integration_color=BLACK
MS-T14004107S-BEYAZ-S,S,https://www.marksandspencer.com.tr/erkek-siyah-5-li-cool-fresh-tm-hipster-kulot-seti-10000000400230/?integration_color=WHITE
MS-T14004107S-BEYAZ-M,M,https://www.marksandspencer.com.tr/erkek-siyah-5-li-cool-fresh-tm-hipster-kulot-seti-10000000400230/?integration_color=WHITE
MS-T14004107S-BEYAZ-L,L,https://www.marksandspencer.com.tr/erkek-siyah-5-li-cool-fresh-tm-hipster-kulot-seti-10000000400230/?integration_color=WHITE
MS-T14004107S-BEYAZ-XL,XL,https://www.marksandspencer.com.tr/erkek-siyah-5-li-cool-fresh-tm-hipster-kulot-seti-10000000400230/?integration_color=WHITE
MS-T14004107S-BEYAZ-XXL,XXL,https://www.marksandspencer.com.tr/erkek-siyah-5-li-cool-fresh-tm-hipster-kulot-seti-10000000400230/?integration_color=WHITE
MS-T14004107S-BEYAZ-3XL,XXXL,https://www.marksandspencer.com.tr/erkek-siyah-5-li-cool-fresh-tm-hipster-kulot-seti-10000000400230/?integration_color=WHITE
MS-T14006123A-BEYAZ-S,S,https://www.marksandspencer.com.tr/erkek-siyah-5-li-regular-fit-hipster-kulot-seti-10000000293909/?integration_color=WHITE
MS-T14006123A-BEYAZ-M,M,https://www.marksandspencer.com.tr/erkek-siyah-5-li-regular-fit-hipster-kulot-seti-10000000293909/?integration_color=WHITE
MS-T14006123A-BEYAZ-L,L,https://www.marksandspencer.com.tr/erkek-siyah-5-li-regular-fit-hipster-kulot-seti-10000000293909/?integration_color=WHITE
MS-T14006123A-BEYAZ-XL,XL,https://www.marksandspencer.com.tr/erkek-siyah-5-li-regular-fit-hipster-kulot-seti-10000000293909/?integration_color=WHITE
MS-T14006123A-BEYAZ-XXL,XXL,https://www.marksandspencer.com.tr/erkek-siyah-5-li-regular-fit-hipster-kulot-seti-10000000293909/?integration_color=WHITE
MS-T14006125A-S,S,https://www.marksandspencer.com.tr/erkek-siyah-5-li-flexifit-trade-mark-hipster-kulot-seti-10000000293912/
MS-T14006125A-M,M,https://www.marksandspencer.com.tr/erkek-siyah-5-li-flexifit-trade-mark-hipster-kulot-seti-10000000293912/
MS-T14006125A-L,L,https://www.marksandspencer.com.tr/erkek-siyah-5-li-flexifit-trade-mark-hipster-kulot-seti-10000000293912/
MS-T14006125A-XL,XL,https://www.marksandspencer.com.tr/erkek-siyah-5-li-flexifit-trade-mark-hipster-kulot-seti-10000000293912/
MS-T14006125A-XXL,XXL,https://www.marksandspencer.com.tr/erkek-siyah-5-li-flexifit-trade-mark-hipster-kulot-seti-10000000293912/
MS-T14006221A-BEYAZ-S,S,https://www.marksandspencer.com.tr/erkek-siyah-mix-5-li-supima-r-cotton-brief-kulot-seti-10000000417166/?integration_color=WHITE+MIX
MS-T14006221A-BEYAZ-M,M,https://www.marksandspencer.com.tr/erkek-siyah-mix-5-li-supima-r-cotton-brief-kulot-seti-10000000417166/?integration_color=WHITE+MIX
MS-T14006221A-BEYAZ-L,L,https://www.marksandspencer.com.tr/erkek-siyah-mix-5-li-supima-r-cotton-brief-kulot-seti-10000000417166/?integration_color=WHITE+MIX
MS-T14006221A-BEYAZ-XL,XL,https://www.marksandspencer.com.tr/erkek-siyah-mix-5-li-supima-r-cotton-brief-kulot-seti-10000000417166/?integration_color=WHITE+MIX
MS-T14006221A-BEYAZ-XXL,XXL,https://www.marksandspencer.com.tr/erkek-siyah-mix-5-li-supima-r-cotton-brief-kulot-seti-10000000417166/?integration_color=WHITE+MIX
MS-T14006766S-MAVI-S,S,https://www.marksandspencer.com.tr/erkek-siyah-5-li-cool-fresh-tm-brief-kulot-seti-10000000400163/?integration_color=DENIM+MIX
MS-T14006766S-MAVI-M,M,https://www.marksandspencer.com.tr/erkek-siyah-5-li-cool-fresh-tm-brief-kulot-seti-10000000400163/?integration_color=DENIM+MIX
MS-T14006766S-MAVI-L,L,https://www.marksandspencer.com.tr/erkek-siyah-5-li-cool-fresh-tm-brief-kulot-seti-10000000400163/?integration_color=DENIM+MIX
MS-T14006766S-MAVI-XL,XL,https://www.marksandspencer.com.tr/erkek-siyah-5-li-cool-fresh-tm-brief-kulot-seti-10000000400163/?integration_color=DENIM+MIX
MS-T14006766S-MAVI-XXL,XXL,https://www.marksandspencer.com.tr/erkek-siyah-5-li-cool-fresh-tm-brief-kulot-seti-10000000400163/?integration_color=DENIM+MIX
MS-T14006766S-MAVI-3XL,XXXL,https://www.marksandspencer.com.tr/erkek-siyah-5-li-cool-fresh-tm-brief-kulot-seti-10000000400163/?integration_color=DENIM+MIX
MS-T14006766S-SIYAH-S,S,https://www.marksandspencer.com.tr/erkek-siyah-5-li-cool-fresh-tm-brief-kulot-seti-10000000400163/?integration_color=BLACK
MS-T14006766S-SIYAH-M,M,https://www.marksandspencer.com.tr/erkek-siyah-5-li-cool-fresh-tm-brief-kulot-seti-10000000400163/?integration_color=BLACK
MS-T14006766S-SIYAH-L,L,https://www.marksandspencer.com.tr/erkek-siyah-5-li-cool-fresh-tm-brief-kulot-seti-10000000400163/?integration_color=BLACK
MS-T14006766S-SIYAH-XL,XL,https://www.marksandspencer.com.tr/erkek-siyah-5-li-cool-fresh-tm-brief-kulot-seti-10000000400163/?integration_color=BLACK
MS-T14006766S-SIYAH-XXL,XXL,https://www.marksandspencer.com.tr/erkek-siyah-5-li-cool-fresh-tm-brief-kulot-seti-10000000400163/?integration_color=BLACK
MS-T14006766S-SIYAH-3XL,XXXL,https://www.marksandspencer.com.tr/erkek-siyah-5-li-cool-fresh-tm-brief-kulot-seti-10000000400163/?integration_color=BLACK
MS-T14005318A-GRI-S,S,https://www.marksandspencer.com.tr/erkek-gri-3-lu-supima-r-trunk-boxer-seti-10000000698657/?integration_color=GREY+MARL
MS-T14005318A-GRI-M,M,https://www.marksandspencer.com.tr/erkek-gri-3-lu-supima-r-trunk-boxer-seti-10000000698657/?integration_color=GREY+MARL
MS-T14005318A-GRI-L,L,https://www.marksandspencer.com.tr/erkek-gri-3-lu-supima-r-trunk-boxer-seti-10000000698657/?integration_color=GREY+MARL
MS-T14005318A-GRI-XL,XL,https://www.marksandspencer.com.tr/erkek-gri-3-lu-supima-r-trunk-boxer-seti-10000000698657/?integration_color=GREY+MARL
MS-T14005318A-GRI-XXL,XXL,https://www.marksandspencer.com.tr/erkek-gri-3-lu-supima-r-trunk-boxer-seti-10000000698657/?integration_color=GREY+MARL
MS-T07000539-MAVI-S,S,https://www.marksandspencer.com.tr/erkek-gri-saf-pamuklu-pijama-takimi-10000001194462/?integration_color=DENIM+MIX
MS-T07000539-MAVI-M,M,https://www.marksandspencer.com.tr/erkek-gri-saf-pamuklu-pijama-takimi-10000001194462/?integration_color=DENIM+MIX
MS-T07000539-MAVI-L,L,https://www.marksandspencer.com.tr/erkek-gri-saf-pamuklu-pijama-takimi-10000001194462/?integration_color=DENIM+MIX
MS-T07000539-MAVI-XL,XL,https://www.marksandspencer.com.tr/erkek-gri-saf-pamuklu-pijama-takimi-10000001194462/?integration_color=DENIM+MIX
MS-T07000539-MAVI-XXL,XXL,https://www.marksandspencer.com.tr/erkek-gri-saf-pamuklu-pijama-takimi-10000001194462/?integration_color=DENIM+MIX
MS-T07000063-MAVI-S,S,https://www.marksandspencer.com.tr/erkek-yesil-saf-pamuklu-kisa-kollu-pijama-takimi-10000000624982/?integration_color=BLUE+MIX
MS-T07000063-MAVI-M,M,https://www.marksandspencer.com.tr/erkek-yesil-saf-pamuklu-kisa-kollu-pijama-takimi-10000000624982/?integration_color=BLUE+MIX
MS-T07000063-MAVI-L,L,https://www.marksandspencer.com.tr/erkek-yesil-saf-pamuklu-kisa-kollu-pijama-takimi-10000000624982/?integration_color=BLUE+MIX
MS-T07000063-MAVI-XL,XL,https://www.marksandspencer.com.tr/erkek-yesil-saf-pamuklu-kisa-kollu-pijama-takimi-10000000624982/?integration_color=BLUE+MIX
MS-T07000063-MAVI-XXL,XXL,https://www.marksandspencer.com.tr/erkek-yesil-saf-pamuklu-kisa-kollu-pijama-takimi-10000000624982/?integration_color=BLUE+MIX
MS-T07001231A-LACIVERT-S,S,https://www.marksandspencer.com.tr/erkek-siyah-regular-fit-supima-r-pijama-alti-10000000398888/?integration_color=DARK+NAVY
MS-T07001231A-LACIVERT-M,M,https://www.marksandspencer.com.tr/erkek-siyah-regular-fit-supima-r-pijama-alti-10000000398888/?integration_color=DARK+NAVY
MS-T07001231A-LACIVERT-L,L,https://www.marksandspencer.com.tr/erkek-siyah-regular-fit-supima-r-pijama-alti-10000000398888/?integration_color=DARK+NAVY
MS-T07001231A-LACIVERT-XL,XL,https://www.marksandspencer.com.tr/erkek-siyah-regular-fit-supima-r-pijama-alti-10000000398888/?integration_color=DARK+NAVY
MS-T07001231A-LACIVERT-XXL,XXL,https://www.marksandspencer.com.tr/erkek-siyah-regular-fit-supima-r-pijama-alti-10000000398888/?integration_color=DARK+NAVY
MS-T14004843F-MAVIMIX-S,S,https://www.marksandspencer.com.tr/erkek-mavi-mix-saf-pamuklu-5-li-cool-fresh-tm-trunk-seti-10000000595757/
MS-T14004843F-MAVIMIX-M,M,https://www.marksandspencer.com.tr/erkek-mavi-mix-saf-pamuklu-5-li-cool-fresh-tm-trunk-seti-10000000595757/
MS-T14004843F-MAVIMIX-L,L,https://www.marksandspencer.com.tr/erkek-mavi-mix-saf-pamuklu-5-li-cool-fresh-tm-trunk-seti-10000000595757/
MS-T14004843F-MAVIMIX-XL,XL,https://www.marksandspencer.com.tr/erkek-mavi-mix-saf-pamuklu-5-li-cool-fresh-tm-trunk-seti-10000000595757/
MS-T14004843F-MAVIMIX-XXL,XXL,https://www.marksandspencer.com.tr/erkek-mavi-mix-saf-pamuklu-5-li-cool-fresh-tm-trunk-seti-10000000595757/
MS-T07000090-GRI-S,S,https://www.marksandspencer.com.tr/erkek-gri-saf-pamuklu-cizgili-pijama-takimi-10000001153944/
MS-T07000090-GRI-M,M,https://www.marksandspencer.com.tr/erkek-gri-saf-pamuklu-cizgili-pijama-takimi-10000001153944/
MS-T07000090-GRI-L,L,https://www.marksandspencer.com.tr/erkek-gri-saf-pamuklu-cizgili-pijama-takimi-10000001153944/
MS-T07000090-GRI-XL,XL,https://www.marksandspencer.com.tr/erkek-gri-saf-pamuklu-cizgili-pijama-takimi-10000001153944/
MS-T07000090-GRI-XXL,XXL,https://www.marksandspencer.com.tr/erkek-gri-saf-pamuklu-cizgili-pijama-takimi-10000001153944/
MS-T14003516-BEYAZ-S,S,https://www.marksandspencer.com.tr/erkek-beyaz-5-li-saf-pamuklu-boxer-10000000381880/
MS-T14003516-BEYAZ-M,M,https://www.marksandspencer.com.tr/erkek-beyaz-5-li-saf-pamuklu-boxer-10000000381880/
MS-T14003516-BEYAZ-L,L,https://www.marksandspencer.com.tr/erkek-beyaz-5-li-saf-pamuklu-boxer-10000000381880/
MS-T14003516-BEYAZ-XL,XL,https://www.marksandspencer.com.tr/erkek-beyaz-5-li-saf-pamuklu-boxer-10000000381880/
MS-T14003516-BEYAZ-XXL,XXL,https://www.marksandspencer.com.tr/erkek-beyaz-5-li-saf-pamuklu-boxer-10000000381880/
MS-T14003516-BEYAZ-3XL,3XL,https://www.marksandspencer.com.tr/erkek-beyaz-5-li-saf-pamuklu-boxer-10000000381880/
MS-T14006134A-SIYAH-S,S,https://www.marksandspencer.com.tr/erkek-siyah-mix-5li-supima-boxer-seti-10000000992994/
MS-T14006134A-SIYAH-M,M,https://www.marksandspencer.com.tr/erkek-siyah-mix-5li-supima-boxer-seti-10000000992994/
MS-T14006134A-SIYAH-L,L,https://www.marksandspencer.com.tr/erkek-siyah-mix-5li-supima-boxer-seti-10000000992994/
MS-T14006134A-SIYAH-XL,XL,https://www.marksandspencer.com.tr/erkek-siyah-mix-5li-supima-boxer-seti-10000000992994/
MS-T14006134A-SIYAH-XXL,XXL,https://www.marksandspencer.com.tr/erkek-siyah-mix-5li-supima-boxer-seti-10000000992994/
MARK-5645802255-L,L,https://www.marksandspencer.com.tr/erkek-mavi-saf-pamuklu-5-li-trunk-seti-5645802255/
MARK-5645802255-M,M,https://www.marksandspencer.com.tr/erkek-mavi-saf-pamuklu-5-li-trunk-seti-5645802255/
MARK-5645802255-S,S,https://www.marksandspencer.com.tr/erkek-mavi-saf-pamuklu-5-li-trunk-seti-5645802255/
MARK-5645802255-XL,XL,https://www.marksandspencer.com.tr/erkek-mavi-saf-pamuklu-5-li-trunk-seti-5645802255/
MARK-5645802255-XXL,XXL,https://www.marksandspencer.com.tr/erkek-mavi-saf-pamuklu-5-li-trunk-seti-5645802255/
MARKS-5643679990-34,34,https://www.marksandspencer.com.tr/kadin-siyah-5-li-dikissiz-short-kulot-seti-5643679990/
MARKS-5643679990-36,36,https://www.marksandspencer.com.tr/kadin-siyah-5-li-dikissiz-short-kulot-seti-5643679990/
MARKS-5643679990-38,38,https://www.marksandspencer.com.tr/kadin-siyah-5-li-dikissiz-short-kulot-seti-5643679990/
MARKS-5643679990-40,40,https://www.marksandspencer.com.tr/kadin-siyah-5-li-dikissiz-short-kulot-seti-5643679990/
MARKS-5643679990-42,42,https://www.marksandspencer.com.tr/kadin-siyah-5-li-dikissiz-short-kulot-seti-5643679990/
MARKS-5643679990-44,44,https://www.marksandspencer.com.tr/kadin-siyah-5-li-dikissiz-short-kulot-seti-5643679990/
MARKS-5643679990-46,46,https://www.marksandspencer.com.tr/kadin-siyah-5-li-dikissiz-short-kulot-seti-5643679990/
MARKS-5645802255-L,L,https://www.marksandspencer.com.tr/erkek-mavi-saf-pamuklu-5-li-trunk-seti-5645802255/
MARKS-5645802255-M,M,https://www.marksandspencer.com.tr/erkek-mavi-saf-pamuklu-5-li-trunk-seti-5645802255/
MARKS-5645802255-S,S,https://www.marksandspencer.com.tr/erkek-mavi-saf-pamuklu-5-li-trunk-seti-5645802255/
MARKS-5645802255-XL,XL,https://www.marksandspencer.com.tr/erkek-mavi-saf-pamuklu-5-li-trunk-seti-5645802255/
MARKS-5645802255-XXL,XXL,https://www.marksandspencer.com.tr/erkek-mavi-saf-pamuklu-5-li-trunk-seti-5645802255/
MARKS-5646002739-34,34,https://www.marksandspencer.com.tr/kadin-beyaz-5-li-dikissiz-bikini-kulot-seti-5646002739/
MARKS-5646002739-36,36,https://www.marksandspencer.com.tr/kadin-beyaz-5-li-dikissiz-bikini-kulot-seti-5646002739/
MARKS-5646002739-38,38,https://www.marksandspencer.com.tr/kadin-beyaz-5-li-dikissiz-bikini-kulot-seti-5646002739/
MARKS-5646002739-40,40,https://www.marksandspencer.com.tr/kadin-beyaz-5-li-dikissiz-bikini-kulot-seti-5646002739/
MARKS-5646002739-42,42,https://www.marksandspencer.com.tr/kadin-beyaz-5-li-dikissiz-bikini-kulot-seti-5646002739/
MARKS-5646002739-44,44,https://www.marksandspencer.com.tr/kadin-beyaz-5-li-dikissiz-bikini-kulot-seti-5646002739/
MARKS-5646002739-46,46,https://www.marksandspencer.com.tr/kadin-beyaz-5-li-dikissiz-bikini-kulot-seti-5646002739/
MS-10000000467166-36,36,https://www.marksandspencer.com.tr/kadin-lacivert-3-lu-flexifit-tm-yuksek-bel-short-kulot-seti-10000000467166/
MS-10000000467166-38,38,https://www.marksandspencer.com.tr/kadin-lacivert-3-lu-flexifit-tm-yuksek-bel-short-kulot-seti-10000000467166/
MS-10000000467166-40,40,https://www.marksandspencer.com.tr/kadin-lacivert-3-lu-flexifit-tm-yuksek-bel-short-kulot-seti-10000000467166/
MS-10000000467166-42,42,https://www.marksandspencer.com.tr/kadin-lacivert-3-lu-flexifit-tm-yuksek-bel-short-kulot-seti-10000000467166/
MS-10000000467166-44,44,https://www.marksandspencer.com.tr/kadin-lacivert-3-lu-flexifit-tm-yuksek-bel-short-kulot-seti-10000000467166/
MS-10000000467166-46,46,https://www.marksandspencer.com.tr/kadin-lacivert-3-lu-flexifit-tm-yuksek-bel-short-kulot-seti-10000000467166/
MS-5646002744-36,36,https://www.marksandspencer.com.tr/kadin-beyaz-5-li-dikissiz-bikini-kulot-seti-5646002739/
MS-5646002744-38,38,https://www.marksandspencer.com.tr/kadin-beyaz-5-li-dikissiz-bikini-kulot-seti-5646002739/
MS-5646002744-40,40,https://www.marksandspencer.com.tr/kadin-beyaz-5-li-dikissiz-bikini-kulot-seti-5646002739/
MS-5646002744-42,42,https://www.marksandspencer.com.tr/kadin-beyaz-5-li-dikissiz-bikini-kulot-seti-5646002739/
MS-5646002744-44,44,https://www.marksandspencer.com.tr/kadin-beyaz-5-li-dikissiz-bikini-kulot-seti-5646002739/
MAR-T61004902F-BEYAZ-34EU,34,https://www.marksandspencer.com.tr/kadin-beyaz-3-lu-flexifit-tm-dantel-full-brief-kulot-seti-10000000127676/
MAR-T61004902F-BEYAZ-36EU,36,https://www.marksandspencer.com.tr/kadin-beyaz-3-lu-flexifit-tm-dantel-full-brief-kulot-seti-10000000127676/
MAR-T61004902F-BEYAZ-38EU,38,https://www.marksandspencer.com.tr/kadin-beyaz-3-lu-flexifit-tm-dantel-full-brief-kulot-seti-10000000127676/
MAR-T61004902F-BEYAZ-40EU,40,https://www.marksandspencer.com.tr/kadin-beyaz-3-lu-flexifit-tm-dantel-full-brief-kulot-seti-10000000127676/
MAR-T61004902F-BEYAZ-42EU,42,https://www.marksandspencer.com.tr/kadin-beyaz-3-lu-flexifit-tm-dantel-full-brief-kulot-seti-10000000127676/
MAR-T61004902F-BEYAZ-44EU,44,https://www.marksandspencer.com.tr/kadin-beyaz-3-lu-flexifit-tm-dantel-full-brief-kulot-seti-10000000127676/
MAR-T61004902F-BEYAZ-46EU,46,https://www.marksandspencer.com.tr/kadin-beyaz-3-lu-flexifit-tm-dantel-full-brief-kulot-seti-10000000127676/
MAR-T61004902F-BEYAZ-48EU,48,https://www.marksandspencer.com.tr/kadin-beyaz-3-lu-flexifit-tm-dantel-full-brief-kulot-seti-10000000127676/
MAR-T61004902F-BEYAZ-50EU,50,https://www.marksandspencer.com.tr/kadin-beyaz-3-lu-flexifit-tm-dantel-full-brief-kulot-seti-10000000127676/
MAR-T61004902E-1-34,34,https://www.marksandspencer.com.tr/kadin-lacivert-3-lu-flexifit-tm-yuksek-bel-short-kulot-seti-10000000467166/
MAR-T61004902E-1-36,36,https://www.marksandspencer.com.tr/kadin-lacivert-3-lu-flexifit-tm-yuksek-bel-short-kulot-seti-10000000467166/
MAR-T61004902E-1-38,38,https://www.marksandspencer.com.tr/kadin-lacivert-3-lu-flexifit-tm-yuksek-bel-short-kulot-seti-10000000467166/
MAR-T61004902E-1-40,40,https://www.marksandspencer.com.tr/kadin-lacivert-3-lu-flexifit-tm-yuksek-bel-short-kulot-seti-10000000467166/
MAR-T61004902E-1-42,42,https://www.marksandspencer.com.tr/kadin-lacivert-3-lu-flexifit-tm-yuksek-bel-short-kulot-seti-10000000467166/
MAR-T61004902E-1-44,44,https://www.marksandspencer.com.tr/kadin-lacivert-3-lu-flexifit-tm-yuksek-bel-short-kulot-seti-10000000467166/
MAR-T61004902E-1-46,46,https://www.marksandspencer.com.tr/kadin-lacivert-3-lu-flexifit-tm-yuksek-bel-short-kulot-seti-10000000467166/
MAR-T61004902E-1-48,48,https://www.marksandspencer.com.tr/kadin-lacivert-3-lu-flexifit-tm-yuksek-bel-short-kulot-seti-10000000467166/
MAR-T61004902E-1-50,50,https://www.marksandspencer.com.tr/kadin-lacivert-3-lu-flexifit-tm-yuksek-bel-short-kulot-seti-10000000467166/
MAR-T61004102-1-SIYAH-36,36,https://www.marksandspencer.com.tr/kadin-pembe-kuvars-5-li-dikissiz-short-kulot-seti-5646516576/?integration_color=BLACK
MAR-T61004102-1-SIYAH-38,38,https://www.marksandspencer.com.tr/kadin-pembe-kuvars-5-li-dikissiz-short-kulot-seti-5646516576/?integration_color=BLACK
MAR-T61004102-1-SIYAH-40,40,https://www.marksandspencer.com.tr/kadin-pembe-kuvars-5-li-dikissiz-short-kulot-seti-5646516576/?integration_color=BLACK
MAR-T61004102-1-SIYAH-42,42,https://www.marksandspencer.com.tr/kadin-pembe-kuvars-5-li-dikissiz-short-kulot-seti-5646516576/?integration_color=BLACK
MS-T32001111-KUVARS-36,36,https://www.marksandspencer.com.tr/kadin-siyah-2-li-dusuk-sikilikta-korse-seti-5646136796/?integration_color=ROSE+QUARTZ
MS-T32001111-KUVARS-38,38,https://www.marksandspencer.com.tr/kadin-siyah-2-li-dusuk-sikilikta-korse-seti-5646136796/?integration_color=ROSE+QUARTZ
MS-T32001111-KUVARS-40,40,https://www.marksandspencer.com.tr/kadin-siyah-2-li-dusuk-sikilikta-korse-seti-5646136796/?integration_color=ROSE+QUARTZ
MS-T32001111-KUVARS-42,42,https://www.marksandspencer.com.tr/kadin-siyah-2-li-dusuk-sikilikta-korse-seti-5646136796/?integration_color=ROSE+QUARTZ
MS-T32001111-KUVARS-44,44,https://www.marksandspencer.com.tr/kadin-siyah-2-li-dusuk-sikilikta-korse-seti-5646136796/?integration_color=ROSE+QUARTZ
MS-T32001111-KUVARS-46,46,https://www.marksandspencer.com.tr/kadin-siyah-2-li-dusuk-sikilikta-korse-seti-5646136796/?integration_color=ROSE+QUARTZ
MS-T32001111-KUVARS-48,48,https://www.marksandspencer.com.tr/kadin-siyah-2-li-dusuk-sikilikta-korse-seti-5646136796/?integration_color=ROSE+QUARTZ
MS-T32001111-KUVARS-50,50,https://www.marksandspencer.com.tr/kadin-siyah-2-li-dusuk-sikilikta-korse-seti-5646136796/?integration_color=ROSE+QUARTZ
MS-T61005022F-BLACK-34,34,https://www.marksandspencer.com.tr/kadin-siyah-5-li-dantel-detayli-full-brief-kulot-seti-5645562665/?integration_color=BLACK
MS-T61005022F-BLACK-36,36,https://www.marksandspencer.com.tr/kadin-siyah-5-li-dantel-detayli-full-brief-kulot-seti-5645562665/?integration_color=BLACK
MS-T61005022F-BLACK-38,38,https://www.marksandspencer.com.tr/kadin-siyah-5-li-dantel-detayli-full-brief-kulot-seti-5645562665/?integration_color=BLACK
MS-T61005022F-BLACK-40,40,https://www.marksandspencer.com.tr/kadin-siyah-5-li-dantel-detayli-full-brief-kulot-seti-5645562665/?integration_color=BLACK
MS-T61005022F-BLACK-42,42,https://www.marksandspencer.com.tr/kadin-siyah-5-li-dantel-detayli-full-brief-kulot-seti-5645562665/?integration_color=BLACK
MS-T61005022F-BLACK-44,44,https://www.marksandspencer.com.tr/kadin-siyah-5-li-dantel-detayli-full-brief-kulot-seti-5645562665/?integration_color=BLACK
MS-T61005022F-BLACK-46,46,https://www.marksandspencer.com.tr/kadin-siyah-5-li-dantel-detayli-full-brief-kulot-seti-5645562665/?integration_color=BLACK
MS-T61005022F-BLACK-48,48,https://www.marksandspencer.com.tr/kadin-siyah-5-li-dantel-detayli-full-brief-kulot-seti-5645562665/?integration_color=BLACK
MS-T61005022F-BLACK-50,50,https://www.marksandspencer.com.tr/kadin-siyah-5-li-dantel-detayli-full-brief-kulot-seti-5645562665/?integration_color=BLACK
MS-T61005022F-BLACK-52,52,https://www.marksandspencer.com.tr/kadin-siyah-5-li-dantel-detayli-full-brief-kulot-seti-5645562665/?integration_color=BLACK
MS-T14005318A-BEYAZ-S,S,https://www.marksandspencer.com.tr/erkek-gri-3-lu-supima-r-trunk-boxer-seti-10000000698657/?integration_color=WHITE
MS-T14005318A-BEYAZ-M,M,https://www.marksandspencer.com.tr/erkek-gri-3-lu-supima-r-trunk-boxer-seti-10000000698657/?integration_color=WHITE
MS-T14005318A-BEYAZ-L,L,https://www.marksandspencer.com.tr/erkek-gri-3-lu-supima-r-trunk-boxer-seti-10000000698657/?integration_color=WHITE
MS-T14005318A-BEYAZ-XL,XL,https://www.marksandspencer.com.tr/erkek-gri-3-lu-supima-r-trunk-boxer-seti-10000000698657/?integration_color=WHITE
MS-T14005318A-BEYAZ-XXL,XXL,https://www.marksandspencer.com.tr/erkek-gri-3-lu-supima-r-trunk-boxer-seti-10000000698657/?integration_color=WHITE
MS-T61005390F-BEJ-52,52,https://www.marksandspencer.com.tr/kadin-bej-3-lu-flexifit-modal-full-brief-kulot-10000000884737/
MS-T61005390F-BEJ-50,50,https://www.marksandspencer.com.tr/kadin-bej-3-lu-flexifit-modal-full-brief-kulot-10000000884737/
MS-T61005390F-BEJ-48,48,https://www.marksandspencer.com.tr/kadin-bej-3-lu-flexifit-modal-full-brief-kulot-10000000884737/
MS-T61005390F-BEJ-46,46,https://www.marksandspencer.com.tr/kadin-bej-3-lu-flexifit-modal-full-brief-kulot-10000000884737/
MS-T61005390F-BEJ-44,44,https://www.marksandspencer.com.tr/kadin-bej-3-lu-flexifit-modal-full-brief-kulot-10000000884737/
MS-T61005390F-BEJ-42,42,https://www.marksandspencer.com.tr/kadin-bej-3-lu-flexifit-modal-full-brief-kulot-10000000884737/
MS-T61005390F-BEJ-40,40,https://www.marksandspencer.com.tr/kadin-bej-3-lu-flexifit-modal-full-brief-kulot-10000000884737/
MS-T61005390F-BEJ-38,38,https://www.marksandspencer.com.tr/kadin-bej-3-lu-flexifit-modal-full-brief-kulot-10000000884737/
MS-T61005390F-BEJ-36,36,https://www.marksandspencer.com.tr/kadin-bej-3-lu-flexifit-modal-full-brief-kulot-10000000884737/
MS-T07001602A-BEYAZ-XS,XS,https://www.marksandspencer.com.tr/erkek-kahverengi-supima-pamuk-pijama-ustu-10000000913371/?integration_color=WHITE
MS-T07001602A-BEYAZ-S,S,https://www.marksandspencer.com.tr/erkek-kahverengi-supima-pamuk-pijama-ustu-10000000913371/?integration_color=WHITE
MS-T07001602A-BEYAZ-M,M,https://www.marksandspencer.com.tr/erkek-kahverengi-supima-pamuk-pijama-ustu-10000000913371/?integration_color=WHITE
MS-T07001602A-BEYAZ-L,L,https://www.marksandspencer.com.tr/erkek-kahverengi-supima-pamuk-pijama-ustu-10000000913371/?integration_color=WHITE
MS-T07001602A-BEYAZ-XL,XL,https://www.marksandspencer.com.tr/erkek-kahverengi-supima-pamuk-pijama-ustu-10000000913371/?integration_color=WHITE
MS-T07001602A-BEYAZ-XXL,XXL,https://www.marksandspencer.com.tr/erkek-kahverengi-supima-pamuk-pijama-ustu-10000000913371/?integration_color=WHITE
MS-T07001602A-BEYAZ-3XL,3XL,https://www.marksandspencer.com.tr/erkek-kahverengi-supima-pamuk-pijama-ustu-10000000913371/?integration_color=WHITE
MS-T61005100X-TURUNCU-1-34,34,https://www.marksandspencer.com.tr/kadin-turuncu-5-li-cotton-lycra-registered-brazilian-kulot-seti-10000000984461/
MS-T61005100X-TURUNCU-1-36,36,https://www.marksandspencer.com.tr/kadin-turuncu-5-li-cotton-lycra-registered-brazilian-kulot-seti-10000000984461/
MS-T61005100X-TURUNCU-1-38,38,https://www.marksandspencer.com.tr/kadin-turuncu-5-li-cotton-lycra-registered-brazilian-kulot-seti-10000000984461/
MS-T61005100X-TURUNCU-1-40,40,https://www.marksandspencer.com.tr/kadin-turuncu-5-li-cotton-lycra-registered-brazilian-kulot-seti-10000000984461/
MS-T61005100X-TURUNCU-1-42,42,https://www.marksandspencer.com.tr/kadin-turuncu-5-li-cotton-lycra-registered-brazilian-kulot-seti-10000000984461/
MS-T61005100X-TURUNCU-1-44,44,https://www.marksandspencer.com.tr/kadin-turuncu-5-li-cotton-lycra-registered-brazilian-kulot-seti-10000000984461/
MS-T61005100X-TURUNCU-1-46,46,https://www.marksandspencer.com.tr/kadin-turuncu-5-li-cotton-lycra-registered-brazilian-kulot-seti-10000000984461/
MS-T61005100X-TURUNCU-1-48,48,https://www.marksandspencer.com.tr/kadin-turuncu-5-li-cotton-lycra-registered-brazilian-kulot-seti-10000000984461/
MS-T61005100X-TURUNCU-1-50,50,https://www.marksandspencer.com.tr/kadin-turuncu-5-li-cotton-lycra-registered-brazilian-kulot-seti-10000000984461/
MS-T61005100X-TURUNCU-1-52,52,https://www.marksandspencer.com.tr/kadin-turuncu-5-li-cotton-lycra-registered-brazilian-kulot-seti-10000000984461/
MS-T07007625-GRI-S,S,https://www.marksandspencer.com.tr/erkek-gri-saf-pamuklu-kare-desenli-pijama-takimi-10000001139998/
MS-T07007625-GRI-M,M,https://www.marksandspencer.com.tr/erkek-gri-saf-pamuklu-kare-desenli-pijama-takimi-10000001139998/
MS-T07007625-GRI-L,L,https://www.marksandspencer.com.tr/erkek-gri-saf-pamuklu-kare-desenli-pijama-takimi-10000001139998/
MS-T07007625-GRI-XL,XL,https://www.marksandspencer.com.tr/erkek-gri-saf-pamuklu-kare-desenli-pijama-takimi-10000001139998/
MS-T07007625-GRI-XXL,XXL,https://www.marksandspencer.com.tr/erkek-gri-saf-pamuklu-kare-desenli-pijama-takimi-10000001139998/
MS-T14006901V-BEYAZ-S,S,https://www.marksandspencer.com.tr/erkek-beyaz-5li-cotton-rich-cool-fresh-tm-regular-fit-erkek-brief-kulot-seti-5645328928/
MS-T14006901V-BEYAZ-M,M,https://www.marksandspencer.com.tr/erkek-beyaz-5li-cotton-rich-cool-fresh-tm-regular-fit-erkek-brief-kulot-seti-5645328928/
MS-T14006901V-BEYAZ-L,L,https://www.marksandspencer.com.tr/erkek-beyaz-5li-cotton-rich-cool-fresh-tm-regular-fit-erkek-brief-kulot-seti-5645328928/
MS-T14006901V-BEYAZ-XL,XL,https://www.marksandspencer.com.tr/erkek-beyaz-5li-cotton-rich-cool-fresh-tm-regular-fit-erkek-brief-kulot-seti-5645328928/
MS-T14006901V-BEYAZ-XXL,XXL,https://www.marksandspencer.com.tr/erkek-beyaz-5li-cotton-rich-cool-fresh-tm-regular-fit-erkek-brief-kulot-seti-5645328928/
MS-T61004958L-SIYAH-34,34,https://www.marksandspencer.com.tr/kadin-siyah-3lu-jasmine-dantelli-yuksek-bel-kulot-10000001123659/
MS-T61004958L-SIYAH-36,36,https://www.marksandspencer.com.tr/kadin-siyah-3lu-jasmine-dantelli-yuksek-bel-kulot-10000001123659/
MS-T61004958L-SIYAH-38,38,https://www.marksandspencer.com.tr/kadin-siyah-3lu-jasmine-dantelli-yuksek-bel-kulot-10000001123659/
MS-T61004958L-SIYAH-40,40,https://www.marksandspencer.com.tr/kadin-siyah-3lu-jasmine-dantelli-yuksek-bel-kulot-10000001123659/
MS-T61004958L-SIYAH-42,42,https://www.marksandspencer.com.tr/kadin-siyah-3lu-jasmine-dantelli-yuksek-bel-kulot-10000001123659/
MS-T61004958L-SIYAH-44,44,https://www.marksandspencer.com.tr/kadin-siyah-3lu-jasmine-dantelli-yuksek-bel-kulot-10000001123659/
MS-T61004958L-SIYAH-46,46,https://www.marksandspencer.com.tr/kadin-siyah-3lu-jasmine-dantelli-yuksek-bel-kulot-10000001123659/
MS-T61004958L-SIYAH-48,48,https://www.marksandspencer.com.tr/kadin-siyah-3lu-jasmine-dantelli-yuksek-bel-kulot-10000001123659/
MS-T61004958L-SIYAH-50,50,https://www.marksandspencer.com.tr/kadin-siyah-3lu-jasmine-dantelli-yuksek-bel-kulot-10000001123659/
MS-T61004958F-SIYAH-34,34,https://www.marksandspencer.com.tr/kadin-siyah-3lu-dantelli-full-brief-kulot-10000001123624/
MS-T61004958F-SIYAH-36,36,https://www.marksandspencer.com.tr/kadin-siyah-3lu-dantelli-full-brief-kulot-10000001123624/
MS-T61004958F-SIYAH-38,38,https://www.marksandspencer.com.tr/kadin-siyah-3lu-dantelli-full-brief-kulot-10000001123624/
MS-T61004958F-SIYAH-40,40,https://www.marksandspencer.com.tr/kadin-siyah-3lu-dantelli-full-brief-kulot-10000001123624/
MS-T61004958F-SIYAH-42,42,https://www.marksandspencer.com.tr/kadin-siyah-3lu-dantelli-full-brief-kulot-10000001123624/
MS-T61004958F-SIYAH-44,44,https://www.marksandspencer.com.tr/kadin-siyah-3lu-dantelli-full-brief-kulot-10000001123624/
MS-T61004958F-SIYAH-46,46,https://www.marksandspencer.com.tr/kadin-siyah-3lu-dantelli-full-brief-kulot-10000001123624/
MS-T61004958F-SIYAH-48,48,https://www.marksandspencer.com.tr/kadin-siyah-3lu-dantelli-full-brief-kulot-10000001123624/
MS-T61004958F-SIYAH-50,50,https://www.marksandspencer.com.tr/kadin-siyah-3lu-dantelli-full-brief-kulot-10000001123624/
MS-T61004958F-SIYAH-52,52,https://www.marksandspencer.com.tr/kadin-siyah-3lu-dantelli-full-brief-kulot-10000001123624/
MS-T61004902E-PEMBE-34,34,https://www.marksandspencer.com.tr/kadin-pembe-3lu-flexifit-tm-dantel-yuksek-bel-sort-kulot-seti-10000000847546/
MS-T61004902E-PEMBE-36,36,https://www.marksandspencer.com.tr/kadin-pembe-3lu-flexifit-tm-dantel-yuksek-bel-sort-kulot-seti-10000000847546/
MS-T61004902E-PEMBE-38,38,https://www.marksandspencer.com.tr/kadin-pembe-3lu-flexifit-tm-dantel-yuksek-bel-sort-kulot-seti-10000000847546/
MS-T61004902E-PEMBE-40,40,https://www.marksandspencer.com.tr/kadin-pembe-3lu-flexifit-tm-dantel-yuksek-bel-sort-kulot-seti-10000000847546/
MS-T61004902E-PEMBE-42,42,https://www.marksandspencer.com.tr/kadin-pembe-3lu-flexifit-tm-dantel-yuksek-bel-sort-kulot-seti-10000000847546/
MS-T61004902E-PEMBE-44,44,https://www.marksandspencer.com.tr/kadin-pembe-3lu-flexifit-tm-dantel-yuksek-bel-sort-kulot-seti-10000000847546/
MS-T61004902E-PEMBE-46,46,https://www.marksandspencer.com.tr/kadin-pembe-3lu-flexifit-tm-dantel-yuksek-bel-sort-kulot-seti-10000000847546/
MS-T61004902E-PEMBE-48,48,https://www.marksandspencer.com.tr/kadin-pembe-3lu-flexifit-tm-dantel-yuksek-bel-sort-kulot-seti-10000000847546/
MS-T61004902E-PEMBE-50,50,https://www.marksandspencer.com.tr/kadin-pembe-3lu-flexifit-tm-dantel-yuksek-bel-sort-kulot-seti-10000000847546/
MS-T61004902E-PEMBE-52,52,https://www.marksandspencer.com.tr/kadin-pembe-3lu-flexifit-tm-dantel-yuksek-bel-sort-kulot-seti-10000000847546/
MS-T61005390E-SIYAH-34,34,https://www.marksandspencer.com.tr/kadin-siyah-3-lu-flexifit-tm-yuksek-bel-sort-kulot-10000000884848/
MS-T61005390E-SIYAH-36,36,https://www.marksandspencer.com.tr/kadin-siyah-3-lu-flexifit-tm-yuksek-bel-sort-kulot-10000000884848/
MS-T61005390E-SIYAH-38,38,https://www.marksandspencer.com.tr/kadin-siyah-3-lu-flexifit-tm-yuksek-bel-sort-kulot-10000000884848/
MS-T61005390E-SIYAH-40,40,https://www.marksandspencer.com.tr/kadin-siyah-3-lu-flexifit-tm-yuksek-bel-sort-kulot-10000000884848/
MS-T61005390E-SIYAH-42,42,https://www.marksandspencer.com.tr/kadin-siyah-3-lu-flexifit-tm-yuksek-bel-sort-kulot-10000000884848/
MS-T61005390E-SIYAH-44,44,https://www.marksandspencer.com.tr/kadin-siyah-3-lu-flexifit-tm-yuksek-bel-sort-kulot-10000000884848/
MS-T61005390E-SIYAH-46,46,https://www.marksandspencer.com.tr/kadin-siyah-3-lu-flexifit-tm-yuksek-bel-sort-kulot-10000000884848/
MS-T61005390E-SIYAH-48,48,https://www.marksandspencer.com.tr/kadin-siyah-3-lu-flexifit-tm-yuksek-bel-sort-kulot-10000000884848/
MS-T61005390E-SIYAH-50,50,https://www.marksandspencer.com.tr/kadin-siyah-3-lu-flexifit-tm-yuksek-bel-sort-kulot-10000000884848/
MS-T61005390E-SIYAH-52,52,https://www.marksandspencer.com.tr/kadin-siyah-3-lu-flexifit-tm-yuksek-bel-sort-kulot-10000000884848/
MS-T59004562J-SARI-34,34,https://www.marksandspencer.com.tr/kadin-sari-ozel-dikim-yakasiz-blazer-ceket-10000000845754/
MS-T59004562J-SARI-36,36,https://www.marksandspencer.com.tr/kadin-sari-ozel-dikim-yakasiz-blazer-ceket-10000000845754/
MS-T59004562J-SARI-38,38,https://www.marksandspencer.com.tr/kadin-sari-ozel-dikim-yakasiz-blazer-ceket-10000000845754/
MS-T59004562J-SARI-40,40,https://www.marksandspencer.com.tr/kadin-sari-ozel-dikim-yakasiz-blazer-ceket-10000000845754/
MS-T59004562J-SARI-42,42,https://www.marksandspencer.com.tr/kadin-sari-ozel-dikim-yakasiz-blazer-ceket-10000000845754/
MS-T59004562J-SARI-44,44,https://www.marksandspencer.com.tr/kadin-sari-ozel-dikim-yakasiz-blazer-ceket-10000000845754/
MS-T59004562J-SARI-46,46,https://www.marksandspencer.com.tr/kadin-sari-ozel-dikim-yakasiz-blazer-ceket-10000000845754/
MS-T59004562J-SARI-48,48,https://www.marksandspencer.com.tr/kadin-sari-ozel-dikim-yakasiz-blazer-ceket-10000000845754/
MS-T59004562J-SARI-50,50,https://www.marksandspencer.com.tr/kadin-sari-ozel-dikim-yakasiz-blazer-ceket-10000000845754/
MS-T59002289W-KIRMIZI-38,38,https://www.marksandspencer.com.tr/kadin-kirmizi-keten-karisimli-onu-asimetrik-yelek-10000001002921/
MS-T59002289W-KIRMIZI-40,40,https://www.marksandspencer.com.tr/kadin-kirmizi-keten-karisimli-onu-asimetrik-yelek-10000001002921/
MS-T59002289W-KIRMIZI-42,42,https://www.marksandspencer.com.tr/kadin-kirmizi-keten-karisimli-onu-asimetrik-yelek-10000001002921/
MS-T59002289W-KIRMIZI-44,44,https://www.marksandspencer.com.tr/kadin-kirmizi-keten-karisimli-onu-asimetrik-yelek-10000001002921/
MS-T59002289W-KIRMIZI-46,46,https://www.marksandspencer.com.tr/kadin-kirmizi-keten-karisimli-onu-asimetrik-yelek-10000001002921/
MS-T59002289W-KIRMIZI-48,48,https://www.marksandspencer.com.tr/kadin-kirmizi-keten-karisimli-onu-asimetrik-yelek-10000001002921/
MS-T59002289W-KIRMIZI-50,50,https://www.marksandspencer.com.tr/kadin-kirmizi-keten-karisimli-onu-asimetrik-yelek-10000001002921/
MS-T06000053-SIYAH-40,40,https://www.marksandspencer.com.tr/kadin-siyah-regular-fit-kurklu-ceket-10000000751559/
MS-T06000053-SIYAH-42,42,https://www.marksandspencer.com.tr/kadin-siyah-regular-fit-kurklu-ceket-10000000751559/
MS-T06000053-SIYAH-44,44,https://www.marksandspencer.com.tr/kadin-siyah-regular-fit-kurklu-ceket-10000000751559/
MS-T06000053-SIYAH-46,46,https://www.marksandspencer.com.tr/kadin-siyah-regular-fit-kurklu-ceket-10000000751559/
MS-T06000053-SIYAH-48,48,https://www.marksandspencer.com.tr/kadin-siyah-regular-fit-kurklu-ceket-10000000751559/
MS-T06000053-SIYAH-50,50,https://www.marksandspencer.com.tr/kadin-siyah-regular-fit-kurklu-ceket-10000000751559/
MAR-T61004102-1-PEMBE-36,36,https://www.marksandspencer.com.tr/kadin-pembe-kuvars-5-li-dikissiz-short-kulot-seti-5646516576/?integration_color=ROSE+QUARTZ
MAR-T61004102-1-PEMBE-38,38,https://www.marksandspencer.com.tr/kadin-pembe-kuvars-5-li-dikissiz-short-kulot-seti-5646516576/?integration_color=ROSE+QUARTZ
MAR-T61004102-1-PEMBE-40,40,https://www.marksandspencer.com.tr/kadin-pembe-kuvars-5-li-dikissiz-short-kulot-seti-5646516576/?integration_color=ROSE+QUARTZ
MAR-T61004102-1-PEMBE-42,42,https://www.marksandspencer.com.tr/kadin-pembe-kuvars-5-li-dikissiz-short-kulot-seti-5646516576/?integration_color=ROSE+QUARTZ
MAR-T61004102-1-PEMBE-44,44,https://www.marksandspencer.com.tr/kadin-pembe-kuvars-5-li-dikissiz-short-kulot-seti-5646516576/?integration_color=ROSE+QUARTZ
MAR-T61004102-1-PEMBE-46,46,https://www.marksandspencer.com.tr/kadin-pembe-kuvars-5-li-dikissiz-short-kulot-seti-5646516576/?integration_color=ROSE+QUARTZ
MAR-T61004102-1-PEMBE-48,48,https://www.marksandspencer.com.tr/kadin-pembe-kuvars-5-li-dikissiz-short-kulot-seti-5646516576/?integration_color=ROSE+QUARTZ
MS-T32006888E-36,36,https://www.marksandspencer.com.tr/kadin-pembe-kuvars-2-li-dusuk-sikilikta-dikissiz-korse-kulot-seti-5646477605/
MS-T32006888E-38,38,https://www.marksandspencer.com.tr/kadin-pembe-kuvars-2-li-dusuk-sikilikta-dikissiz-korse-kulot-seti-5646477605/
MS-T32006888E-40,40,https://www.marksandspencer.com.tr/kadin-pembe-kuvars-2-li-dusuk-sikilikta-dikissiz-korse-kulot-seti-5646477605/
MS-T32006888E-42,42,https://www.marksandspencer.com.tr/kadin-pembe-kuvars-2-li-dusuk-sikilikta-dikissiz-korse-kulot-seti-5646477605/
MS-T32006888E-44,44,https://www.marksandspencer.com.tr/kadin-pembe-kuvars-2-li-dusuk-sikilikta-dikissiz-korse-kulot-seti-5646477605/
MS-T32006888E-46,46,https://www.marksandspencer.com.tr/kadin-pembe-kuvars-2-li-dusuk-sikilikta-dikissiz-korse-kulot-seti-5646477605/
MS-T32006888E-48,48,https://www.marksandspencer.com.tr/kadin-pembe-kuvars-2-li-dusuk-sikilikta-dikissiz-korse-kulot-seti-5646477605/
MS-T32006888E-50,50,https://www.marksandspencer.com.tr/kadin-pembe-kuvars-2-li-dusuk-sikilikta-dikissiz-korse-kulot-seti-5646477605/
MS-T32006762B-36,36,https://www.marksandspencer.com.tr/kadin-pembe-kuvars-body-define-tm-yuksek-sikilikta-sekillendirici-body-korse-5646136881/
MS-T32006762B-38,38,https://www.marksandspencer.com.tr/kadin-pembe-kuvars-body-define-tm-yuksek-sikilikta-sekillendirici-body-korse-5646136881/
MS-T32006762B-40,40,https://www.marksandspencer.com.tr/kadin-pembe-kuvars-body-define-tm-yuksek-sikilikta-sekillendirici-body-korse-5646136881/
MS-T32006762B-42,42,https://www.marksandspencer.com.tr/kadin-pembe-kuvars-body-define-tm-yuksek-sikilikta-sekillendirici-body-korse-5646136881/
MS-T32006762B-44,44,https://www.marksandspencer.com.tr/kadin-pembe-kuvars-body-define-tm-yuksek-sikilikta-sekillendirici-body-korse-5646136881/
MS-T32006762B-46,46,https://www.marksandspencer.com.tr/kadin-pembe-kuvars-body-define-tm-yuksek-sikilikta-sekillendirici-body-korse-5646136881/
MS-T32006762B-48,48,https://www.marksandspencer.com.tr/kadin-pembe-kuvars-body-define-tm-yuksek-sikilikta-sekillendirici-body-korse-5646136881/
MS-T32006762B-50,50,https://www.marksandspencer.com.tr/kadin-pembe-kuvars-body-define-tm-yuksek-sikilikta-sekillendirici-body-korse-5646136881/
MS-T32006762W-36,36,https://www.marksandspencer.com.tr/kadin-pembe-kuvars-yuksek-sikilikta-sekillendirici-korse-kulot-5646153601/
MS-T32006762W-38,38,https://www.marksandspencer.com.tr/kadin-pembe-kuvars-yuksek-sikilikta-sekillendirici-korse-kulot-5646153601/
MS-T32006762W-40,40,https://www.marksandspencer.com.tr/kadin-pembe-kuvars-yuksek-sikilikta-sekillendirici-korse-kulot-5646153601/
MS-T32006762W-42,42,https://www.marksandspencer.com.tr/kadin-pembe-kuvars-yuksek-sikilikta-sekillendirici-korse-kulot-5646153601/
MS-T32006762W-44,44,https://www.marksandspencer.com.tr/kadin-pembe-kuvars-yuksek-sikilikta-sekillendirici-korse-kulot-5646153601/
MS-T32006762W-46,46,https://www.marksandspencer.com.tr/kadin-pembe-kuvars-yuksek-sikilikta-sekillendirici-korse-kulot-5646153601/
MS-T32006762W-48,48,https://www.marksandspencer.com.tr/kadin-pembe-kuvars-yuksek-sikilikta-sekillendirici-korse-kulot-5646153601/
MS-T32006762W-50,50,https://www.marksandspencer.com.tr/kadin-pembe-kuvars-yuksek-sikilikta-sekillendirici-korse-kulot-5646153601/
MS-T32006160-KAKAO-36,36,https://www.marksandspencer.com.tr/kadin-yogun-kakao-2-li-regular-fit-kombinezon-seti-5645803406/?integration_color=FUDGE
MS-T32006160-KAKAO-38,38,https://www.marksandspencer.com.tr/kadin-yogun-kakao-2-li-regular-fit-kombinezon-seti-5645803406/?integration_color=FUDGE
MS-T32006160-KAKAO-40,40,https://www.marksandspencer.com.tr/kadin-yogun-kakao-2-li-regular-fit-kombinezon-seti-5645803406/?integration_color=FUDGE
MS-T32006160-KAKAO-42,42,https://www.marksandspencer.com.tr/kadin-yogun-kakao-2-li-regular-fit-kombinezon-seti-5645803406/?integration_color=FUDGE
MS-T32006160-KAKAO-44,44,https://www.marksandspencer.com.tr/kadin-yogun-kakao-2-li-regular-fit-kombinezon-seti-5645803406/?integration_color=FUDGE
MS-T32006160-KAKAO-46,46,https://www.marksandspencer.com.tr/kadin-yogun-kakao-2-li-regular-fit-kombinezon-seti-5645803406/?integration_color=FUDGE
MS-T32006160-KAKAO-48,48,https://www.marksandspencer.com.tr/kadin-yogun-kakao-2-li-regular-fit-kombinezon-seti-5645803406/?integration_color=FUDGE
MS-T32006160-KAKAO-50,50,https://www.marksandspencer.com.tr/kadin-yogun-kakao-2-li-regular-fit-kombinezon-seti-5645803406/?integration_color=FUDGE
MS-T32006160-BEYAZ-36,36,https://www.marksandspencer.com.tr/kadin-yogun-kakao-2-li-regular-fit-kombinezon-seti-5645803406/?integration_color=WHITE+MIX
MS-T32006160-BEYAZ-38,38,https://www.marksandspencer.com.tr/kadin-yogun-kakao-2-li-regular-fit-kombinezon-seti-5645803406/?integration_color=WHITE+MIX
MS-T32006160-BEYAZ-40,40,https://www.marksandspencer.com.tr/kadin-yogun-kakao-2-li-regular-fit-kombinezon-seti-5645803406/?integration_color=WHITE+MIX
MS-T32006160-BEYAZ-42,42,https://www.marksandspencer.com.tr/kadin-yogun-kakao-2-li-regular-fit-kombinezon-seti-5645803406/?integration_color=WHITE+MIX
MS-T32006160-BEYAZ-44,44,https://www.marksandspencer.com.tr/kadin-yogun-kakao-2-li-regular-fit-kombinezon-seti-5645803406/?integration_color=WHITE+MIX
MS-T32006160-BEYAZ-46,46,https://www.marksandspencer.com.tr/kadin-yogun-kakao-2-li-regular-fit-kombinezon-seti-5645803406/?integration_color=WHITE+MIX
MS-T32006160-BEYAZ-48,48,https://www.marksandspencer.com.tr/kadin-yogun-kakao-2-li-regular-fit-kombinezon-seti-5645803406/?integration_color=WHITE+MIX
MS-T32006160-BEYAZ-50,50,https://www.marksandspencer.com.tr/kadin-yogun-kakao-2-li-regular-fit-kombinezon-seti-5645803406/?integration_color=WHITE+MIX
MS-T33002062X-36,36,https://www.marksandspencer.com.tr/kadin-siyah-mix-2-li-jupon-seti-5643705397/
MS-T33002062X-38,38,https://www.marksandspencer.com.tr/kadin-siyah-mix-2-li-jupon-seti-5643705397/
MS-T33002062X-40,40,https://www.marksandspencer.com.tr/kadin-siyah-mix-2-li-jupon-seti-5643705397/
MS-T33002062X-42,42,https://www.marksandspencer.com.tr/kadin-siyah-mix-2-li-jupon-seti-5643705397/
MS-T33002062X-44,44,https://www.marksandspencer.com.tr/kadin-siyah-mix-2-li-jupon-seti-5643705397/
MS-T33002062X-46,46,https://www.marksandspencer.com.tr/kadin-siyah-mix-2-li-jupon-seti-5643705397/
MS-T33002062X-48,48,https://www.marksandspencer.com.tr/kadin-siyah-mix-2-li-jupon-seti-5643705397/
MS-T33002062X-50,50,https://www.marksandspencer.com.tr/kadin-siyah-mix-2-li-jupon-seti-5643705397/
SML-MAR-10000000127768-L-48E,48,https://www.marksandspencer.com.tr/kadin-pembe-5-li-cotton-lycra-registered-high-leg-kulot-seti-10000000127769/
SML-MAR-10000000127768-M-46E,46,https://www.marksandspencer.com.tr/kadin-pembe-5-li-cotton-lycra-registered-high-leg-kulot-seti-10000000127769/
SML-MAR-10000000127768-S-44E,44,https://www.marksandspencer.com.tr/kadin-pembe-5-li-cotton-lycra-registered-high-leg-kulot-seti-10000000127769/
SML-MAR-10000000127768-XL-50E,50,https://www.marksandspencer.com.tr/kadin-pembe-5-li-cotton-lycra-registered-high-leg-kulot-seti-10000000127769/
SML-MAR-10000000127768-XS-42E,42,https://www.marksandspencer.com.tr/kadin-pembe-5-li-cotton-lycra-registered-high-leg-kulot-seti-10000000127769/
MARK-10000000371117-36EU,36,https://www.marksandspencer.com.tr/kadin-beyaz-3-lu-body-soft-tm-high-leg-kulot-seti-10000000371117/
MARK-10000000371117-38EU,38,https://www.marksandspencer.com.tr/kadin-beyaz-3-lu-body-soft-tm-high-leg-kulot-seti-10000000371117/
MARK-10000000371117-40EU,40,https://www.marksandspencer.com.tr/kadin-beyaz-3-lu-body-soft-tm-high-leg-kulot-seti-10000000371117/
MARK-10000000371117-42EU,42,https://www.marksandspencer.com.tr/kadin-beyaz-3-lu-body-soft-tm-high-leg-kulot-seti-10000000371117/
MARK-10000000371117-44EU,44,https://www.marksandspencer.com.tr/kadin-beyaz-3-lu-body-soft-tm-high-leg-kulot-seti-10000000371117/
MARK-10000000371117-46EU,46,https://www.marksandspencer.com.tr/kadin-beyaz-3-lu-body-soft-tm-high-leg-kulot-seti-10000000371117/
MARK-5646516558-34,34,https://www.marksandspencer.com.tr/kadin-pembe-5-li-dantel-detayli-short-kulot-seti-5646516558/
MARK-5646516558-36,36,https://www.marksandspencer.com.tr/kadin-pembe-5-li-dantel-detayli-short-kulot-seti-5646516558/
MARK-5646516558-38,38,https://www.marksandspencer.com.tr/kadin-pembe-5-li-dantel-detayli-short-kulot-seti-5646516558/
MARK-5646516558-40,40,https://www.marksandspencer.com.tr/kadin-pembe-5-li-dantel-detayli-short-kulot-seti-5646516558/
MARK-5646516558-42,42,https://www.marksandspencer.com.tr/kadin-pembe-5-li-dantel-detayli-short-kulot-seti-5646516558/
MARK-5646516558-44,44,https://www.marksandspencer.com.tr/kadin-pembe-5-li-dantel-detayli-short-kulot-seti-5646516558/
MARK-5646516558-46,46,https://www.marksandspencer.com.tr/kadin-pembe-5-li-dantel-detayli-short-kulot-seti-5646516558/
MARK-5646516558-48,48,https://www.marksandspencer.com.tr/kadin-pembe-5-li-dantel-detayli-short-kulot-seti-5646516558/
MARK-5646516558-50,50,https://www.marksandspencer.com.tr/kadin-pembe-5-li-dantel-detayli-short-kulot-seti-5646516558/
MARKS-10000000127769-34,34,https://www.marksandspencer.com.tr/kadin-pembe-5-li-cotton-lycra-registered-high-leg-kulot-seti-10000000127769/
MARKS-10000000127769-36,36,https://www.marksandspencer.com.tr/kadin-pembe-5-li-cotton-lycra-registered-high-leg-kulot-seti-10000000127769/
MARKS-10000000127769-38,38,https://www.marksandspencer.com.tr/kadin-pembe-5-li-cotton-lycra-registered-high-leg-kulot-seti-10000000127769/
MARKS-10000000127769-40,40,https://www.marksandspencer.com.tr/kadin-pembe-5-li-cotton-lycra-registered-high-leg-kulot-seti-10000000127769/
MARKS-10000000127769-42,42,https://www.marksandspencer.com.tr/kadin-pembe-5-li-cotton-lycra-registered-high-leg-kulot-seti-10000000127769/
MARKS-10000000127769-44,44,https://www.marksandspencer.com.tr/kadin-pembe-5-li-cotton-lycra-registered-high-leg-kulot-seti-10000000127769/
MARKS-10000000127769-46,46,https://www.marksandspencer.com.tr/kadin-pembe-5-li-cotton-lycra-registered-high-leg-kulot-seti-10000000127769/
MARKS-10000000127769-48,48,https://www.marksandspencer.com.tr/kadin-pembe-5-li-cotton-lycra-registered-high-leg-kulot-seti-10000000127769/
MARKS-10000000127769-50,50,https://www.marksandspencer.com.tr/kadin-pembe-5-li-cotton-lycra-registered-high-leg-kulot-seti-10000000127769/
MARKS-5637911582-34,34,https://www.marksandspencer.com.tr/kadin-siyah-5-li-dikissiz-high-leg-kulot-seti-5637911582/
MARKS-5637911582-36,36,https://www.marksandspencer.com.tr/kadin-siyah-5-li-dikissiz-high-leg-kulot-seti-5637911582/
MARKS-5637911582-38,38,https://www.marksandspencer.com.tr/kadin-siyah-5-li-dikissiz-high-leg-kulot-seti-5637911582/
MARKS-5637911582-40,40,https://www.marksandspencer.com.tr/kadin-siyah-5-li-dikissiz-high-leg-kulot-seti-5637911582/
MARKS-5637911582-42,42,https://www.marksandspencer.com.tr/kadin-siyah-5-li-dikissiz-high-leg-kulot-seti-5637911582/
MARKS-5637911582-44,44,https://www.marksandspencer.com.tr/kadin-siyah-5-li-dikissiz-high-leg-kulot-seti-5637911582/
MARKS-5637911582-46,46,https://www.marksandspencer.com.tr/kadin-siyah-5-li-dikissiz-high-leg-kulot-seti-5637911582/
MARKS-5637911582-48,48,https://www.marksandspencer.com.tr/kadin-siyah-5-li-dikissiz-high-leg-kulot-seti-5637911582/
MARKS-5637911582-50,50,https://www.marksandspencer.com.tr/kadin-siyah-5-li-dikissiz-high-leg-kulot-seti-5637911582/
MARKS-5645504764-34,34,https://www.marksandspencer.com.tr/kadin-beyaz-5-li-cotton-lycra-registered-short-kulot-seti-5645504764/
MARKS-5645504764-36,36,https://www.marksandspencer.com.tr/kadin-beyaz-5-li-cotton-lycra-registered-short-kulot-seti-5645504764/
MARKS-5645504764-38,38,https://www.marksandspencer.com.tr/kadin-beyaz-5-li-cotton-lycra-registered-short-kulot-seti-5645504764/
MARKS-5645504764-40,40,https://www.marksandspencer.com.tr/kadin-beyaz-5-li-cotton-lycra-registered-short-kulot-seti-5645504764/
MARKS-5645504764-42,42,https://www.marksandspencer.com.tr/kadin-beyaz-5-li-cotton-lycra-registered-short-kulot-seti-5645504764/
MARKS-5645504764-44,44,https://www.marksandspencer.com.tr/kadin-beyaz-5-li-cotton-lycra-registered-short-kulot-seti-5645504764/
MARKS-5645504764-46,46,https://www.marksandspencer.com.tr/kadin-beyaz-5-li-cotton-lycra-registered-short-kulot-seti-5645504764/
MARKS-5645504764-48,48,https://www.marksandspencer.com.tr/kadin-beyaz-5-li-cotton-lycra-registered-short-kulot-seti-5645504764/
MARKS-5645504764-50,50,https://www.marksandspencer.com.tr/kadin-beyaz-5-li-cotton-lycra-registered-short-kulot-seti-5645504764/
MARKS-5645562707-34,34,https://www.marksandspencer.com.tr/kadin-siyah-5-li-dantel-detayli-high-leg-kulot-seti-5645562707/
MARKS-5645562707-36,36,https://www.marksandspencer.com.tr/kadin-siyah-5-li-dantel-detayli-high-leg-kulot-seti-5645562707/
MARKS-5645562707-38,38,https://www.marksandspencer.com.tr/kadin-siyah-5-li-dantel-detayli-high-leg-kulot-seti-5645562707/
MARKS-5645562707-40,40,https://www.marksandspencer.com.tr/kadin-siyah-5-li-dantel-detayli-high-leg-kulot-seti-5645562707/
MARKS-5645562707-42,42,https://www.marksandspencer.com.tr/kadin-siyah-5-li-dantel-detayli-high-leg-kulot-seti-5645562707/
MARKS-5645562707-44,44,https://www.marksandspencer.com.tr/kadin-siyah-5-li-dantel-detayli-high-leg-kulot-seti-5645562707/
MARKS-5645562707-46,46,https://www.marksandspencer.com.tr/kadin-siyah-5-li-dantel-detayli-high-leg-kulot-seti-5645562707/
MARKS-5645562732-34,34,https://www.marksandspencer.com.tr/kadin-beyaz-5-li-dantel-detayli-high-leg-kulot-seti-5645562732/
MARKS-5645562732-36,36,https://www.marksandspencer.com.tr/kadin-beyaz-5-li-dantel-detayli-high-leg-kulot-seti-5645562732/
MARKS-5645562732-38,38,https://www.marksandspencer.com.tr/kadin-beyaz-5-li-dantel-detayli-high-leg-kulot-seti-5645562732/
MARKS-5645562732-40,40,https://www.marksandspencer.com.tr/kadin-beyaz-5-li-dantel-detayli-high-leg-kulot-seti-5645562732/
MARKS-5645562732-42,42,https://www.marksandspencer.com.tr/kadin-beyaz-5-li-dantel-detayli-high-leg-kulot-seti-5645562732/
MARKS-5645562732-44,44,https://www.marksandspencer.com.tr/kadin-beyaz-5-li-dantel-detayli-high-leg-kulot-seti-5645562732/
MARKS-5645562732-46,46,https://www.marksandspencer.com.tr/kadin-beyaz-5-li-dantel-detayli-high-leg-kulot-seti-5645562732/
MARKS-5645562732-48,48,https://www.marksandspencer.com.tr/kadin-beyaz-5-li-dantel-detayli-high-leg-kulot-seti-5645562732/
MARKS-5645562732-50,50,https://www.marksandspencer.com.tr/kadin-beyaz-5-li-dantel-detayli-high-leg-kulot-seti-5645562732/
MARKS-5645562752-34,34,https://www.marksandspencer.com.tr/kadin-beyaz-5-li-dantel-detayli-full-brief-kulot-seti-5645562752/
MARKS-5645562752-36,36,https://www.marksandspencer.com.tr/kadin-beyaz-5-li-dantel-detayli-full-brief-kulot-seti-5645562752/
MARKS-5645562752-38,38,https://www.marksandspencer.com.tr/kadin-beyaz-5-li-dantel-detayli-full-brief-kulot-seti-5645562752/
MARKS-5645562752-40,40,https://www.marksandspencer.com.tr/kadin-beyaz-5-li-dantel-detayli-full-brief-kulot-seti-5645562752/
MARKS-5645562752-42,42,https://www.marksandspencer.com.tr/kadin-beyaz-5-li-dantel-detayli-full-brief-kulot-seti-5645562752/
MARKS-5645562752-44,44,https://www.marksandspencer.com.tr/kadin-beyaz-5-li-dantel-detayli-full-brief-kulot-seti-5645562752/
MARKS-5645562752-46,46,https://www.marksandspencer.com.tr/kadin-beyaz-5-li-dantel-detayli-full-brief-kulot-seti-5645562752/
MARKS-5645562752-48,48,https://www.marksandspencer.com.tr/kadin-beyaz-5-li-dantel-detayli-full-brief-kulot-seti-5645562752/
MARKS-5645562752-50,50,https://www.marksandspencer.com.tr/kadin-beyaz-5-li-dantel-detayli-full-brief-kulot-seti-5645562752/
MARKS-5645562752-52,52,https://www.marksandspencer.com.tr/kadin-beyaz-5-li-dantel-detayli-full-brief-kulot-seti-5645562752/
SML-MAR-5645562904-34,34,https://www.marksandspencer.com.tr/kadin-siyah-5-li-dantel-detayli-short-kulot-seti-5645562904/
SML-MAR-5645562904-36,36,https://www.marksandspencer.com.tr/kadin-siyah-5-li-dantel-detayli-short-kulot-seti-5645562904/
SML-MAR-5645562904-38,38,https://www.marksandspencer.com.tr/kadin-siyah-5-li-dantel-detayli-short-kulot-seti-5645562904/
SML-MAR-5645562904-40,40,https://www.marksandspencer.com.tr/kadin-siyah-5-li-dantel-detayli-short-kulot-seti-5645562904/
SML-MAR-5645562904-42,42,https://www.marksandspencer.com.tr/kadin-siyah-5-li-dantel-detayli-short-kulot-seti-5645562904/
SML-MAR-5645562904-44,44,https://www.marksandspencer.com.tr/kadin-siyah-5-li-dantel-detayli-short-kulot-seti-5645562904/
SML-MAR-5645562904-46,46,https://www.marksandspencer.com.tr/kadin-siyah-5-li-dantel-detayli-short-kulot-seti-5645562904/
SML-MAR-5645562904-48,48,https://www.marksandspencer.com.tr/kadin-siyah-5-li-dantel-detayli-short-kulot-seti-5645562904/
SML-MAR-5645562904-50,50,https://www.marksandspencer.com.tr/kadin-siyah-5-li-dantel-detayli-short-kulot-seti-5645562904/
MARKS-5646516561-34,34,https://www.marksandspencer.com.tr/kadin-pembe-5-li-dantel-detayli-short-kulot-seti-5646516558/
MARKS-5646516561-36,36,https://www.marksandspencer.com.tr/kadin-pembe-5-li-dantel-detayli-short-kulot-seti-5646516558/
MARKS-5646516561-38,38,https://www.marksandspencer.com.tr/kadin-pembe-5-li-dantel-detayli-short-kulot-seti-5646516558/
MARKS-5646516561-40,40,https://www.marksandspencer.com.tr/kadin-pembe-5-li-dantel-detayli-short-kulot-seti-5646516558/
MARKS-5646516561-42,42,https://www.marksandspencer.com.tr/kadin-pembe-5-li-dantel-detayli-short-kulot-seti-5646516558/
MARKS-5646516561-44,44,https://www.marksandspencer.com.tr/kadin-pembe-5-li-dantel-detayli-short-kulot-seti-5646516558/
MARKS-5646516561-46,46,https://www.marksandspencer.com.tr/kadin-pembe-5-li-dantel-detayli-short-kulot-seti-5646516558/
MARKS-5646516561-48,48,https://www.marksandspencer.com.tr/kadin-pembe-5-li-dantel-detayli-short-kulot-seti-5646516558/
MARKS-5646516561-50,50,https://www.marksandspencer.com.tr/kadin-pembe-5-li-dantel-detayli-short-kulot-seti-5646516558/
MARKS-5646516561-52,52,https://www.marksandspencer.com.tr/kadin-pembe-5-li-dantel-detayli-short-kulot-seti-5646516558/
SML-MAR-T61002003X-2XL-46E,46,https://www.marksandspencer.com.tr/kadin-pembe-5-li-cotton-lycra-registered-high-leg-kulot-seti-10000000127769/
SML-MAR-T61002003X-3XL-48E,48,https://www.marksandspencer.com.tr/kadin-pembe-5-li-cotton-lycra-registered-high-leg-kulot-seti-10000000127769/
SML-MAR-T61002003X-L-42E,42,https://www.marksandspencer.com.tr/kadin-pembe-5-li-cotton-lycra-registered-high-leg-kulot-seti-10000000127769/
SML-MAR-T61002003X-M-40E,40,https://www.marksandspencer.com.tr/kadin-pembe-5-li-cotton-lycra-registered-high-leg-kulot-seti-10000000127769/
SML-MAR-T61002003X-S-38E,38,https://www.marksandspencer.com.tr/kadin-pembe-5-li-cotton-lycra-registered-high-leg-kulot-seti-10000000127769/
SML-MAR-T61002003X-XL-44E,44,https://www.marksandspencer.com.tr/kadin-pembe-5-li-cotton-lycra-registered-high-leg-kulot-seti-10000000127769/
SML-MAR-T61002003X-XS-36E,36,https://www.marksandspencer.com.tr/kadin-pembe-5-li-cotton-lycra-registered-high-leg-kulot-seti-10000000127769/
SML-MAR-T61002003X-XXS-34E,34,https://www.marksandspencer.com.tr/kadin-pembe-5-li-cotton-lycra-registered-high-leg-kulot-seti-10000000127769/
SML-MAR-T61004934P-2XL-46E,46,https://www.marksandspencer.com.tr/kadin-siyah-5-li-cotton-lycra-registered-full-brief-kulot-seti-5645525030/
SML-MAR-T61004934P-3XL-48E,48,https://www.marksandspencer.com.tr/kadin-siyah-5-li-cotton-lycra-registered-full-brief-kulot-seti-5645525030/
SML-MAR-T61004934P-4XL-50E,50,https://www.marksandspencer.com.tr/kadin-siyah-5-li-cotton-lycra-registered-full-brief-kulot-seti-5645525030/
SML-MAR-T61004934P-5XL-52E,52,https://www.marksandspencer.com.tr/kadin-siyah-5-li-cotton-lycra-registered-full-brief-kulot-seti-5645525030/
SML-MAR-T61004934P-L-42E,42,https://www.marksandspencer.com.tr/kadin-siyah-5-li-cotton-lycra-registered-full-brief-kulot-seti-5645525030/
SML-MAR-T61004934P-M-40E,40,https://www.marksandspencer.com.tr/kadin-siyah-5-li-cotton-lycra-registered-full-brief-kulot-seti-5645525030/
SML-MAR-T61004934P-S-38E,38,https://www.marksandspencer.com.tr/kadin-siyah-5-li-cotton-lycra-registered-full-brief-kulot-seti-5645525030/
SML-MAR-T61004934P-XL-44E,44,https://www.marksandspencer.com.tr/kadin-siyah-5-li-cotton-lycra-registered-full-brief-kulot-seti-5645525030/
MS-10000000375582-36,36,https://www.marksandspencer.com.tr/kadin-siyah-dantel-detayli-ipek-brazilian-kulot-10000000375582/
MS-10000000375582-38,38,https://www.marksandspencer.com.tr/kadin-siyah-dantel-detayli-ipek-brazilian-kulot-10000000375582/
MS-10000000375582-40,40,https://www.marksandspencer.com.tr/kadin-siyah-dantel-detayli-ipek-brazilian-kulot-10000000375582/
MS-10000000375582-42,42,https://www.marksandspencer.com.tr/kadin-siyah-dantel-detayli-ipek-brazilian-kulot-10000000375582/
MS-10000000375582-44,44,https://www.marksandspencer.com.tr/kadin-siyah-dantel-detayli-ipek-brazilian-kulot-10000000375582/
SML-MAR-T61008800F-SIYAH-38EU,38,https://www.marksandspencer.com.tr/kadin-siyah-5-li-saf-pamuklu-full-brief-kulot-seti-10000000515456/
SML-MAR-T61008800F-SIYAH-40EU,40,https://www.marksandspencer.com.tr/kadin-siyah-5-li-saf-pamuklu-full-brief-kulot-seti-10000000515456/
SML-MAR-T61008800F-SIYAH-42EU,42,https://www.marksandspencer.com.tr/kadin-siyah-5-li-saf-pamuklu-full-brief-kulot-seti-10000000515456/
SML-MAR-T61008800F-SIYAH-44EU,44,https://www.marksandspencer.com.tr/kadin-siyah-5-li-saf-pamuklu-full-brief-kulot-seti-10000000515456/
SML-MAR-T61008800F-SIYAH-46EU,46,https://www.marksandspencer.com.tr/kadin-siyah-5-li-saf-pamuklu-full-brief-kulot-seti-10000000515456/
SML-MAR-T61008800F-SIYAH-48EU,48,https://www.marksandspencer.com.tr/kadin-siyah-5-li-saf-pamuklu-full-brief-kulot-seti-10000000515456/
SML-MAR-T61008800F-SIYAH-50EU,50,https://www.marksandspencer.com.tr/kadin-siyah-5-li-saf-pamuklu-full-brief-kulot-seti-10000000515456/
SML-MAR-T61008800N-SIYAH-34EU,34,https://www.marksandspencer.com.tr/kadin-siyah-5-li-saf-pamuklu-bikini-kulot-seti-10000000515445/
SML-MAR-T61008800N-SIYAH-36EU,36,https://www.marksandspencer.com.tr/kadin-siyah-5-li-saf-pamuklu-bikini-kulot-seti-10000000515445/
SML-MAR-T61008800N-SIYAH-38EU,38,https://www.marksandspencer.com.tr/kadin-siyah-5-li-saf-pamuklu-bikini-kulot-seti-10000000515445/
SML-MAR-T61008800N-SIYAH-40EU,40,https://www.marksandspencer.com.tr/kadin-siyah-5-li-saf-pamuklu-bikini-kulot-seti-10000000515445/
SML-MAR-T61008800N-SIYAH-42EU,42,https://www.marksandspencer.com.tr/kadin-siyah-5-li-saf-pamuklu-bikini-kulot-seti-10000000515445/
SML-MAR-T61008800N-SIYAH-44EU,44,https://www.marksandspencer.com.tr/kadin-siyah-5-li-saf-pamuklu-bikini-kulot-seti-10000000515445/
MAR-T61004666-BEYAZ-34EU,34,https://www.marksandspencer.com.tr/kadin-beyaz-5-li-dikissiz-high-leg-kulot-seti-5645975148/
MAR-T61004666-BEYAZ-36EU,36,https://www.marksandspencer.com.tr/kadin-beyaz-5-li-dikissiz-high-leg-kulot-seti-5645975148/
MAR-T61004666-BEYAZ-38EU,38,https://www.marksandspencer.com.tr/kadin-beyaz-5-li-dikissiz-high-leg-kulot-seti-5645975148/
MAR-T61004666-BEYAZ-40EU,40,https://www.marksandspencer.com.tr/kadin-beyaz-5-li-dikissiz-high-leg-kulot-seti-5645975148/
MAR-T61004666-BEYAZ-42EU,42,https://www.marksandspencer.com.tr/kadin-beyaz-5-li-dikissiz-high-leg-kulot-seti-5645975148/
MAR-T61004666-BEYAZ-44EU,44,https://www.marksandspencer.com.tr/kadin-beyaz-5-li-dikissiz-high-leg-kulot-seti-5645975148/
MAR-T61004666-BEYAZ-46EU,46,https://www.marksandspencer.com.tr/kadin-beyaz-5-li-dikissiz-high-leg-kulot-seti-5645975148/
MAR-T81006470L-SIYAH-34EU,34,https://www.marksandspencer.com.tr/kadin-siyah-dantel-detayli-ipek-high-leg-kulot-10000000375752/
MAR-T81006470L-SIYAH-36EU,36,https://www.marksandspencer.com.tr/kadin-siyah-dantel-detayli-ipek-high-leg-kulot-10000000375752/
MAR-T81006470L-SIYAH-38EU,38,https://www.marksandspencer.com.tr/kadin-siyah-dantel-detayli-ipek-high-leg-kulot-10000000375752/
MAR-T81006470L-SIYAH-40EU,40,https://www.marksandspencer.com.tr/kadin-siyah-dantel-detayli-ipek-high-leg-kulot-10000000375752/
MAR-T81006470L-SIYAH-42EU,42,https://www.marksandspencer.com.tr/kadin-siyah-dantel-detayli-ipek-high-leg-kulot-10000000375752/
MAR-T81006470L-SIYAH-44EU,44,https://www.marksandspencer.com.tr/kadin-siyah-dantel-detayli-ipek-high-leg-kulot-10000000375752/
MAR-T61004104-1-38,38,https://www.marksandspencer.com.tr/kadin-pembe-kuvars-5-li-dikissiz-full-brief-kulot-seti-10000000127810/
MAR-T61004104-1-40,40,https://www.marksandspencer.com.tr/kadin-pembe-kuvars-5-li-dikissiz-full-brief-kulot-seti-10000000127810/
MAR-T61004104-1-42,42,https://www.marksandspencer.com.tr/kadin-pembe-kuvars-5-li-dikissiz-full-brief-kulot-seti-10000000127810/
MAR-T61004104-1-44,44,https://www.marksandspencer.com.tr/kadin-pembe-kuvars-5-li-dikissiz-full-brief-kulot-seti-10000000127810/
MAR-T61004104-1-46,46,https://www.marksandspencer.com.tr/kadin-pembe-kuvars-5-li-dikissiz-full-brief-kulot-seti-10000000127810/
MAR-T61004104-1-48,48,https://www.marksandspencer.com.tr/kadin-pembe-kuvars-5-li-dikissiz-full-brief-kulot-seti-10000000127810/
MAR-T61004104-1-50,50,https://www.marksandspencer.com.tr/kadin-pembe-kuvars-5-li-dikissiz-full-brief-kulot-seti-10000000127810/
MAR-T61005022M-1-SIYAH-42,42,https://www.marksandspencer.com.tr/kadin-pembe-kuvars-5-li-dantel-detayli-short-kulot-seti-5646516558/?integration_color=BLACK
MAR-T61005022M-1-SIYAH-44,44,https://www.marksandspencer.com.tr/kadin-pembe-kuvars-5-li-dantel-detayli-short-kulot-seti-5646516558/?integration_color=BLACK
MAR-T61005022M-1-SIYAH-46,46,https://www.marksandspencer.com.tr/kadin-pembe-kuvars-5-li-dantel-detayli-short-kulot-seti-5646516558/?integration_color=BLACK
MAR-T61005022M-1-SIYAH-48,48,https://www.marksandspencer.com.tr/kadin-pembe-kuvars-5-li-dantel-detayli-short-kulot-seti-5646516558/?integration_color=BLACK
MAR-T61005022M-1-SIYAH-50,50,https://www.marksandspencer.com.tr/kadin-pembe-kuvars-5-li-dantel-detayli-short-kulot-seti-5646516558/?integration_color=BLACK
MAR-T61004100-1-SIYAH-34,34,https://www.marksandspencer.com.tr/kadin-pembe-kuvars-5-li-dikissiz-high-leg-kulot-seti-10000000314645/?integration_color=BLACK
MAR-T61004100-1-SIYAH-36,36,https://www.marksandspencer.com.tr/kadin-pembe-kuvars-5-li-dikissiz-high-leg-kulot-seti-10000000314645/?integration_color=BLACK
MAR-T61004100-1-SIYAH-38,38,https://www.marksandspencer.com.tr/kadin-pembe-kuvars-5-li-dikissiz-high-leg-kulot-seti-10000000314645/?integration_color=BLACK
MAR-T61004100-1-SIYAH-40,40,https://www.marksandspencer.com.tr/kadin-pembe-kuvars-5-li-dikissiz-high-leg-kulot-seti-10000000314645/?integration_color=BLACK
MAR-T61004100-1-SIYAH-42,42,https://www.marksandspencer.com.tr/kadin-pembe-kuvars-5-li-dikissiz-high-leg-kulot-seti-10000000314645/?integration_color=BLACK
MAR-T61004100-1-SIYAH-44,44,https://www.marksandspencer.com.tr/kadin-pembe-kuvars-5-li-dikissiz-high-leg-kulot-seti-10000000314645/?integration_color=BLACK
MAR-T61004100-1-SIYAH-46,46,https://www.marksandspencer.com.tr/kadin-pembe-kuvars-5-li-dikissiz-high-leg-kulot-seti-10000000314645/?integration_color=BLACK
MAR-T61004100-1-SIYAH-48,48,https://www.marksandspencer.com.tr/kadin-pembe-kuvars-5-li-dikissiz-high-leg-kulot-seti-10000000314645/?integration_color=BLACK
MAR-T61004100-1-SIYAH-50,50,https://www.marksandspencer.com.tr/kadin-pembe-kuvars-5-li-dikissiz-high-leg-kulot-seti-10000000314645/?integration_color=BLACK
MAR-T61004933P-1-BEYAZ-34,34,https://www.marksandspencer.com.tr/kadin-beyaz-5-li-cotton-lycra-registered-short-kulot-seti-5645504764/
MAR-T61004933P-1-BEYAZ-36,36,https://www.marksandspencer.com.tr/kadin-beyaz-5-li-cotton-lycra-registered-short-kulot-seti-5645504764/
MAR-T61004933P-1-BEYAZ-38,38,https://www.marksandspencer.com.tr/kadin-beyaz-5-li-cotton-lycra-registered-short-kulot-seti-5645504764/
MAR-T61004933P-1-BEYAZ-40,40,https://www.marksandspencer.com.tr/kadin-beyaz-5-li-cotton-lycra-registered-short-kulot-seti-5645504764/
MAR-T61004933P-1-BEYAZ-42,42,https://www.marksandspencer.com.tr/kadin-beyaz-5-li-cotton-lycra-registered-short-kulot-seti-5645504764/
MAR-T61004933P-1-BEYAZ-44,44,https://www.marksandspencer.com.tr/kadin-beyaz-5-li-cotton-lycra-registered-short-kulot-seti-5645504764/
MAR-T61004933P-1-BEYAZ-46,46,https://www.marksandspencer.com.tr/kadin-beyaz-5-li-cotton-lycra-registered-short-kulot-seti-5645504764/
MAR-T61004936P-1-BEYAZ-34,34,https://www.marksandspencer.com.tr/kadin-siyah-5-li-cotton-lycra-registered-bikini-kulot-seti-5645504776/?integration_color=WHITE
MAR-T61004936P-1-BEYAZ-36,36,https://www.marksandspencer.com.tr/kadin-siyah-5-li-cotton-lycra-registered-bikini-kulot-seti-5645504776/?integration_color=WHITE
MAR-T61004936P-1-BEYAZ-38,38,https://www.marksandspencer.com.tr/kadin-siyah-5-li-cotton-lycra-registered-bikini-kulot-seti-5645504776/?integration_color=WHITE
MAR-T61004936P-1-BEYAZ-40,40,https://www.marksandspencer.com.tr/kadin-siyah-5-li-cotton-lycra-registered-bikini-kulot-seti-5645504776/?integration_color=WHITE
MAR-T61004936P-1-BEYAZ-42,42,https://www.marksandspencer.com.tr/kadin-siyah-5-li-cotton-lycra-registered-bikini-kulot-seti-5645504776/?integration_color=WHITE
MAR-T81006470A-1-34,34,https://www.marksandspencer.com.tr/kadin-siyah-dantel-detayli-ipek-brazilian-kulot-10000000375582/
MAR-T81006470A-1-36,36,https://www.marksandspencer.com.tr/kadin-siyah-dantel-detayli-ipek-brazilian-kulot-10000000375582/
MAR-T81006470A-1-38,38,https://www.marksandspencer.com.tr/kadin-siyah-dantel-detayli-ipek-brazilian-kulot-10000000375582/
MAR-T81006470A-1-40,40,https://www.marksandspencer.com.tr/kadin-siyah-dantel-detayli-ipek-brazilian-kulot-10000000375582/
MAR-T81006470A-1-42,42,https://www.marksandspencer.com.tr/kadin-siyah-dantel-detayli-ipek-brazilian-kulot-10000000375582/
MAR-T81006470A-1-44,44,https://www.marksandspencer.com.tr/kadin-siyah-dantel-detayli-ipek-brazilian-kulot-10000000375582/
MAR-T81006470A-1-46,46,https://www.marksandspencer.com.tr/kadin-siyah-dantel-detayli-ipek-brazilian-kulot-10000000375582/
MS-T61005760N-BEYAZ-34,34,https://www.marksandspencer.com.tr/kadin-beyaz-3-lu-amelia-dantelli-bikini-kulot-seti-10000000610041/?ins_sr=eyJwcm9kdWN0SWQiOiIxMDAwMDAwMDYxMDA0MSJ9&integration_color=WHITE
MS-T61005760N-BEYAZ-36,36,https://www.marksandspencer.com.tr/kadin-beyaz-3-lu-amelia-dantelli-bikini-kulot-seti-10000000610041/?ins_sr=eyJwcm9kdWN0SWQiOiIxMDAwMDAwMDYxMDA0MSJ9&integration_color=WHITE
MS-T61005760N-BEYAZ-38,38,https://www.marksandspencer.com.tr/kadin-beyaz-3-lu-amelia-dantelli-bikini-kulot-seti-10000000610041/?ins_sr=eyJwcm9kdWN0SWQiOiIxMDAwMDAwMDYxMDA0MSJ9&integration_color=WHITE
MS-T61005760N-BEYAZ-40,40,https://www.marksandspencer.com.tr/kadin-beyaz-3-lu-amelia-dantelli-bikini-kulot-seti-10000000610041/?ins_sr=eyJwcm9kdWN0SWQiOiIxMDAwMDAwMDYxMDA0MSJ9&integration_color=WHITE
MS-T61005760N-BEYAZ-42,42,https://www.marksandspencer.com.tr/kadin-beyaz-3-lu-amelia-dantelli-bikini-kulot-seti-10000000610041/?ins_sr=eyJwcm9kdWN0SWQiOiIxMDAwMDAwMDYxMDA0MSJ9&integration_color=WHITE
MS-T61005760N-BEYAZ-44,44,https://www.marksandspencer.com.tr/kadin-beyaz-3-lu-amelia-dantelli-bikini-kulot-seti-10000000610041/?ins_sr=eyJwcm9kdWN0SWQiOiIxMDAwMDAwMDYxMDA0MSJ9&integration_color=WHITE
MS-T61005760N-BEYAZ-46,46,https://www.marksandspencer.com.tr/kadin-beyaz-3-lu-amelia-dantelli-bikini-kulot-seti-10000000610041/?ins_sr=eyJwcm9kdWN0SWQiOiIxMDAwMDAwMDYxMDA0MSJ9&integration_color=WHITE
MS-T61005760N-BEYAZ-48,48,https://www.marksandspencer.com.tr/kadin-beyaz-3-lu-amelia-dantelli-bikini-kulot-seti-10000000610041/?ins_sr=eyJwcm9kdWN0SWQiOiIxMDAwMDAwMDYxMDA0MSJ9&integration_color=WHITE
MS-T61005760N-BEYAZ-50,50,https://www.marksandspencer.com.tr/kadin-beyaz-3-lu-amelia-dantelli-bikini-kulot-seti-10000000610041/?ins_sr=eyJwcm9kdWN0SWQiOiIxMDAwMDAwMDYxMDA0MSJ9&integration_color=WHITE
MS-T61005390L-40,40,https://www.marksandspencer.com.tr/kadin-siyah-3-lu-flexifit-trade-mark-modal-yuksek-bel-kulot-10000000884784/
MS-T61005390L-42,42,https://www.marksandspencer.com.tr/kadin-siyah-3-lu-flexifit-trade-mark-modal-yuksek-bel-kulot-10000000884784/
MS-T61005390L-44,44,https://www.marksandspencer.com.tr/kadin-siyah-3-lu-flexifit-trade-mark-modal-yuksek-bel-kulot-10000000884784/
MS-T61005390L-46,46,https://www.marksandspencer.com.tr/kadin-siyah-3-lu-flexifit-trade-mark-modal-yuksek-bel-kulot-10000000884784/
MS-T61005390L-48,48,https://www.marksandspencer.com.tr/kadin-siyah-3-lu-flexifit-trade-mark-modal-yuksek-bel-kulot-10000000884784/
MS-T61005390L-50,50,https://www.marksandspencer.com.tr/kadin-siyah-3-lu-flexifit-trade-mark-modal-yuksek-bel-kulot-10000000884784/
MS-T61005781F-BEYAZ-36,36,https://www.marksandspencer.com.tr/kadin-beyaz-3-lu-amelia-dantelli-full-brief-kulot-10000000810851/?integration_color=WHITE
MS-T61005781F-BEYAZ-38,38,https://www.marksandspencer.com.tr/kadin-beyaz-3-lu-amelia-dantelli-full-brief-kulot-10000000810851/?integration_color=WHITE
MS-T61005781F-BEYAZ-40,40,https://www.marksandspencer.com.tr/kadin-beyaz-3-lu-amelia-dantelli-full-brief-kulot-10000000810851/?integration_color=WHITE
MS-T61005781F-BEYAZ-42,42,https://www.marksandspencer.com.tr/kadin-beyaz-3-lu-amelia-dantelli-full-brief-kulot-10000000810851/?integration_color=WHITE
MS-T61005781F-BEYAZ-44,44,https://www.marksandspencer.com.tr/kadin-beyaz-3-lu-amelia-dantelli-full-brief-kulot-10000000810851/?integration_color=WHITE
MS-T61005781F-BEYAZ-46,46,https://www.marksandspencer.com.tr/kadin-beyaz-3-lu-amelia-dantelli-full-brief-kulot-10000000810851/?integration_color=WHITE
MS-T61005781F-BEYAZ-48,48,https://www.marksandspencer.com.tr/kadin-beyaz-3-lu-amelia-dantelli-full-brief-kulot-10000000810851/?integration_color=WHITE
MS-T61005781F-BEYAZ-50,50,https://www.marksandspencer.com.tr/kadin-beyaz-3-lu-amelia-dantelli-full-brief-kulot-10000000810851/?integration_color=WHITE
MS-T61005781F-BEYAZ-52,52,https://www.marksandspencer.com.tr/kadin-beyaz-3-lu-amelia-dantelli-full-brief-kulot-10000000810851/?integration_color=WHITE
MS-T61005016L-SIYAH-36,36,https://www.marksandspencer.com.tr/kadin-siyah-3-lu-body-soft-tm-high-leg-kulot-seti-10000000371128/?integration_color=BLACK
MS-T61005016L-SIYAH-38,38,https://www.marksandspencer.com.tr/kadin-siyah-3-lu-body-soft-tm-high-leg-kulot-seti-10000000371128/?integration_color=BLACK
MS-T61005016L-SIYAH-40,40,https://www.marksandspencer.com.tr/kadin-siyah-3-lu-body-soft-tm-high-leg-kulot-seti-10000000371128/?integration_color=BLACK
MS-T61005016L-SIYAH-42,42,https://www.marksandspencer.com.tr/kadin-siyah-3-lu-body-soft-tm-high-leg-kulot-seti-10000000371128/?integration_color=BLACK
MS-T61005016L-SIYAH-44,44,https://www.marksandspencer.com.tr/kadin-siyah-3-lu-body-soft-tm-high-leg-kulot-seti-10000000371128/?integration_color=BLACK
MS-T61005016L-SIYAH-46,46,https://www.marksandspencer.com.tr/kadin-siyah-3-lu-body-soft-tm-high-leg-kulot-seti-10000000371128/?integration_color=BLACK
MS-T61005016L-SIYAH-48,48,https://www.marksandspencer.com.tr/kadin-siyah-3-lu-body-soft-tm-high-leg-kulot-seti-10000000371128/?integration_color=BLACK
MS-T61005016L-SIYAH-50,50,https://www.marksandspencer.com.tr/kadin-siyah-3-lu-body-soft-tm-high-leg-kulot-seti-10000000371128/?integration_color=BLACK
MS-T61005016L-SIYAH-52,52,https://www.marksandspencer.com.tr/kadin-siyah-3-lu-body-soft-tm-high-leg-kulot-seti-10000000371128/?integration_color=BLACK
MS-T61005781F-PEMBE-34,34,https://www.marksandspencer.com.tr/kadin-pembe-3-lu-amelia-dantelli-full-brief-kulot-10000000810888/
MS-T61005781F-PEMBE-36,36,https://www.marksandspencer.com.tr/kadin-pembe-3-lu-amelia-dantelli-full-brief-kulot-10000000810888/
MS-T61005781F-PEMBE-38,38,https://www.marksandspencer.com.tr/kadin-pembe-3-lu-amelia-dantelli-full-brief-kulot-10000000810888/
MS-T61005781F-PEMBE-40,40,https://www.marksandspencer.com.tr/kadin-pembe-3-lu-amelia-dantelli-full-brief-kulot-10000000810888/
MS-T61005781F-PEMBE-42,42,https://www.marksandspencer.com.tr/kadin-pembe-3-lu-amelia-dantelli-full-brief-kulot-10000000810888/
MS-T61005781F-PEMBE-44,44,https://www.marksandspencer.com.tr/kadin-pembe-3-lu-amelia-dantelli-full-brief-kulot-10000000810888/
MS-T61005781F-PEMBE-46,46,https://www.marksandspencer.com.tr/kadin-pembe-3-lu-amelia-dantelli-full-brief-kulot-10000000810888/
MS-T61005781F-PEMBE-48,48,https://www.marksandspencer.com.tr/kadin-pembe-3-lu-amelia-dantelli-full-brief-kulot-10000000810888/
MS-T61005781F-PEMBE-50,50,https://www.marksandspencer.com.tr/kadin-pembe-3-lu-amelia-dantelli-full-brief-kulot-10000000810888/
MS-T61005781F-PEMBE-52,52,https://www.marksandspencer.com.tr/kadin-pembe-3-lu-amelia-dantelli-full-brief-kulot-10000000810888/
MS-T61005390S-BEJ-52,52,https://www.marksandspencer.com.tr/kadin-bej-3-lu-flexifit-tm-modal-dusuk-bel-kulot-seti-10000000884767/
MS-T61005390S-BEJ-50,50,https://www.marksandspencer.com.tr/kadin-bej-3-lu-flexifit-tm-modal-dusuk-bel-kulot-seti-10000000884767/
MS-T61005390S-BEJ-48,48,https://www.marksandspencer.com.tr/kadin-bej-3-lu-flexifit-tm-modal-dusuk-bel-kulot-seti-10000000884767/
MS-T61005390S-BEJ-46,46,https://www.marksandspencer.com.tr/kadin-bej-3-lu-flexifit-tm-modal-dusuk-bel-kulot-seti-10000000884767/
MS-T61005390S-BEJ-44,44,https://www.marksandspencer.com.tr/kadin-bej-3-lu-flexifit-tm-modal-dusuk-bel-kulot-seti-10000000884767/
MS-T61005390S-BEJ-42,42,https://www.marksandspencer.com.tr/kadin-bej-3-lu-flexifit-tm-modal-dusuk-bel-kulot-seti-10000000884767/
MS-T61005390S-BEJ-40,40,https://www.marksandspencer.com.tr/kadin-bej-3-lu-flexifit-tm-modal-dusuk-bel-kulot-seti-10000000884767/
MS-T61005390S-BEJ-38,38,https://www.marksandspencer.com.tr/kadin-bej-3-lu-flexifit-tm-modal-dusuk-bel-kulot-seti-10000000884767/
MS-T61005390S-BEJ-36,36,https://www.marksandspencer.com.tr/kadin-bej-3-lu-flexifit-tm-modal-dusuk-bel-kulot-seti-10000000884767/
MS-T61005390S-BEJ-34,34,https://www.marksandspencer.com.tr/kadin-bej-3-lu-flexifit-tm-modal-dusuk-bel-kulot-seti-10000000884767/
MS-T61005184B-BEYAZ-50,50,https://www.marksandspencer.com.tr/kadin-beyaz-5-li-dantel-detayli-brazilian-kulot-seti-10000000885067/?integration_color=WHITE+MIX
MS-T61005184B-BEYAZ-48,48,https://www.marksandspencer.com.tr/kadin-beyaz-5-li-dantel-detayli-brazilian-kulot-seti-10000000885067/?integration_color=WHITE+MIX
MS-T61005184B-BEYAZ-46,46,https://www.marksandspencer.com.tr/kadin-beyaz-5-li-dantel-detayli-brazilian-kulot-seti-10000000885067/?integration_color=WHITE+MIX
MS-T61005184B-BEYAZ-44,44,https://www.marksandspencer.com.tr/kadin-beyaz-5-li-dantel-detayli-brazilian-kulot-seti-10000000885067/?integration_color=WHITE+MIX
MS-T61005184B-BEYAZ-42,42,https://www.marksandspencer.com.tr/kadin-beyaz-5-li-dantel-detayli-brazilian-kulot-seti-10000000885067/?integration_color=WHITE+MIX
MS-T61005184B-BEYAZ-40,40,https://www.marksandspencer.com.tr/kadin-beyaz-5-li-dantel-detayli-brazilian-kulot-seti-10000000885067/?integration_color=WHITE+MIX
MS-T61005184B-BEYAZ-38,38,https://www.marksandspencer.com.tr/kadin-beyaz-5-li-dantel-detayli-brazilian-kulot-seti-10000000885067/?integration_color=WHITE+MIX
MS-T61005184B-BEYAZ-36,36,https://www.marksandspencer.com.tr/kadin-beyaz-5-li-dantel-detayli-brazilian-kulot-seti-10000000885067/?integration_color=WHITE+MIX
MS-T61005184B-BEYAZ-34,34,https://www.marksandspencer.com.tr/kadin-beyaz-5-li-dantel-detayli-brazilian-kulot-seti-10000000885067/?integration_color=WHITE+MIX
MS-T81006476A-46,46,https://www.marksandspencer.com.tr/kadin-yesil-kalina-ipek-ve-dantel-brazilian-kulot-10000000888285/
MS-T81006476A-44,44,https://www.marksandspencer.com.tr/kadin-yesil-kalina-ipek-ve-dantel-brazilian-kulot-10000000888285/
MS-T81006476A-42,42,https://www.marksandspencer.com.tr/kadin-yesil-kalina-ipek-ve-dantel-brazilian-kulot-10000000888285/
MS-T81006476A-40,40,https://www.marksandspencer.com.tr/kadin-yesil-kalina-ipek-ve-dantel-brazilian-kulot-10000000888285/
MS-T81006476A-38,38,https://www.marksandspencer.com.tr/kadin-yesil-kalina-ipek-ve-dantel-brazilian-kulot-10000000888285/
MS-T81006476A-36,36,https://www.marksandspencer.com.tr/kadin-yesil-kalina-ipek-ve-dantel-brazilian-kulot-10000000888285/
MS-T81006476A-34,34,https://www.marksandspencer.com.tr/kadin-yesil-kalina-ipek-ve-dantel-brazilian-kulot-10000000888285/
MS-T61005184S-BEYAZ-34,34,https://www.marksandspencer.com.tr/kadin-beyaz-5-li-dantel-detayli-short-kulot-seti-10000000884310/
MS-T61005184S-BEYAZ-36,36,https://www.marksandspencer.com.tr/kadin-beyaz-5-li-dantel-detayli-short-kulot-seti-10000000884310/
MS-T61005184S-BEYAZ-38,38,https://www.marksandspencer.com.tr/kadin-beyaz-5-li-dantel-detayli-short-kulot-seti-10000000884310/
MS-T61005184S-BEYAZ-40,40,https://www.marksandspencer.com.tr/kadin-beyaz-5-li-dantel-detayli-short-kulot-seti-10000000884310/
MS-T61005184S-BEYAZ-42,42,https://www.marksandspencer.com.tr/kadin-beyaz-5-li-dantel-detayli-short-kulot-seti-10000000884310/
MS-T61005184S-BEYAZ-44,44,https://www.marksandspencer.com.tr/kadin-beyaz-5-li-dantel-detayli-short-kulot-seti-10000000884310/
MS-T61005184S-BEYAZ-46,46,https://www.marksandspencer.com.tr/kadin-beyaz-5-li-dantel-detayli-short-kulot-seti-10000000884310/
MS-T61005184S-BEYAZ-48,48,https://www.marksandspencer.com.tr/kadin-beyaz-5-li-dantel-detayli-short-kulot-seti-10000000884310/
MS-T61005184S-BEYAZ-50,50,https://www.marksandspencer.com.tr/kadin-beyaz-5-li-dantel-detayli-short-kulot-seti-10000000884310/
MS-T61005184S-BEYAZ-52,52,https://www.marksandspencer.com.tr/kadin-beyaz-5-li-dantel-detayli-short-kulot-seti-10000000884310/
MS-T61004910B-BEJ-34,34,https://www.marksandspencer.com.tr/kadin-bej-3lu-dantel-detayli-brazilian-kulot-10000001023107/
MS-T61004910B-BEJ-36,36,https://www.marksandspencer.com.tr/kadin-bej-3lu-dantel-detayli-brazilian-kulot-10000001023107/
MS-T61004910B-BEJ-38,38,https://www.marksandspencer.com.tr/kadin-bej-3lu-dantel-detayli-brazilian-kulot-10000001023107/
MS-T61004910B-BEJ-40,40,https://www.marksandspencer.com.tr/kadin-bej-3lu-dantel-detayli-brazilian-kulot-10000001023107/
MS-T61004910B-BEJ-42,42,https://www.marksandspencer.com.tr/kadin-bej-3lu-dantel-detayli-brazilian-kulot-10000001023107/
MS-T61004910B-BEJ-44,44,https://www.marksandspencer.com.tr/kadin-bej-3lu-dantel-detayli-brazilian-kulot-10000001023107/
MS-T61004910B-BEJ-46,46,https://www.marksandspencer.com.tr/kadin-bej-3lu-dantel-detayli-brazilian-kulot-10000001023107/
MS-T61004910B-BEJ-48,48,https://www.marksandspencer.com.tr/kadin-bej-3lu-dantel-detayli-brazilian-kulot-10000001023107/
MS-T61004910B-BEJ-50,50,https://www.marksandspencer.com.tr/kadin-bej-3lu-dantel-detayli-brazilian-kulot-10000001023107/
MS-T61004910B-BEJ-52,52,https://www.marksandspencer.com.tr/kadin-bej-3lu-dantel-detayli-brazilian-kulot-10000001023107/
MS-T61005015B-BEJ-34,34,https://www.marksandspencer.com.tr/kadin-pembe-3-lu-body-soft-tm-brazilian-yuksek-bel-kulot-seti-10000000550055/
MS-T61005015B-BEJ-36,36,https://www.marksandspencer.com.tr/kadin-pembe-3-lu-body-soft-tm-brazilian-yuksek-bel-kulot-seti-10000000550055/
MS-T61005015B-BEJ-38,38,https://www.marksandspencer.com.tr/kadin-pembe-3-lu-body-soft-tm-brazilian-yuksek-bel-kulot-seti-10000000550055/
MS-T61005015B-BEJ-40,40,https://www.marksandspencer.com.tr/kadin-pembe-3-lu-body-soft-tm-brazilian-yuksek-bel-kulot-seti-10000000550055/
MS-T61005015B-BEJ-42,42,https://www.marksandspencer.com.tr/kadin-pembe-3-lu-body-soft-tm-brazilian-yuksek-bel-kulot-seti-10000000550055/
MS-T61004113E-SIYAH-34,34,https://www.marksandspencer.com.tr/kadin-siyah-5li-microfibre-yuksek-bel-sort-kulot-seti-10000001123149/
MS-T61004113E-SIYAH-36,36,https://www.marksandspencer.com.tr/kadin-siyah-5li-microfibre-yuksek-bel-sort-kulot-seti-10000001123149/
MS-T61004113E-SIYAH-38,38,https://www.marksandspencer.com.tr/kadin-siyah-5li-microfibre-yuksek-bel-sort-kulot-seti-10000001123149/
MS-T61004113E-SIYAH-40,40,https://www.marksandspencer.com.tr/kadin-siyah-5li-microfibre-yuksek-bel-sort-kulot-seti-10000001123149/
MS-T61004113E-SIYAH-42,42,https://www.marksandspencer.com.tr/kadin-siyah-5li-microfibre-yuksek-bel-sort-kulot-seti-10000001123149/
MS-T61004113E-SIYAH-44,44,https://www.marksandspencer.com.tr/kadin-siyah-5li-microfibre-yuksek-bel-sort-kulot-seti-10000001123149/
MS-T61004113E-SIYAH-46,46,https://www.marksandspencer.com.tr/kadin-siyah-5li-microfibre-yuksek-bel-sort-kulot-seti-10000001123149/
MS-T61004113E-SIYAH-48,48,https://www.marksandspencer.com.tr/kadin-siyah-5li-microfibre-yuksek-bel-sort-kulot-seti-10000001123149/
MS-T61004113E-SIYAH-50,50,https://www.marksandspencer.com.tr/kadin-siyah-5li-microfibre-yuksek-bel-sort-kulot-seti-10000001123149/
MS-T61004113E-SIYAH-52,52,https://www.marksandspencer.com.tr/kadin-siyah-5li-microfibre-yuksek-bel-sort-kulot-seti-10000001123149/
MS-T38005113-LACIVERT-34,34,https://www.marksandspencer.com.tr/kadin-lacivert-bisiklet-yaka-dugmeli-hirka-10000000806263/?integration_color=NAVY
MS-T38005113-LACIVERT-36,36,https://www.marksandspencer.com.tr/kadin-lacivert-bisiklet-yaka-dugmeli-hirka-10000000806263/?integration_color=NAVY
MS-T38005113-LACIVERT-38,38,https://www.marksandspencer.com.tr/kadin-lacivert-bisiklet-yaka-dugmeli-hirka-10000000806263/?integration_color=NAVY
MS-T38005113-LACIVERT-40,40,https://www.marksandspencer.com.tr/kadin-lacivert-bisiklet-yaka-dugmeli-hirka-10000000806263/?integration_color=NAVY
MS-T38005113-LACIVERT-42,42,https://www.marksandspencer.com.tr/kadin-lacivert-bisiklet-yaka-dugmeli-hirka-10000000806263/?integration_color=NAVY
MS-T38005113-LACIVERT-44,44,https://www.marksandspencer.com.tr/kadin-lacivert-bisiklet-yaka-dugmeli-hirka-10000000806263/?integration_color=NAVY
MS-T38005113-LACIVERT-46,46,https://www.marksandspencer.com.tr/kadin-lacivert-bisiklet-yaka-dugmeli-hirka-10000000806263/?integration_color=NAVY
MS-T38005113-LACIVERT-48,48,https://www.marksandspencer.com.tr/kadin-lacivert-bisiklet-yaka-dugmeli-hirka-10000000806263/?integration_color=NAVY
MS-T38005113-LACIVERT-50,50,https://www.marksandspencer.com.tr/kadin-lacivert-bisiklet-yaka-dugmeli-hirka-10000000806263/?integration_color=NAVY
MS-T14005333A-SIYAH-S,S,https://www.marksandspencer.com.tr/erkek-siyah-5li-pamuk-karisimli-boxer-10000001109140
MS-T14005333A-SIYAH-M,M,https://www.marksandspencer.com.tr/erkek-siyah-5li-pamuk-karisimli-boxer-10000001109140
MS-T14005333A-SIYAH-L,L,https://www.marksandspencer.com.tr/erkek-siyah-5li-pamuk-karisimli-boxer-10000001109140
MS-T14005333A-SIYAH-XL,XL,https://www.marksandspencer.com.tr/erkek-siyah-5li-pamuk-karisimli-boxer-10000001109140
MS-T14005333A-SIYAH-XXL,XXL,https://www.marksandspencer.com.tr/erkek-siyah-5li-pamuk-karisimli-boxer-10000001109140
MS-T14003912-MAVI-S,S,https://www.marksandspencer.com.tr/erkek-mavi-5li-saf-pamuk-boxer-10000001142057
MS-T14003912-MAVI-M,M,https://www.marksandspencer.com.tr/erkek-mavi-5li-saf-pamuk-boxer-10000001142057
MS-T14003912-MAVI-L,L,https://www.marksandspencer.com.tr/erkek-mavi-5li-saf-pamuk-boxer-10000001142057
MS-T14003912-MAVI-XL,XL,https://www.marksandspencer.com.tr/erkek-mavi-5li-saf-pamuk-boxer-10000001142057
MS-T14003912-MAVI-XXL,XXL,https://www.marksandspencer.com.tr/erkek-mavi-5li-saf-pamuk-boxer-10000001142057
MS-T14005338A-SIYAH-S,S,https://www.marksandspencer.com.tr/erkek-siyah-mix-5-li-microskin-geometrik-strec-trunk-seti-10000001109331
MS-T14005338A-SIYAH-M,M,https://www.marksandspencer.com.tr/erkek-siyah-mix-5-li-microskin-geometrik-strec-trunk-seti-10000001109331
MS-T14005338A-SIYAH-L,L,https://www.marksandspencer.com.tr/erkek-siyah-mix-5-li-microskin-geometrik-strec-trunk-seti-10000001109331
MS-T14005338A-SIYAH-XL,XL,https://www.marksandspencer.com.tr/erkek-siyah-mix-5-li-microskin-geometrik-strec-trunk-seti-10000001109331
MS-T14005338A-SIYAH-XXL,XXL,https://www.marksandspencer.com.tr/erkek-siyah-mix-5-li-microskin-geometrik-strec-trunk-seti-10000001109331
MS-T14004820S-LACIVERT-S,S,https://www.marksandspencer.com.tr/erkek-lacivert-5-li-pamuklu-strec-cool-fresh-trade-mark-geometrik-trunk-seti-10000001109155
MS-T14004820S-LACIVERT-M,M,https://www.marksandspencer.com.tr/erkek-lacivert-5-li-pamuklu-strec-cool-fresh-trade-mark-geometrik-trunk-seti-10000001109155
MS-T14004820S-LACIVERT-L,L,https://www.marksandspencer.com.tr/erkek-lacivert-5-li-pamuklu-strec-cool-fresh-trade-mark-geometrik-trunk-seti-10000001109155
MS-T14004820S-LACIVERT-XL,XL,https://www.marksandspencer.com.tr/erkek-lacivert-5-li-pamuklu-strec-cool-fresh-trade-mark-geometrik-trunk-seti-10000001109155
MS-T14004820S-LACIVERT-XXL,XXL,https://www.marksandspencer.com.tr/erkek-lacivert-5-li-pamuklu-strec-cool-fresh-trade-mark-geometrik-trunk-seti-10000001109155
MS-T14007022D-BEYAZ-S,S,https://www.marksandspencer.com.tr/erkek-beyaz-3lu-saf-pamuklu-staynew-yuksek-bel-briefs-5645658779
MS-T14007022D-BEYAZ-M,M,https://www.marksandspencer.com.tr/erkek-beyaz-3lu-saf-pamuklu-staynew-yuksek-bel-briefs-5645658779
MS-T14007022D-BEYAZ-L,L,https://www.marksandspencer.com.tr/erkek-beyaz-3lu-saf-pamuklu-staynew-yuksek-bel-briefs-5645658779
MS-T14007022D-BEYAZ-XL,XL,https://www.marksandspencer.com.tr/erkek-beyaz-3lu-saf-pamuklu-staynew-yuksek-bel-briefs-5645658779
MS-T14007022D-BEYAZ-XXL,XXL,https://www.marksandspencer.com.tr/erkek-beyaz-3lu-saf-pamuklu-staynew-yuksek-bel-briefs-5645658779
MS-T14005386A-SIYAH-S,S,https://www.marksandspencer.com.tr/erkek-siyah-5li-pamuklu-stretch-cool-fresh-boxer-10000001109341
MS-T14005386A-SIYAH-M,M,https://www.marksandspencer.com.tr/erkek-siyah-5li-pamuklu-stretch-cool-fresh-boxer-10000001109341
MS-T14005386A-SIYAH-L,L,https://www.marksandspencer.com.tr/erkek-siyah-5li-pamuklu-stretch-cool-fresh-boxer-10000001109341
MS-T14005386A-SIYAH-XL,XL,https://www.marksandspencer.com.tr/erkek-siyah-5li-pamuklu-stretch-cool-fresh-boxer-10000001109341
MS-T14005386A-SIYAH-XXL,XXL,https://www.marksandspencer.com.tr/erkek-siyah-5li-pamuklu-stretch-cool-fresh-boxer-10000001109341
MS-T61005104X-MAVI-TURK-34,34,https://www.marksandspencer.com.tr/kadin-yesil-5-li-cotton-lycra-short-kulot-seti-10000001439780/
MS-T61005104X-MAVI-TURK-36,36,https://www.marksandspencer.com.tr/kadin-yesil-5-li-cotton-lycra-short-kulot-seti-10000001439780/
MS-T61005104X-MAVI-TURK-38,38,https://www.marksandspencer.com.tr/kadin-yesil-5-li-cotton-lycra-short-kulot-seti-10000001439780/
MS-T61005104X-MAVI-TURK-40,40,https://www.marksandspencer.com.tr/kadin-yesil-5-li-cotton-lycra-short-kulot-seti-10000001439780/
MS-T61005104X-MAVI-TURK-42,42,https://www.marksandspencer.com.tr/kadin-yesil-5-li-cotton-lycra-short-kulot-seti-10000001439780/
MS-T61005104X-MAVI-TURK-44,44,https://www.marksandspencer.com.tr/kadin-yesil-5-li-cotton-lycra-short-kulot-seti-10000001439780/
MS-T61005104X-MAVI-TURK-46,46,https://www.marksandspencer.com.tr/kadin-yesil-5-li-cotton-lycra-short-kulot-seti-10000001439780/
MS-T61005104X-MAVI-TURK-48,48,https://www.marksandspencer.com.tr/kadin-yesil-5-li-cotton-lycra-short-kulot-seti-10000001439780/
MS-T61005104X-MAVI-TURK-50,50,https://www.marksandspencer.com.tr/kadin-yesil-5-li-cotton-lycra-short-kulot-seti-10000001439780/
MS-T61005104X-MAVI-TURK-52,52,https://www.marksandspencer.com.tr/kadin-yesil-5-li-cotton-lycra-short-kulot-seti-10000001439780/
MS-T61005105X-YESIL-TURQ-34,34,https://www.marksandspencer.com.tr/kadin-yesil-5-li-cotton-lycra-r-full-brief-kulot-seti-10000001439593/
MS-T61005105X-YESIL-TURQ-36,36,https://www.marksandspencer.com.tr/kadin-yesil-5-li-cotton-lycra-r-full-brief-kulot-seti-10000001439593/
MS-T61005105X-YESIL-TURQ-38,38,https://www.marksandspencer.com.tr/kadin-yesil-5-li-cotton-lycra-r-full-brief-kulot-seti-10000001439593/
MS-T61005105X-YESIL-TURQ-40,40,https://www.marksandspencer.com.tr/kadin-yesil-5-li-cotton-lycra-r-full-brief-kulot-seti-10000001439593/
MS-T61005105X-YESIL-TURQ-42,42,https://www.marksandspencer.com.tr/kadin-yesil-5-li-cotton-lycra-r-full-brief-kulot-seti-10000001439593/
MS-T61005105X-YESIL-TURQ-44,44,https://www.marksandspencer.com.tr/kadin-yesil-5-li-cotton-lycra-r-full-brief-kulot-seti-10000001439593/
MS-T61005105X-YESIL-TURQ-46,46,https://www.marksandspencer.com.tr/kadin-yesil-5-li-cotton-lycra-r-full-brief-kulot-seti-10000001439593/
MS-T61005105X-YESIL-TURQ-48,48,https://www.marksandspencer.com.tr/kadin-yesil-5-li-cotton-lycra-r-full-brief-kulot-seti-10000001439593/
MS-T61005105X-YESIL-TURQ-50,50,https://www.marksandspencer.com.tr/kadin-yesil-5-li-cotton-lycra-r-full-brief-kulot-seti-10000001439593/
MS-T61005105X-YESIL-TURQ-52,52,https://www.marksandspencer.com.tr/kadin-yesil-5-li-cotton-lycra-r-full-brief-kulot-seti-10000001439593/
MS-T81005067L-LACIVERT-34,34,https://www.marksandspencer.com.tr/kadin-lacivert-monaco-nakis-detayli-tanga-10000001127309/
MS-T81005067L-LACIVERT-36,36,https://www.marksandspencer.com.tr/kadin-lacivert-monaco-nakis-detayli-tanga-10000001127309/
MS-T81005067L-LACIVERT-38,38,https://www.marksandspencer.com.tr/kadin-lacivert-monaco-nakis-detayli-tanga-10000001127309/
MS-T81005067L-LACIVERT-40,40,https://www.marksandspencer.com.tr/kadin-lacivert-monaco-nakis-detayli-tanga-10000001127309/
MS-T81005067L-LACIVERT-42,42,https://www.marksandspencer.com.tr/kadin-lacivert-monaco-nakis-detayli-tanga-10000001127309/
MS-T81005067L-LACIVERT-44,44,https://www.marksandspencer.com.tr/kadin-lacivert-monaco-nakis-detayli-tanga-10000001127309/
MS-T81005067L-LACIVERT-46,46,https://www.marksandspencer.com.tr/kadin-lacivert-monaco-nakis-detayli-tanga-10000001127309/
MS-T81005067L-LACIVERT-48,48,https://www.marksandspencer.com.tr/kadin-lacivert-monaco-nakis-detayli-tanga-10000001127309/
MS-T81005067L-LACIVERT-50,50,https://www.marksandspencer.com.tr/kadin-lacivert-monaco-nakis-detayli-tanga-10000001127309/
MS-T81005067L-LACIVERT-52,52,https://www.marksandspencer.com.tr/kadin-lacivert-monaco-nakis-detayli-tanga-10000001127309/
MS-T61004673P-KAHVE-34,34,https://www.marksandspencer.com.tr/kadin-kahverengi-3-lu-dantel-detayli-brazilian-kulot-seti-10000001123158/
MS-T61004673P-KAHVE-36,36,https://www.marksandspencer.com.tr/kadin-kahverengi-3-lu-dantel-detayli-brazilian-kulot-seti-10000001123158/
MS-T61004673P-KAHVE-38,38,https://www.marksandspencer.com.tr/kadin-kahverengi-3-lu-dantel-detayli-brazilian-kulot-seti-10000001123158/
MS-T61004673P-KAHVE-40,40,https://www.marksandspencer.com.tr/kadin-kahverengi-3-lu-dantel-detayli-brazilian-kulot-seti-10000001123158/
MS-T61004673P-KAHVE-42,42,https://www.marksandspencer.com.tr/kadin-kahverengi-3-lu-dantel-detayli-brazilian-kulot-seti-10000001123158/
MS-T61004673P-KAHVE-44,44,https://www.marksandspencer.com.tr/kadin-kahverengi-3-lu-dantel-detayli-brazilian-kulot-seti-10000001123158/
MS-T61004673P-KAHVE-46,46,https://www.marksandspencer.com.tr/kadin-kahverengi-3-lu-dantel-detayli-brazilian-kulot-seti-10000001123158/
MS-T61004673P-KAHVE-48,48,https://www.marksandspencer.com.tr/kadin-kahverengi-3-lu-dantel-detayli-brazilian-kulot-seti-10000001123158/
MS-T61004673P-KAHVE-50,50,https://www.marksandspencer.com.tr/kadin-kahverengi-3-lu-dantel-detayli-brazilian-kulot-seti-10000001123158/
MS-T61005102X-MOR-MAVI-34,34,https://www.marksandspencer.com.tr/kadin-mor-5-li-cotton-lycra-r-short-kulot-seti-10000001148682/
MS-T61005102X-MOR-MAVI-36,36,https://www.marksandspencer.com.tr/kadin-mor-5-li-cotton-lycra-r-short-kulot-seti-10000001148682/
MS-T61005102X-MOR-MAVI-38,38,https://www.marksandspencer.com.tr/kadin-mor-5-li-cotton-lycra-r-short-kulot-seti-10000001148682/
MS-T61005102X-MOR-MAVI-40,40,https://www.marksandspencer.com.tr/kadin-mor-5-li-cotton-lycra-r-short-kulot-seti-10000001148682/
MS-T61005102X-MOR-MAVI-42,42,https://www.marksandspencer.com.tr/kadin-mor-5-li-cotton-lycra-r-short-kulot-seti-10000001148682/
MS-T61005102X-MOR-MAVI-44,44,https://www.marksandspencer.com.tr/kadin-mor-5-li-cotton-lycra-r-short-kulot-seti-10000001148682/
MS-T61005102X-MOR-MAVI-46,46,https://www.marksandspencer.com.tr/kadin-mor-5-li-cotton-lycra-r-short-kulot-seti-10000001148682/
MS-T61005102X-MOR-MAVI-48,48,https://www.marksandspencer.com.tr/kadin-mor-5-li-cotton-lycra-r-short-kulot-seti-10000001148682/
MS-T61005102X-MOR-MAVI-50,50,https://www.marksandspencer.com.tr/kadin-mor-5-li-cotton-lycra-r-short-kulot-seti-10000001148682/
MS-T61005102X-MOR-MAVI-52,52,https://www.marksandspencer.com.tr/kadin-mor-5-li-cotton-lycra-r-short-kulot-seti-10000001148682/
MS-T61005102X-ACIK-PEMBE-34,34,https://www.marksandspencer.com.tr/kadin-pembe-5-li-cotton-lycra-r-short-kulot-seti-10000001148527/
MS-T61005102X-ACIK-PEMBE-36,36,https://www.marksandspencer.com.tr/kadin-pembe-5-li-cotton-lycra-r-short-kulot-seti-10000001148527/
MS-T61005102X-ACIK-PEMBE-38,38,https://www.marksandspencer.com.tr/kadin-pembe-5-li-cotton-lycra-r-short-kulot-seti-10000001148527/
MS-T61005102X-ACIK-PEMBE-40,40,https://www.marksandspencer.com.tr/kadin-pembe-5-li-cotton-lycra-r-short-kulot-seti-10000001148527/
MS-T61005102X-ACIK-PEMBE-42,42,https://www.marksandspencer.com.tr/kadin-pembe-5-li-cotton-lycra-r-short-kulot-seti-10000001148527/
MS-T61005102X-ACIK-PEMBE-44,44,https://www.marksandspencer.com.tr/kadin-pembe-5-li-cotton-lycra-r-short-kulot-seti-10000001148527/
MS-T61005102X-ACIK-PEMBE-46,46,https://www.marksandspencer.com.tr/kadin-pembe-5-li-cotton-lycra-r-short-kulot-seti-10000001148527/
MS-T61005102X-ACIK-PEMBE-48,48,https://www.marksandspencer.com.tr/kadin-pembe-5-li-cotton-lycra-r-short-kulot-seti-10000001148527/
MS-T61005102X-ACIK-PEMBE-50,50,https://www.marksandspencer.com.tr/kadin-pembe-5-li-cotton-lycra-r-short-kulot-seti-10000001148527/
MS-T61005102X-ACIK-PEMBE-52,52,https://www.marksandspencer.com.tr/kadin-pembe-5-li-cotton-lycra-r-short-kulot-seti-10000001148527/
SML-MS-T61006909H-PEMBE-XS,XS,https://www.marksandspencer.com.tr/kadin-pembe-desenli-tanga-10000001177958/
SML-MS-T61006909H-PEMBE-S,S,https://www.marksandspencer.com.tr/kadin-pembe-desenli-tanga-10000001177958/
SML-MS-T61006909H-PEMBE-M,M,https://www.marksandspencer.com.tr/kadin-pembe-desenli-tanga-10000001177958/
SML-MS-T61006909H-PEMBE-L,L,https://www.marksandspencer.com.tr/kadin-pembe-desenli-tanga-10000001177958/
SML-MS-T61006909H-PEMBE-XL,XL,https://www.marksandspencer.com.tr/kadin-pembe-desenli-tanga-10000001177958/
MS-T61005100X-PEMBE-ACIK-34,34,https://www.marksandspencer.com.tr/kadin-pembe-5-li-cotton-lycra-r-brazilian-kulot-seti-10000001148592/
MS-T61005100X-PEMBE-ACIK-36,36,https://www.marksandspencer.com.tr/kadin-pembe-5-li-cotton-lycra-r-brazilian-kulot-seti-10000001148592/
MS-T61005100X-PEMBE-ACIK-38,38,https://www.marksandspencer.com.tr/kadin-pembe-5-li-cotton-lycra-r-brazilian-kulot-seti-10000001148592/
MS-T61005100X-PEMBE-ACIK-40,40,https://www.marksandspencer.com.tr/kadin-pembe-5-li-cotton-lycra-r-brazilian-kulot-seti-10000001148592/
MS-T61005100X-PEMBE-ACIK-42,42,https://www.marksandspencer.com.tr/kadin-pembe-5-li-cotton-lycra-r-brazilian-kulot-seti-10000001148592/
MS-T61005100X-PEMBE-ACIK-44,44,https://www.marksandspencer.com.tr/kadin-pembe-5-li-cotton-lycra-r-brazilian-kulot-seti-10000001148592/
MS-T61005100X-PEMBE-ACIK-46,46,https://www.marksandspencer.com.tr/kadin-pembe-5-li-cotton-lycra-r-brazilian-kulot-seti-10000001148592/
MS-T61005100X-PEMBE-ACIK-48,48,https://www.marksandspencer.com.tr/kadin-pembe-5-li-cotton-lycra-r-brazilian-kulot-seti-10000001148592/
MS-T61005100X-PEMBE-ACIK-50,50,https://www.marksandspencer.com.tr/kadin-pembe-5-li-cotton-lycra-r-brazilian-kulot-seti-10000001148592/
MS-T61005100X-PEMBE-ACIK-52,52,https://www.marksandspencer.com.tr/kadin-pembe-5-li-cotton-lycra-r-brazilian-kulot-seti-10000001148592/
MS-T61005015N-PEMBE-34,34,https://www.marksandspencer.com.tr/kadin-pembe-3-lu-body-soft-tm-bikini-kulot-seti-10000000578820/
MS-T61005015N-PEMBE-36,36,https://www.marksandspencer.com.tr/kadin-pembe-3-lu-body-soft-tm-bikini-kulot-seti-10000000578820/
MS-T61005015N-PEMBE-38,38,https://www.marksandspencer.com.tr/kadin-pembe-3-lu-body-soft-tm-bikini-kulot-seti-10000000578820/
MS-T61005015N-PEMBE-40,40,https://www.marksandspencer.com.tr/kadin-pembe-3-lu-body-soft-tm-bikini-kulot-seti-10000000578820/
MS-T61005015N-PEMBE-42,42,https://www.marksandspencer.com.tr/kadin-pembe-3-lu-body-soft-tm-bikini-kulot-seti-10000000578820/
MS-T61005015N-PEMBE-44,44,https://www.marksandspencer.com.tr/kadin-pembe-3-lu-body-soft-tm-bikini-kulot-seti-10000000578820/
MS-T61005015N-PEMBE-46,46,https://www.marksandspencer.com.tr/kadin-pembe-3-lu-body-soft-tm-bikini-kulot-seti-10000000578820/
MS-T61005015N-PEMBE-48,48,https://www.marksandspencer.com.tr/kadin-pembe-3-lu-body-soft-tm-bikini-kulot-seti-10000000578820/
MS-T61005015N-PEMBE-50,50,https://www.marksandspencer.com.tr/kadin-pembe-3-lu-body-soft-tm-bikini-kulot-seti-10000000578820/
MS-T61005015N-PEMBE-52,52,https://www.marksandspencer.com.tr/kadin-pembe-3-lu-body-soft-tm-bikini-kulot-seti-10000000578820/
MS-T61005184S-BEYAZ-34,34,https://www.marksandspencer.com.tr/kadin-beyaz-5-li-dantel-detayli-short-kulot-seti-10000000884311/
MS-T61005184S-BEYAZ-36,36,https://www.marksandspencer.com.tr/kadin-beyaz-5-li-dantel-detayli-short-kulot-seti-10000000884311/
MS-T61005184S-BEYAZ-38,38,https://www.marksandspencer.com.tr/kadin-beyaz-5-li-dantel-detayli-short-kulot-seti-10000000884311/
MS-T61005184S-BEYAZ-40,40,https://www.marksandspencer.com.tr/kadin-beyaz-5-li-dantel-detayli-short-kulot-seti-10000000884311/
MS-T61005184S-BEYAZ-42,42,https://www.marksandspencer.com.tr/kadin-beyaz-5-li-dantel-detayli-short-kulot-seti-10000000884311/
MS-T61005184S-BEYAZ-44,44,https://www.marksandspencer.com.tr/kadin-beyaz-5-li-dantel-detayli-short-kulot-seti-10000000884311/
MS-T61005184S-BEYAZ-46,46,https://www.marksandspencer.com.tr/kadin-beyaz-5-li-dantel-detayli-short-kulot-seti-10000000884311/
MS-T61005184S-BEYAZ-48,48,https://www.marksandspencer.com.tr/kadin-beyaz-5-li-dantel-detayli-short-kulot-seti-10000000884311/
MS-T61005184S-BEYAZ-50,50,https://www.marksandspencer.com.tr/kadin-beyaz-5-li-dantel-detayli-short-kulot-seti-10000000884311/
MS-T61005184S-BEYAZ-52,52,https://www.marksandspencer.com.tr/kadin-beyaz-5-li-dantel-detayli-short-kulot-seti-10000000884311/
MS-T61004054E-BEJ-34,34,https://www.marksandspencer.com.tr/kadin-bej-3-lu-dikissiz-yuksek-bel-slip-kulot-10000000984287/
MS-T61004054E-BEJ-36,36,https://www.marksandspencer.com.tr/kadin-bej-3-lu-dikissiz-yuksek-bel-slip-kulot-10000000984287/
MS-T61004054E-BEJ-38,38,https://www.marksandspencer.com.tr/kadin-bej-3-lu-dikissiz-yuksek-bel-slip-kulot-10000000984287/
MS-T61004054E-BEJ-40,40,https://www.marksandspencer.com.tr/kadin-bej-3-lu-dikissiz-yuksek-bel-slip-kulot-10000000984287/
MS-T61004054E-BEJ-42,42,https://www.marksandspencer.com.tr/kadin-bej-3-lu-dikissiz-yuksek-bel-slip-kulot-10000000984287/
MS-T61004054E-BEJ-44,44,https://www.marksandspencer.com.tr/kadin-bej-3-lu-dikissiz-yuksek-bel-slip-kulot-10000000984287/
MS-T61004054E-BEJ-46,46,https://www.marksandspencer.com.tr/kadin-bej-3-lu-dikissiz-yuksek-bel-slip-kulot-10000000984287/
MS-T61004054E-BEJ-48,48,https://www.marksandspencer.com.tr/kadin-bej-3-lu-dikissiz-yuksek-bel-slip-kulot-10000000984287/
MS-T61004054E-BEJ-50,50,https://www.marksandspencer.com.tr/kadin-bej-3-lu-dikissiz-yuksek-bel-slip-kulot-10000000984287/
MS-T61004054E-BEJ-52,52,https://www.marksandspencer.com.tr/kadin-bej-3-lu-dikissiz-yuksek-bel-slip-kulot-10000000984287/
MS-T14005333A-MULTI-S,S,https://www.marksandspencer.com.tr/erkek-multi-renk-5li-pamuk-karisimli-boxer-10000001109142/
MS-T14005333A-MULTI-M,M,https://www.marksandspencer.com.tr/erkek-multi-renk-5li-pamuk-karisimli-boxer-10000001109142/
MS-T14005333A-MULTI-L,L,https://www.marksandspencer.com.tr/erkek-multi-renk-5li-pamuk-karisimli-boxer-10000001109142/
MS-T14005333A-MULTI-XL,XL,https://www.marksandspencer.com.tr/erkek-multi-renk-5li-pamuk-karisimli-boxer-10000001109142/
MS-T14005333A-MULTI-XXL,XXL,https://www.marksandspencer.com.tr/erkek-multi-renk-5li-pamuk-karisimli-boxer-10000001109142/
MS-T37003696T-KREM-XS,XS,https://www.marksandspencer.com.tr/kadin-krem-mix-2li-saf-pamuklu-pijama-ustu-10000001259285/?integration_color=IVORY+MIX
MS-T37003696T-KREM-S,S,https://www.marksandspencer.com.tr/kadin-krem-mix-2li-saf-pamuklu-pijama-ustu-10000001259285/?integration_color=IVORY+MIX
MS-T37003696T-KREM-M,M,https://www.marksandspencer.com.tr/kadin-krem-mix-2li-saf-pamuklu-pijama-ustu-10000001259285/?integration_color=IVORY+MIX
MS-T37003696T-KREM-L,L,https://www.marksandspencer.com.tr/kadin-krem-mix-2li-saf-pamuklu-pijama-ustu-10000001259285/?integration_color=IVORY+MIX
MS-T37003696T-KREM-XL,XL,https://www.marksandspencer.com.tr/kadin-krem-mix-2li-saf-pamuklu-pijama-ustu-10000001259285/?integration_color=IVORY+MIX
MS-T37001814P-KAHVE-XS,XS,https://www.marksandspencer.com.tr/kadin-kahverengi-cosy-boucle-orgu-rahat-tayt-10000001259165/
MS-T37001814P-KAHVE-S,S,https://www.marksandspencer.com.tr/kadin-kahverengi-cosy-boucle-orgu-rahat-tayt-10000001259165/
MS-T37001814P-KAHVE-M,M,https://www.marksandspencer.com.tr/kadin-kahverengi-cosy-boucle-orgu-rahat-tayt-10000001259165/
MS-T37001814P-KAHVE-L,L,https://www.marksandspencer.com.tr/kadin-kahverengi-cosy-boucle-orgu-rahat-tayt-10000001259165/
MS-T37001814P-KAHVE-XL,XL,https://www.marksandspencer.com.tr/kadin-kahverengi-cosy-boucle-orgu-rahat-tayt-10000001259165/
MS-T37002212J-YESIL-XS,XS,https://www.marksandspencer.com.tr/kadin-yesil-pamuk-modal-karisimli-pijama-takimi-10000001258837/
MS-T37002212J-YESIL-S,S,https://www.marksandspencer.com.tr/kadin-yesil-pamuk-modal-karisimli-pijama-takimi-10000001258837/
MS-T37002212J-YESIL-M,M,https://www.marksandspencer.com.tr/kadin-yesil-pamuk-modal-karisimli-pijama-takimi-10000001258837/
MS-T37002212J-YESIL-L,L,https://www.marksandspencer.com.tr/kadin-yesil-pamuk-modal-karisimli-pijama-takimi-10000001258837/
MS-T37002212J-YESIL-XL,XL,https://www.marksandspencer.com.tr/kadin-yesil-pamuk-modal-karisimli-pijama-takimi-10000001258837/
MS-T37002243J-YESIL-34,34,https://www.marksandspencer.com.tr/kadin-yesil-cizgili-pijama-takimi-10000001258562/
MS-T37002243J-YESIL-36,36,https://www.marksandspencer.com.tr/kadin-yesil-cizgili-pijama-takimi-10000001258562/
MS-T37002243J-YESIL-38,38,https://www.marksandspencer.com.tr/kadin-yesil-cizgili-pijama-takimi-10000001258562/
MS-T37002243J-YESIL-40,40,https://www.marksandspencer.com.tr/kadin-yesil-cizgili-pijama-takimi-10000001258562/
MS-T37002243J-YESIL-42,42,https://www.marksandspencer.com.tr/kadin-yesil-cizgili-pijama-takimi-10000001258562/
MS-T37002243J-YESIL-44,44,https://www.marksandspencer.com.tr/kadin-yesil-cizgili-pijama-takimi-10000001258562/
MS-T37002243J-YESIL-46,46,https://www.marksandspencer.com.tr/kadin-yesil-cizgili-pijama-takimi-10000001258562/
MS-T37002243J-YESIL-48,48,https://www.marksandspencer.com.tr/kadin-yesil-cizgili-pijama-takimi-10000001258562/
MS-T37002243J-YESIL-50,50,https://www.marksandspencer.com.tr/kadin-yesil-cizgili-pijama-takimi-10000001258562/
MS-T37002283J-YESIL-34,34,https://www.marksandspencer.com.tr/kadin-yesil-pamuk-karisimli-ekose-pijama-takimi-10000001258609/
MS-T37002283J-YESIL-36,36,https://www.marksandspencer.com.tr/kadin-yesil-pamuk-karisimli-ekose-pijama-takimi-10000001258609/
MS-T37002283J-YESIL-38,38,https://www.marksandspencer.com.tr/kadin-yesil-pamuk-karisimli-ekose-pijama-takimi-10000001258609/
MS-T37002283J-YESIL-40,40,https://www.marksandspencer.com.tr/kadin-yesil-pamuk-karisimli-ekose-pijama-takimi-10000001258609/
MS-T37002283J-YESIL-42,42,https://www.marksandspencer.com.tr/kadin-yesil-pamuk-karisimli-ekose-pijama-takimi-10000001258609/
MS-T37002283J-YESIL-44,44,https://www.marksandspencer.com.tr/kadin-yesil-pamuk-karisimli-ekose-pijama-takimi-10000001258609/
MS-T37002283J-YESIL-46,46,https://www.marksandspencer.com.tr/kadin-yesil-pamuk-karisimli-ekose-pijama-takimi-10000001258609/
MS-T37002283J-YESIL-48,48,https://www.marksandspencer.com.tr/kadin-yesil-pamuk-karisimli-ekose-pijama-takimi-10000001258609/
MS-T37002283J-YESIL-50,50,https://www.marksandspencer.com.tr/kadin-yesil-pamuk-karisimli-ekose-pijama-takimi-10000001258609/
MS-T37004622F-LACIVERT-XS,XS,https://www.marksandspencer.com.tr/kadin-lacivert-desenli-pijama-takimi-10000001169171/
MS-T37004622F-LACIVERT-S,S,https://www.marksandspencer.com.tr/kadin-lacivert-desenli-pijama-takimi-10000001169171/
MS-T37004622F-LACIVERT-M,M,https://www.marksandspencer.com.tr/kadin-lacivert-desenli-pijama-takimi-10000001169171/
MS-T37004622F-LACIVERT-L,L,https://www.marksandspencer.com.tr/kadin-lacivert-desenli-pijama-takimi-10000001169171/
MS-T37004622F-LACIVERT-XL,XL,https://www.marksandspencer.com.tr/kadin-lacivert-desenli-pijama-takimi-10000001169171/
MS-T37004622F-KAHVE-XS,XS,https://www.marksandspencer.com.tr/kadin-kahverengi-desenli-pijama-takimi-10000001169213/
MS-T37004622F-KAHVE-S,S,https://www.marksandspencer.com.tr/kadin-kahverengi-desenli-pijama-takimi-10000001169213/
MS-T37004622F-KAHVE-M,M,https://www.marksandspencer.com.tr/kadin-kahverengi-desenli-pijama-takimi-10000001169213/
MS-T37004622F-KAHVE-L,L,https://www.marksandspencer.com.tr/kadin-kahverengi-desenli-pijama-takimi-10000001169213/
MS-T37004622F-KAHVE-XL,XL,https://www.marksandspencer.com.tr/kadin-kahverengi-desenli-pijama-takimi-10000001169213/
MS-T07000078-GRI-S,S,https://www.marksandspencer.com.tr/erkek-gri-geometrik-desenli-pijama-takimi-10000001319386/
MS-T07000078-GRI-M,M,https://www.marksandspencer.com.tr/erkek-gri-geometrik-desenli-pijama-takimi-10000001319386/
MS-T07000078-GRI-L,L,https://www.marksandspencer.com.tr/erkek-gri-geometrik-desenli-pijama-takimi-10000001319386/
MS-T07000078-GRI-XL,XL,https://www.marksandspencer.com.tr/erkek-gri-geometrik-desenli-pijama-takimi-10000001319386/
MS-T07000078-GRI-XXL,XXL,https://www.marksandspencer.com.tr/erkek-gri-geometrik-desenli-pijama-takimi-10000001319386/
MS-T07000584-MAVI-S,S,https://www.marksandspencer.com.tr/erkek-mavi-mix-saf-pamuklu-geometrik-desenli-pijama-takimi-10000001281791/
MS-T07000584-MAVI-M,M,https://www.marksandspencer.com.tr/erkek-mavi-mix-saf-pamuklu-geometrik-desenli-pijama-takimi-10000001281791/
MS-T07000584-MAVI-L,L,https://www.marksandspencer.com.tr/erkek-mavi-mix-saf-pamuklu-geometrik-desenli-pijama-takimi-10000001281791/
MS-T07000584-MAVI-XL,XL,https://www.marksandspencer.com.tr/erkek-mavi-mix-saf-pamuklu-geometrik-desenli-pijama-takimi-10000001281791/
MS-T07000584-MAVI-XXL,XXL,https://www.marksandspencer.com.tr/erkek-mavi-mix-saf-pamuklu-geometrik-desenli-pijama-takimi-10000001281791/
MS-T07004780-LACIVERT-S,S,https://www.marksandspencer.com.tr/erkek-lacivert-pamuk-modal-karisimli-pijama-takimi-10000001140014/
MS-T07004780-LACIVERT-M,M,https://www.marksandspencer.com.tr/erkek-lacivert-pamuk-modal-karisimli-pijama-takimi-10000001140014/
MS-T07004780-LACIVERT-L,L,https://www.marksandspencer.com.tr/erkek-lacivert-pamuk-modal-karisimli-pijama-takimi-10000001140014/
MS-T07004780-LACIVERT-XL,XL,https://www.marksandspencer.com.tr/erkek-lacivert-pamuk-modal-karisimli-pijama-takimi-10000001140014/
MS-T07004780-LACIVERT-XXL,XXL,https://www.marksandspencer.com.tr/erkek-lacivert-pamuk-modal-karisimli-pijama-takimi-10000001140014/
MS-T07004780-SIYAH-S,S,https://www.marksandspencer.com.tr/erkek-siyah-pamuk-modal-karisimli-pijama-takimi-10000001140056/
MS-T07004780-SIYAH-M,M,https://www.marksandspencer.com.tr/erkek-siyah-pamuk-modal-karisimli-pijama-takimi-10000001140056/
MS-T07004780-SIYAH-L,L,https://www.marksandspencer.com.tr/erkek-siyah-pamuk-modal-karisimli-pijama-takimi-10000001140056/
MS-T07004780-SIYAH-XL,XL,https://www.marksandspencer.com.tr/erkek-siyah-pamuk-modal-karisimli-pijama-takimi-10000001140056/
MS-T07004780-SIYAH-XXL,XXL,https://www.marksandspencer.com.tr/erkek-siyah-pamuk-modal-karisimli-pijama-takimi-10000001140056/
MS-T07000097-LACIVERT-S,S,https://www.marksandspencer.com.tr/erkek-lacivert-saf-pamuklu-cizgili-pijama-takimi-10000001139920/
MS-T07000097-LACIVERT-M,M,https://www.marksandspencer.com.tr/erkek-lacivert-saf-pamuklu-cizgili-pijama-takimi-10000001139920/
MS-T07000097-LACIVERT-L,L,https://www.marksandspencer.com.tr/erkek-lacivert-saf-pamuklu-cizgili-pijama-takimi-10000001139920/
MS-T07000097-LACIVERT-XL,XL,https://www.marksandspencer.com.tr/erkek-lacivert-saf-pamuklu-cizgili-pijama-takimi-10000001139920/
MS-T07000097-LACIVERT-XXL,XXL,https://www.marksandspencer.com.tr/erkek-lacivert-saf-pamuklu-cizgili-pijama-takimi-10000001139920/
MS-T07000570-GRI-S,S,https://www.marksandspencer.com.tr/erkek-gri-saf-pamuk-cizgili-pijama-takimi-10000001154022/
MS-T07000570-GRI-M,M,https://www.marksandspencer.com.tr/erkek-gri-saf-pamuk-cizgili-pijama-takimi-10000001154022/
MS-T07000570-GRI-L,L,https://www.marksandspencer.com.tr/erkek-gri-saf-pamuk-cizgili-pijama-takimi-10000001154022/
MS-T07000570-GRI-XL,XL,https://www.marksandspencer.com.tr/erkek-gri-saf-pamuk-cizgili-pijama-takimi-10000001154022/
MS-T07000570-GRI-XXL,XXL,https://www.marksandspencer.com.tr/erkek-gri-saf-pamuk-cizgili-pijama-takimi-10000001154022/
MARK-10000000400200-L,L,https://www.marksandspencer.com.tr/erkek-beyaz-5-li-cool-fresh-tm-hipster-kulot-seti-10000000400200/
MARK-10000000400200-M,M,https://www.marksandspencer.com.tr/erkek-beyaz-5-li-cool-fresh-tm-hipster-kulot-seti-10000000400200/
MARK-10000000400200-S,S,https://www.marksandspencer.com.tr/erkek-beyaz-5-li-cool-fresh-tm-hipster-kulot-seti-10000000400200/
MARK-10000000400200-XL,XL,https://www.marksandspencer.com.tr/erkek-beyaz-5-li-cool-fresh-tm-hipster-kulot-seti-10000000400200/
MARK-10000000400200-XXL,XXL,https://www.marksandspencer.com.tr/erkek-beyaz-5-li-cool-fresh-tm-hipster-kulot-seti-10000000400200/
MARK-10000000400230-L,L,https://www.marksandspencer.com.tr/erkek-siyah-5-li-cool-fresh-tm-hipster-kulot-seti-10000000400230/
MARK-10000000400230-M,M,https://www.marksandspencer.com.tr/erkek-siyah-5-li-cool-fresh-tm-hipster-kulot-seti-10000000400230/
MARK-10000000400230-S,S,https://www.marksandspencer.com.tr/erkek-siyah-5-li-cool-fresh-tm-hipster-kulot-seti-10000000400230/
MARK-10000000400230-XL,XL,https://www.marksandspencer.com.tr/erkek-siyah-5-li-cool-fresh-tm-hipster-kulot-seti-10000000400230/
MARK-10000000400230-XXL,XXL,https://www.marksandspencer.com.tr/erkek-siyah-5-li-cool-fresh-tm-hipster-kulot-seti-10000000400230/
MARK-10000000400268-L,L,https://www.marksandspencer.com.tr/erkek-multi-renk-5-li-cool-fresh-tm-hipster-kulot-seti-10000000400268/
MARK-10000000400268-M,M,https://www.marksandspencer.com.tr/erkek-multi-renk-5-li-cool-fresh-tm-hipster-kulot-seti-10000000400268/
MARK-10000000400268-S,S,https://www.marksandspencer.com.tr/erkek-multi-renk-5-li-cool-fresh-tm-hipster-kulot-seti-10000000400268/
MARK-10000000400268-XL,XL,https://www.marksandspencer.com.tr/erkek-multi-renk-5-li-cool-fresh-tm-hipster-kulot-seti-10000000400268/
MARK-10000000400268-XXL,XXL,https://www.marksandspencer.com.tr/erkek-multi-renk-5-li-cool-fresh-tm-hipster-kulot-seti-10000000400268/
MARK-5645947706-L,L,https://www.marksandspencer.com.tr/erkek-siyah-saf-pamuklu-5-li-cool-fresh-slip-kulot-seti-5645947706/
MARK-5645947706-M,M,https://www.marksandspencer.com.tr/erkek-siyah-saf-pamuklu-5-li-cool-fresh-slip-kulot-seti-5645947706/
MARK-5645947706-S,S,https://www.marksandspencer.com.tr/erkek-siyah-saf-pamuklu-5-li-cool-fresh-slip-kulot-seti-5645947706/
MARK-5645947706-XL,XL,https://www.marksandspencer.com.tr/erkek-siyah-saf-pamuklu-5-li-cool-fresh-slip-kulot-seti-5645947706/
MARK-5645947706-XXL,XXL,https://www.marksandspencer.com.tr/erkek-siyah-saf-pamuklu-5-li-cool-fresh-slip-kulot-seti-5645947706/
MARK-5645947706-XXXL,XXXL,https://www.marksandspencer.com.tr/erkek-siyah-saf-pamuklu-5-li-cool-fresh-slip-kulot-seti-5645947706/
MARK-5645947725-L,L,https://www.marksandspencer.com.tr/erkek-beyaz-saf-pamuklu-5-li-cool-fresh-slip-kulot-seti-5645947725/
MARK-5645947725-M,M,https://www.marksandspencer.com.tr/erkek-beyaz-saf-pamuklu-5-li-cool-fresh-slip-kulot-seti-5645947725/
MARK-5645947725-S,S,https://www.marksandspencer.com.tr/erkek-beyaz-saf-pamuklu-5-li-cool-fresh-slip-kulot-seti-5645947725/
MARK-5645947725-XL,XL,https://www.marksandspencer.com.tr/erkek-beyaz-saf-pamuklu-5-li-cool-fresh-slip-kulot-seti-5645947725/
MARK-5645947725-XXL,XXL,https://www.marksandspencer.com.tr/erkek-beyaz-saf-pamuklu-5-li-cool-fresh-slip-kulot-seti-5645947725/
MARK-5645947725-XXXL,XXXL,https://www.marksandspencer.com.tr/erkek-beyaz-saf-pamuklu-5-li-cool-fresh-slip-kulot-seti-5645947725/
MARKS-10000000400200-L,L,https://www.marksandspencer.com.tr/erkek-beyaz-5-li-cool-fresh-tm-hipster-kulot-seti-10000000400200/
MARKS-10000000400200-M,M,https://www.marksandspencer.com.tr/erkek-beyaz-5-li-cool-fresh-tm-hipster-kulot-seti-10000000400200/
MARKS-10000000400200-S,S,https://www.marksandspencer.com.tr/erkek-beyaz-5-li-cool-fresh-tm-hipster-kulot-seti-10000000400200/
MARKS-10000000400200-XL,XL,https://www.marksandspencer.com.tr/erkek-beyaz-5-li-cool-fresh-tm-hipster-kulot-seti-10000000400200/
MARKS-10000000400200-XXL,XXL,https://www.marksandspencer.com.tr/erkek-beyaz-5-li-cool-fresh-tm-hipster-kulot-seti-10000000400200/
MARKS-10000000400200-XXXL,XXXL,https://www.marksandspencer.com.tr/erkek-beyaz-5-li-cool-fresh-tm-hipster-kulot-seti-10000000400200/
MARKS-10000000400230-3XL,XXXL,https://www.marksandspencer.com.tr/erkek-siyah-5-li-cool-fresh-tm-hipster-kulot-seti-10000000400230/
MARKS-10000000400230-L,L,https://www.marksandspencer.com.tr/erkek-siyah-5-li-cool-fresh-tm-hipster-kulot-seti-10000000400230/
MARKS-10000000400230-M,M,https://www.marksandspencer.com.tr/erkek-siyah-5-li-cool-fresh-tm-hipster-kulot-seti-10000000400230/
MARKS-10000000400230-S,S,https://www.marksandspencer.com.tr/erkek-siyah-5-li-cool-fresh-tm-hipster-kulot-seti-10000000400230/
MARKS-10000000400230-XL,XL,https://www.marksandspencer.com.tr/erkek-siyah-5-li-cool-fresh-tm-hipster-kulot-seti-10000000400230/
MARKS-10000000400230-XXL,XXL,https://www.marksandspencer.com.tr/erkek-siyah-5-li-cool-fresh-tm-hipster-kulot-seti-10000000400230/
MARKS-10000000400268-L,L,https://www.marksandspencer.com.tr/erkek-multi-renk-5-li-cool-fresh-tm-hipster-kulot-seti-10000000400268/
MARKS-10000000400268-M,M,https://www.marksandspencer.com.tr/erkek-multi-renk-5-li-cool-fresh-tm-hipster-kulot-seti-10000000400268/
MARKS-10000000400268-S,S,https://www.marksandspencer.com.tr/erkek-multi-renk-5-li-cool-fresh-tm-hipster-kulot-seti-10000000400268/
MARKS-10000000400268-XL,XL,https://www.marksandspencer.com.tr/erkek-multi-renk-5-li-cool-fresh-tm-hipster-kulot-seti-10000000400268/
MARKS-10000000400268-XXL,XXL,https://www.marksandspencer.com.tr/erkek-multi-renk-5-li-cool-fresh-tm-hipster-kulot-seti-10000000400268/
MARKS-5645947706-L,L,https://www.marksandspencer.com.tr/erkek-siyah-saf-pamuklu-5-li-cool-fresh-slip-kulot-seti-5645947706/
MARKS-5645947706-M,M,https://www.marksandspencer.com.tr/erkek-siyah-saf-pamuklu-5-li-cool-fresh-slip-kulot-seti-5645947706/
MARKS-5645947706-S,S,https://www.marksandspencer.com.tr/erkek-siyah-saf-pamuklu-5-li-cool-fresh-slip-kulot-seti-5645947706/
MARKS-5645947706-XL,XL,https://www.marksandspencer.com.tr/erkek-siyah-saf-pamuklu-5-li-cool-fresh-slip-kulot-seti-5645947706/
MARKS-5645947706-XXL,XXL,https://www.marksandspencer.com.tr/erkek-siyah-saf-pamuklu-5-li-cool-fresh-slip-kulot-seti-5645947706/
MARKS-5645947706-XXXL,XXXL,https://www.marksandspencer.com.tr/erkek-siyah-saf-pamuklu-5-li-cool-fresh-slip-kulot-seti-5645947706/
MARKS-5645947725-L,L,https://www.marksandspencer.com.tr/erkek-beyaz-saf-pamuklu-5-li-cool-fresh-slip-kulot-seti-5645947725/
MARKS-5645947725-M,M,https://www.marksandspencer.com.tr/erkek-beyaz-saf-pamuklu-5-li-cool-fresh-slip-kulot-seti-5645947725/
MARKS-5645947725-S,S,https://www.marksandspencer.com.tr/erkek-beyaz-saf-pamuklu-5-li-cool-fresh-slip-kulot-seti-5645947725/
MARKS-5645947725-XL,XL,https://www.marksandspencer.com.tr/erkek-beyaz-saf-pamuklu-5-li-cool-fresh-slip-kulot-seti-5645947725/
MARKS-5645947725-XXL,XXL,https://www.marksandspencer.com.tr/erkek-beyaz-saf-pamuklu-5-li-cool-fresh-slip-kulot-seti-5645947725/
MARKS-5645947725-XXXL,XXXL,https://www.marksandspencer.com.tr/erkek-beyaz-saf-pamuklu-5-li-cool-fresh-slip-kulot-seti-5645947725/
MS-T14002533F-BEYAZ-S,S,https://www.marksandspencer.com.tr/erkek-siyah-saf-pamuklu-5-li-cool-fresh-slip-kulot-seti-5645947706/?integration_color=WHITE
MS-T14002533F-BEYAZ-M,M,https://www.marksandspencer.com.tr/erkek-siyah-saf-pamuklu-5-li-cool-fresh-slip-kulot-seti-5645947706/?integration_color=WHITE
MS-T14002533F-BEYAZ-L,L,https://www.marksandspencer.com.tr/erkek-siyah-saf-pamuklu-5-li-cool-fresh-slip-kulot-seti-5645947706/?integration_color=WHITE
MS-T14002533F-BEYAZ-XL,XL,https://www.marksandspencer.com.tr/erkek-siyah-saf-pamuklu-5-li-cool-fresh-slip-kulot-seti-5645947706/?integration_color=WHITE
MS-T14002533F-BEYAZ-XXL,XXL,https://www.marksandspencer.com.tr/erkek-siyah-saf-pamuklu-5-li-cool-fresh-slip-kulot-seti-5645947706/?integration_color=WHITE
MS-T14002533F-BEYAZ-3XL,XXXL,https://www.marksandspencer.com.tr/erkek-siyah-saf-pamuklu-5-li-cool-fresh-slip-kulot-seti-5645947706/?integration_color=WHITE
MS-T14004107S-MULTI-S,S,https://www.marksandspencer.com.tr/erkek-siyah-5-li-cool-fresh-tm-hipster-kulot-seti-10000000400230/?integration_color=MULTI
MS-T14004107S-MULTI-M,M,https://www.marksandspencer.com.tr/erkek-siyah-5-li-cool-fresh-tm-hipster-kulot-seti-10000000400230/?integration_color=MULTI
MS-T14004107S-MULTI-L,L,https://www.marksandspencer.com.tr/erkek-siyah-5-li-cool-fresh-tm-hipster-kulot-seti-10000000400230/?integration_color=MULTI
MS-T14004107S-MULTI-XL,XL,https://www.marksandspencer.com.tr/erkek-siyah-5-li-cool-fresh-tm-hipster-kulot-seti-10000000400230/?integration_color=MULTI
MS-T14004107S-MULTI-XXL,XXL,https://www.marksandspencer.com.tr/erkek-siyah-5-li-cool-fresh-tm-hipster-kulot-seti-10000000400230/?integration_color=MULTI
MS-T14004787S-BEYAZ-S,S,https://www.marksandspencer.com.tr/erkek-beyaz-5-li-cool-fresh-tm-trunk-seti-10000000400299/?integration_color=WHITE
MS-T14004787S-BEYAZ-M,M,https://www.marksandspencer.com.tr/erkek-beyaz-5-li-cool-fresh-tm-trunk-seti-10000000400299/?integration_color=WHITE
MS-T14004787S-BEYAZ-L,L,https://www.marksandspencer.com.tr/erkek-beyaz-5-li-cool-fresh-tm-trunk-seti-10000000400299/?integration_color=WHITE
MS-T14004787S-BEYAZ-XL,XL,https://www.marksandspencer.com.tr/erkek-beyaz-5-li-cool-fresh-tm-trunk-seti-10000000400299/?integration_color=WHITE
MS-T14004787S-BEYAZ-XXL,XXL,https://www.marksandspencer.com.tr/erkek-beyaz-5-li-cool-fresh-tm-trunk-seti-10000000400299/?integration_color=WHITE
MS-T14004787S-BEYAZ-3XL,XXXL,https://www.marksandspencer.com.tr/erkek-beyaz-5-li-cool-fresh-tm-trunk-seti-10000000400299/?integration_color=WHITE
MS-T07000002-GRI-S,S,https://www.marksandspencer.com.tr/erkek-gri-mix-saf-pamuklu-2-li-pijama-alti-seti-5646337079/?integration_color=GREY+MIX
MS-T07000002-GRI-M,M,https://www.marksandspencer.com.tr/erkek-gri-mix-saf-pamuklu-2-li-pijama-alti-seti-5646337079/?integration_color=GREY+MIX
MS-T07000002-GRI-L,L,https://www.marksandspencer.com.tr/erkek-gri-mix-saf-pamuklu-2-li-pijama-alti-seti-5646337079/?integration_color=GREY+MIX
MS-T07000002-GRI-XL,XL,https://www.marksandspencer.com.tr/erkek-gri-mix-saf-pamuklu-2-li-pijama-alti-seti-5646337079/?integration_color=GREY+MIX
MS-T07000002-GRI-XXL,XXL,https://www.marksandspencer.com.tr/erkek-gri-mix-saf-pamuklu-2-li-pijama-alti-seti-5646337079/?integration_color=GREY+MIX
MS-T14005390A-SIYAH-S,S,https://www.marksandspencer.com.tr/erkek-beyaz-mix-5-li-supima-r-trunk-seti-10000000417142/?integration_color=BLACK+MIX
MS-T14005390A-SIYAH-M,M,https://www.marksandspencer.com.tr/erkek-beyaz-mix-5-li-supima-r-trunk-seti-10000000417142/?integration_color=BLACK+MIX
MS-T14005390A-SIYAH-L,L,https://www.marksandspencer.com.tr/erkek-beyaz-mix-5-li-supima-r-trunk-seti-10000000417142/?integration_color=BLACK+MIX
MS-T14005390A-SIYAH-XL,XL,https://www.marksandspencer.com.tr/erkek-beyaz-mix-5-li-supima-r-trunk-seti-10000000417142/?integration_color=BLACK+MIX
MS-T14005390A-SIYAH-XXL,XXL,https://www.marksandspencer.com.tr/erkek-beyaz-mix-5-li-supima-r-trunk-seti-10000000417142/?integration_color=BLACK+MIX
MS-T14005390A-BEYAZ-S,S,https://www.marksandspencer.com.tr/erkek-beyaz-mix-5-li-supima-r-trunk-seti-10000000417142/?integration_color=WHITE+MIX
MS-T14005390A-BEYAZ-M,M,https://www.marksandspencer.com.tr/erkek-beyaz-mix-5-li-supima-r-trunk-seti-10000000417142/?integration_color=WHITE+MIX
MS-T14005390A-BEYAZ-L,L,https://www.marksandspencer.com.tr/erkek-beyaz-mix-5-li-supima-r-trunk-seti-10000000417142/?integration_color=WHITE+MIX
MS-T14005390A-BEYAZ-XL,XL,https://www.marksandspencer.com.tr/erkek-beyaz-mix-5-li-supima-r-trunk-seti-10000000417142/?integration_color=WHITE+MIX
MS-T14005390A-BEYAZ-XXL,XXL,https://www.marksandspencer.com.tr/erkek-beyaz-mix-5-li-supima-r-trunk-seti-10000000417142/?integration_color=WHITE+MIX
MS-T07001602A-GRI-XS,XS,https://www.marksandspencer.com.tr/erkek-lacivert-supima-pamuk-pijama-ustu-10000000913326/?integration_color=GREY+MARL
MS-T07001602A-GRI-S,S,https://www.marksandspencer.com.tr/erkek-lacivert-supima-pamuk-pijama-ustu-10000000913326/?integration_color=GREY+MARL
MS-T07001602A-GRI-M,M,https://www.marksandspencer.com.tr/erkek-lacivert-supima-pamuk-pijama-ustu-10000000913326/?integration_color=GREY+MARL
MS-T07001602A-GRI-L,L,https://www.marksandspencer.com.tr/erkek-lacivert-supima-pamuk-pijama-ustu-10000000913326/?integration_color=GREY+MARL
MS-T07001602A-GRI-XL,XL,https://www.marksandspencer.com.tr/erkek-lacivert-supima-pamuk-pijama-ustu-10000000913326/?integration_color=GREY+MARL
MS-T07001602A-GRI-XXL,XXL,https://www.marksandspencer.com.tr/erkek-lacivert-supima-pamuk-pijama-ustu-10000000913326/?integration_color=GREY+MARL
MS-T14004812S-MULTI-S,S,https://www.marksandspencer.com.tr/erkek-multi-renk-5-li-pamuklu-cool-fresh-tm-desenli-boxer-10000000874097/
MS-T14004812S-MULTI-M,M,https://www.marksandspencer.com.tr/erkek-multi-renk-5-li-pamuklu-cool-fresh-tm-desenli-boxer-10000000874097/
MS-T14004812S-MULTI-L,L,https://www.marksandspencer.com.tr/erkek-multi-renk-5-li-pamuklu-cool-fresh-tm-desenli-boxer-10000000874097/
MS-T14004812S-MULTI-XL,XL,https://www.marksandspencer.com.tr/erkek-multi-renk-5-li-pamuklu-cool-fresh-tm-desenli-boxer-10000000874097/
MS-T14004812S-MULTI-XXL,XXL,https://www.marksandspencer.com.tr/erkek-multi-renk-5-li-pamuklu-cool-fresh-tm-desenli-boxer-10000000874097/
MS-T07001231A-MOR-S,S,https://www.marksandspencer.com.tr/erkek-kahverengi-regular-fit-supima-r-pijama-alti-10000000913312/?integration_color=MAUVE
MS-T07001231A-MOR-M,M,https://www.marksandspencer.com.tr/erkek-kahverengi-regular-fit-supima-r-pijama-alti-10000000913312/?integration_color=MAUVE
MS-T07001231A-MOR-L,L,https://www.marksandspencer.com.tr/erkek-kahverengi-regular-fit-supima-r-pijama-alti-10000000913312/?integration_color=MAUVE
MS-T07001231A-MOR-XL,XL,https://www.marksandspencer.com.tr/erkek-kahverengi-regular-fit-supima-r-pijama-alti-10000000913312/?integration_color=MAUVE
MS-T07001231A-MOR-XXL,XXL,https://www.marksandspencer.com.tr/erkek-kahverengi-regular-fit-supima-r-pijama-alti-10000000913312/?integration_color=MAUVE
MS-T07001231A-MAVI-S,S,https://www.marksandspencer.com.tr/erkek-kahverengi-regular-fit-supima-r-pijama-alti-10000000913312/?integration_color=LIGHT+AIRFORCE
MS-T07001231A-MAVI-M,M,https://www.marksandspencer.com.tr/erkek-kahverengi-regular-fit-supima-r-pijama-alti-10000000913312/?integration_color=LIGHT+AIRFORCE
MS-T07001231A-MAVI-L,L,https://www.marksandspencer.com.tr/erkek-kahverengi-regular-fit-supima-r-pijama-alti-10000000913312/?integration_color=LIGHT+AIRFORCE
MS-T07001231A-MAVI-XL,XL,https://www.marksandspencer.com.tr/erkek-kahverengi-regular-fit-supima-r-pijama-alti-10000000913312/?integration_color=LIGHT+AIRFORCE
MS-T07001231A-MAVI-XXL,XXL,https://www.marksandspencer.com.tr/erkek-kahverengi-regular-fit-supima-r-pijama-alti-10000000913312/?integration_color=LIGHT+AIRFORCE
MS-T07001231A-YESIL-S,S,https://www.marksandspencer.com.tr/erkek-kahverengi-regular-fit-supima-r-pijama-alti-10000000913312/?integration_color=SMOKEY+GREEN
MS-T07001231A-YESIL-M,M,https://www.marksandspencer.com.tr/erkek-kahverengi-regular-fit-supima-r-pijama-alti-10000000913312/?integration_color=SMOKEY+GREEN
MS-T07001231A-YESIL-L,L,https://www.marksandspencer.com.tr/erkek-kahverengi-regular-fit-supima-r-pijama-alti-10000000913312/?integration_color=SMOKEY+GREEN
MS-T07001231A-YESIL-XL,XL,https://www.marksandspencer.com.tr/erkek-kahverengi-regular-fit-supima-r-pijama-alti-10000000913312/?integration_color=SMOKEY+GREEN
MS-T07001231A-YESIL-XXL,XXL,https://www.marksandspencer.com.tr/erkek-kahverengi-regular-fit-supima-r-pijama-alti-10000000913312/?integration_color=SMOKEY+GREEN
MS-T07001231A-KAHVE-S,S,https://www.marksandspencer.com.tr/erkek-kahverengi-regular-fit-supima-r-pijama-alti-10000000913312/?integration_color=MAPLE
MS-T07001231A-KAHVE-M,M,https://www.marksandspencer.com.tr/erkek-kahverengi-regular-fit-supima-r-pijama-alti-10000000913312/?integration_color=MAPLE
MS-T07001231A-KAHVE-L,L,https://www.marksandspencer.com.tr/erkek-kahverengi-regular-fit-supima-r-pijama-alti-10000000913312/?integration_color=MAPLE
MS-T07001231A-KAHVE-XL,XL,https://www.marksandspencer.com.tr/erkek-kahverengi-regular-fit-supima-r-pijama-alti-10000000913312/?integration_color=MAPLE
MS-T07001231A-KAHVE-XXL,XXL,https://www.marksandspencer.com.tr/erkek-kahverengi-regular-fit-supima-r-pijama-alti-10000000913312/?integration_color=MAPLE
MARK-10000000277947-L,L,https://www.marksandspencer.com.tr/erkek-koyu-lacivert-saf-pamuklu-5-li-dokuma-boxer-seti-10000000277947/
MARK-10000000277947-M,M,https://www.marksandspencer.com.tr/erkek-koyu-lacivert-saf-pamuklu-5-li-dokuma-boxer-seti-10000000277947/
MARK-10000000277947-XL,XL,https://www.marksandspencer.com.tr/erkek-koyu-lacivert-saf-pamuklu-5-li-dokuma-boxer-seti-10000000277947/
MARK-10000000400156-L,L,https://www.marksandspencer.com.tr/erkek-mavi-5-li-cool-fresh-tm-brief-kulot-seti-10000000400156/
MARK-10000000400156-M,M,https://www.marksandspencer.com.tr/erkek-mavi-5-li-cool-fresh-tm-brief-kulot-seti-10000000400156/
MARK-10000000400156-S,S,https://www.marksandspencer.com.tr/erkek-mavi-5-li-cool-fresh-tm-brief-kulot-seti-10000000400156/
MARK-10000000400156-XL,XL,https://www.marksandspencer.com.tr/erkek-mavi-5-li-cool-fresh-tm-brief-kulot-seti-10000000400156/
MARK-10000000400156-XXL,XXL,https://www.marksandspencer.com.tr/erkek-mavi-5-li-cool-fresh-tm-brief-kulot-seti-10000000400156/
MARK-10000000400220-L,L,https://www.marksandspencer.com.tr/erkek-gri-5-li-cool-fresh-tm-trunk-seti-10000000400220/
MARK-10000000400220-M,M,https://www.marksandspencer.com.tr/erkek-gri-5-li-cool-fresh-tm-trunk-seti-10000000400220/
MARK-10000000400220-S,S,https://www.marksandspencer.com.tr/erkek-gri-5-li-cool-fresh-tm-trunk-seti-10000000400220/
MARK-10000000400220-XL,XL,https://www.marksandspencer.com.tr/erkek-gri-5-li-cool-fresh-tm-trunk-seti-10000000400220/
MARK-10000000400290-L,L,https://www.marksandspencer.com.tr/erkek-siyah-5-li-cool-fresh-tm-trunk-seti-10000000400290/
MARK-10000000400290-M,M,https://www.marksandspencer.com.tr/erkek-siyah-5-li-cool-fresh-tm-trunk-seti-10000000400290/
MARK-10000000400290-S,S,https://www.marksandspencer.com.tr/erkek-siyah-5-li-cool-fresh-tm-trunk-seti-10000000400290/
MARK-10000000400290-XL,XL,https://www.marksandspencer.com.tr/erkek-siyah-5-li-cool-fresh-tm-trunk-seti-10000000400290/
MARK-10000000400290-XXL,XXL,https://www.marksandspencer.com.tr/erkek-siyah-5-li-cool-fresh-tm-trunk-seti-10000000400290/
MARK-10000000400290-XXXL,XXXL,https://www.marksandspencer.com.tr/erkek-siyah-5-li-cool-fresh-tm-trunk-seti-10000000400290/
MARK-10000000400305-L,L,https://www.marksandspencer.com.tr/erkek-mavi-mix-5-li-cool-fresh-tm-trunk-seti-10000000400305/
MARK-10000000400305-M,M,https://www.marksandspencer.com.tr/erkek-mavi-mix-5-li-cool-fresh-tm-trunk-seti-10000000400305/
MARK-10000000400305-XXL,XXL,https://www.marksandspencer.com.tr/erkek-mavi-mix-5-li-cool-fresh-tm-trunk-seti-10000000400305/
MARK-5645139354-L,L,https://www.marksandspencer.com.tr/erkek-beyaz-saf-pamuklu-5-li-cool-fresh-trunk-seti-5645139354/
MARK-5645139354-M,M,https://www.marksandspencer.com.tr/erkek-beyaz-saf-pamuklu-5-li-cool-fresh-trunk-seti-5645139354/
MARK-5645139354-S,S,https://www.marksandspencer.com.tr/erkek-beyaz-saf-pamuklu-5-li-cool-fresh-trunk-seti-5645139354/
MARK-5645139354-XL,XL,https://www.marksandspencer.com.tr/erkek-beyaz-saf-pamuklu-5-li-cool-fresh-trunk-seti-5645139354/
MARK-5645139354-XXL,XXL,https://www.marksandspencer.com.tr/erkek-beyaz-saf-pamuklu-5-li-cool-fresh-trunk-seti-5645139354/
MARK-5645139354-XXXL,XXXL,https://www.marksandspencer.com.tr/erkek-beyaz-saf-pamuklu-5-li-cool-fresh-trunk-seti-5645139354/
MARK-5645947717-L,L,https://www.marksandspencer.com.tr/erkek-mavi-saf-pamuklu-5-li-cool-fresh-slip-kulot-seti-5645947717/
MARK-5645947717-M,M,https://www.marksandspencer.com.tr/erkek-mavi-saf-pamuklu-5-li-cool-fresh-slip-kulot-seti-5645947717/
MARK-5645947717-S,S,https://www.marksandspencer.com.tr/erkek-mavi-saf-pamuklu-5-li-cool-fresh-slip-kulot-seti-5645947717/
MARK-5645947717-XL,XL,https://www.marksandspencer.com.tr/erkek-mavi-saf-pamuklu-5-li-cool-fresh-slip-kulot-seti-5645947717/
MARK-5645947717-XXL,XXL,https://www.marksandspencer.com.tr/erkek-mavi-saf-pamuklu-5-li-cool-fresh-slip-kulot-seti-5645947717/
MARK-5645947717-XXXL,XXXL,https://www.marksandspencer.com.tr/erkek-mavi-saf-pamuklu-5-li-cool-fresh-slip-kulot-seti-5645947717/
MARKS-10000000277947-L,L,https://www.marksandspencer.com.tr/erkek-koyu-lacivert-saf-pamuklu-5-li-dokuma-boxer-seti-10000000277947/
MARKS-10000000277947-M,M,https://www.marksandspencer.com.tr/erkek-koyu-lacivert-saf-pamuklu-5-li-dokuma-boxer-seti-10000000277947/
MARKS-10000000277947-S,S,https://www.marksandspencer.com.tr/erkek-koyu-lacivert-saf-pamuklu-5-li-dokuma-boxer-seti-10000000277947/
MARKS-10000000277947-XL,XL,https://www.marksandspencer.com.tr/erkek-koyu-lacivert-saf-pamuklu-5-li-dokuma-boxer-seti-10000000277947/
MARKS-10000000277947-XXL,XXL,https://www.marksandspencer.com.tr/erkek-koyu-lacivert-saf-pamuklu-5-li-dokuma-boxer-seti-10000000277947/
MARKS-10000000400138-L,L,https://www.marksandspencer.com.tr/erkek-beyaz-5-li-cool-fresh-tm-brief-kulot-seti-10000000400137/
MARKS-10000000400138-M,M,https://www.marksandspencer.com.tr/erkek-beyaz-5-li-cool-fresh-tm-brief-kulot-seti-10000000400137/
MARKS-10000000400138-S,S,https://www.marksandspencer.com.tr/erkek-beyaz-5-li-cool-fresh-tm-brief-kulot-seti-10000000400137/
MARKS-10000000400138-XL,XL,https://www.marksandspencer.com.tr/erkek-beyaz-5-li-cool-fresh-tm-brief-kulot-seti-10000000400137/
MARKS-10000000400138-XXL,XXL,https://www.marksandspencer.com.tr/erkek-beyaz-5-li-cool-fresh-tm-brief-kulot-seti-10000000400137/
MARKS-10000000400156-L,L,https://www.marksandspencer.com.tr/erkek-mavi-5-li-cool-fresh-tm-brief-kulot-seti-10000000400156/
MARKS-10000000400156-M,M,https://www.marksandspencer.com.tr/erkek-mavi-5-li-cool-fresh-tm-brief-kulot-seti-10000000400156/
MARKS-10000000400156-S,S,https://www.marksandspencer.com.tr/erkek-mavi-5-li-cool-fresh-tm-brief-kulot-seti-10000000400156/
MARKS-10000000400156-XL,XL,https://www.marksandspencer.com.tr/erkek-mavi-5-li-cool-fresh-tm-brief-kulot-seti-10000000400156/
MARKS-10000000400156-XXL,XXL,https://www.marksandspencer.com.tr/erkek-mavi-5-li-cool-fresh-tm-brief-kulot-seti-10000000400156/
MARKS-10000000400220-L,L,https://www.marksandspencer.com.tr/erkek-gri-5-li-cool-fresh-tm-trunk-seti-10000000400220/
MARKS-10000000400220-M,M,https://www.marksandspencer.com.tr/erkek-gri-5-li-cool-fresh-tm-trunk-seti-10000000400220/
MARKS-10000000400220-S,S,https://www.marksandspencer.com.tr/erkek-gri-5-li-cool-fresh-tm-trunk-seti-10000000400220/
MARKS-10000000400290-L,L,https://www.marksandspencer.com.tr/erkek-siyah-5-li-cool-fresh-tm-trunk-seti-10000000400290/
MARKS-10000000400290-M,M,https://www.marksandspencer.com.tr/erkek-siyah-5-li-cool-fresh-tm-trunk-seti-10000000400290/
MARKS-10000000400290-S,S,https://www.marksandspencer.com.tr/erkek-siyah-5-li-cool-fresh-tm-trunk-seti-10000000400290/
MARKS-10000000400290-XL,XL,https://www.marksandspencer.com.tr/erkek-siyah-5-li-cool-fresh-tm-trunk-seti-10000000400290/
MARKS-10000000400290-XXL,XXL,https://www.marksandspencer.com.tr/erkek-siyah-5-li-cool-fresh-tm-trunk-seti-10000000400290/
MARKS-10000000400290-XXXL,XXXL,https://www.marksandspencer.com.tr/erkek-siyah-5-li-cool-fresh-tm-trunk-seti-10000000400290/
MARKS-10000000400305-L,L,https://www.marksandspencer.com.tr/erkek-mavi-mix-5-li-cool-fresh-tm-trunk-seti-10000000400305/
MARKS-10000000400305-M,M,https://www.marksandspencer.com.tr/erkek-mavi-mix-5-li-cool-fresh-tm-trunk-seti-10000000400305/
MARKS-10000000400305-S,S,https://www.marksandspencer.com.tr/erkek-mavi-mix-5-li-cool-fresh-tm-trunk-seti-10000000400305/
MARKS-10000000400305-XL,XL,https://www.marksandspencer.com.tr/erkek-mavi-mix-5-li-cool-fresh-tm-trunk-seti-10000000400305/
MARKS-10000000400305-XXL,XXL,https://www.marksandspencer.com.tr/erkek-mavi-mix-5-li-cool-fresh-tm-trunk-seti-10000000400305/
MARKS-10000000417171-L,L,https://www.marksandspencer.com.tr/erkek-beyaz-5-li-supima-r-cotton-brief-kulot-seti-10000000417171/
MARKS-10000000417171-M,M,https://www.marksandspencer.com.tr/erkek-beyaz-5-li-supima-r-cotton-brief-kulot-seti-10000000417171/
MARKS-10000000417171-S,S,https://www.marksandspencer.com.tr/erkek-beyaz-5-li-supima-r-cotton-brief-kulot-seti-10000000417171/
MARKS-10000000417171-XL,XL,https://www.marksandspencer.com.tr/erkek-beyaz-5-li-supima-r-cotton-brief-kulot-seti-10000000417171/
MARKS-10000000417171-XXL,XXL,https://www.marksandspencer.com.tr/erkek-beyaz-5-li-supima-r-cotton-brief-kulot-seti-10000000417171/
MARKS-5645079245-2XL,XXL,https://www.marksandspencer.com.tr/erkek-siyah-saf-pamuklu-5-li-cool-fresh-boxer-seti-5645079246/
MARKS-5645079245-3XL,XXXL,https://www.marksandspencer.com.tr/erkek-siyah-saf-pamuklu-5-li-cool-fresh-boxer-seti-5645079246/
MARKS-5645079245-L,L,https://www.marksandspencer.com.tr/erkek-siyah-saf-pamuklu-5-li-cool-fresh-boxer-seti-5645079246/
MARKS-5645079245-M,M,https://www.marksandspencer.com.tr/erkek-siyah-saf-pamuklu-5-li-cool-fresh-boxer-seti-5645079246/
MARKS-5645079245-S,S,https://www.marksandspencer.com.tr/erkek-siyah-saf-pamuklu-5-li-cool-fresh-boxer-seti-5645079246/
MARKS-5645079245-XL,XL,https://www.marksandspencer.com.tr/erkek-siyah-saf-pamuklu-5-li-cool-fresh-boxer-seti-5645079246/
MARKS-5645130550-L,L,https://www.marksandspencer.com.tr/erkek-mavi-saf-pamuklu-5-li-cool-fresh-boxer-seti-5645130551/
MARKS-5645130550-M,M,https://www.marksandspencer.com.tr/erkek-mavi-saf-pamuklu-5-li-cool-fresh-boxer-seti-5645130551/
MARKS-5645130550-S,S,https://www.marksandspencer.com.tr/erkek-mavi-saf-pamuklu-5-li-cool-fresh-boxer-seti-5645130551/
MARKS-5645130550-XL,XL,https://www.marksandspencer.com.tr/erkek-mavi-saf-pamuklu-5-li-cool-fresh-boxer-seti-5645130551/
MARKS-5645130550-XXL,XXL,https://www.marksandspencer.com.tr/erkek-mavi-saf-pamuklu-5-li-cool-fresh-boxer-seti-5645130551/
MARKS-5645130550-XXXL,XXXL,https://www.marksandspencer.com.tr/erkek-mavi-saf-pamuklu-5-li-cool-fresh-boxer-seti-5645130551/
MARKS-5645130550-XXXXL,XXXXL,https://www.marksandspencer.com.tr/erkek-mavi-saf-pamuklu-5-li-cool-fresh-boxer-seti-5645130551/
MARKS-5645130558-L,L,https://www.marksandspencer.com.tr/erkek-beyaz-saf-pamuklu-5-li-cool-fresh-boxer-seti-5645130558/
MARKS-5645130558-M,M,https://www.marksandspencer.com.tr/erkek-beyaz-saf-pamuklu-5-li-cool-fresh-boxer-seti-5645130558/
MARKS-5645130558-S,S,https://www.marksandspencer.com.tr/erkek-beyaz-saf-pamuklu-5-li-cool-fresh-boxer-seti-5645130558/
MARKS-5645130558-XL,XL,https://www.marksandspencer.com.tr/erkek-beyaz-saf-pamuklu-5-li-cool-fresh-boxer-seti-5645130558/
MARKS-5645130558-XXL,XXL,https://www.marksandspencer.com.tr/erkek-beyaz-saf-pamuklu-5-li-cool-fresh-boxer-seti-5645130558/
MARKS-5645130558-XXXL,XXXL,https://www.marksandspencer.com.tr/erkek-beyaz-saf-pamuklu-5-li-cool-fresh-boxer-seti-5645130558/
MARKS-5645139340-L,L,https://www.marksandspencer.com.tr/erkek-mavi-saf-pamuklu-5-li-cool-fresh-trunk-seti-5645139340/
MARKS-5645139340-M,M,https://www.marksandspencer.com.tr/erkek-mavi-saf-pamuklu-5-li-cool-fresh-trunk-seti-5645139340/
MARKS-5645139340-S,S,https://www.marksandspencer.com.tr/erkek-mavi-saf-pamuklu-5-li-cool-fresh-trunk-seti-5645139340/
MARKS-5645139340-XL,XL,https://www.marksandspencer.com.tr/erkek-mavi-saf-pamuklu-5-li-cool-fresh-trunk-seti-5645139340/
MARKS-5645139340-XXL,XXL,https://www.marksandspencer.com.tr/erkek-mavi-saf-pamuklu-5-li-cool-fresh-trunk-seti-5645139340/
MARKS-5645139340-XXXL,XXXL,https://www.marksandspencer.com.tr/erkek-mavi-saf-pamuklu-5-li-cool-fresh-trunk-seti-5645139340/
MARKS-5645139346-L,L,https://www.marksandspencer.com.tr/erkek-siyah-saf-pamuklu-5-li-cool-fresh-trunk-seti-5645139346/
MARKS-5645139346-M,M,https://www.marksandspencer.com.tr/erkek-siyah-saf-pamuklu-5-li-cool-fresh-trunk-seti-5645139346/
MARKS-5645139346-S,S,https://www.marksandspencer.com.tr/erkek-siyah-saf-pamuklu-5-li-cool-fresh-trunk-seti-5645139346/
MARKS-5645139346-XL,XL,https://www.marksandspencer.com.tr/erkek-siyah-saf-pamuklu-5-li-cool-fresh-trunk-seti-5645139346/
MARKS-5645139346-XXL,XXL,https://www.marksandspencer.com.tr/erkek-siyah-saf-pamuklu-5-li-cool-fresh-trunk-seti-5645139346/
MARKS-5645139346-XXXL,XXXL,https://www.marksandspencer.com.tr/erkek-siyah-saf-pamuklu-5-li-cool-fresh-trunk-seti-5645139346/
MARKS-5645139354-L,L,https://www.marksandspencer.com.tr/erkek-beyaz-saf-pamuklu-5-li-cool-fresh-trunk-seti-5645139354/
MARKS-5645139354-M,M,https://www.marksandspencer.com.tr/erkek-beyaz-saf-pamuklu-5-li-cool-fresh-trunk-seti-5645139354/
MARKS-5645139354-S,S,https://www.marksandspencer.com.tr/erkek-beyaz-saf-pamuklu-5-li-cool-fresh-trunk-seti-5645139354/
MARKS-5645139354-XL,XL,https://www.marksandspencer.com.tr/erkek-beyaz-saf-pamuklu-5-li-cool-fresh-trunk-seti-5645139354/
MARKS-5645139354-XXL,XXL,https://www.marksandspencer.com.tr/erkek-beyaz-saf-pamuklu-5-li-cool-fresh-trunk-seti-5645139354/
MARKS-5645139354-XXXL,XXXL,https://www.marksandspencer.com.tr/erkek-beyaz-saf-pamuklu-5-li-cool-fresh-trunk-seti-5645139354/
MARKS-5645139354-XXXXL,XXXXL,https://www.marksandspencer.com.tr/erkek-beyaz-saf-pamuklu-5-li-cool-fresh-trunk-seti-5645139354/
MARKS-5645947717-L,L,https://www.marksandspencer.com.tr/erkek-mavi-saf-pamuklu-5-li-cool-fresh-slip-kulot-seti-5645947717/
MARKS-5645947717-M,M,https://www.marksandspencer.com.tr/erkek-mavi-saf-pamuklu-5-li-cool-fresh-slip-kulot-seti-5645947717/
MARKS-5645947717-S,S,https://www.marksandspencer.com.tr/erkek-mavi-saf-pamuklu-5-li-cool-fresh-slip-kulot-seti-5645947717/
MARKS-5645947717-XL,XL,https://www.marksandspencer.com.tr/erkek-mavi-saf-pamuklu-5-li-cool-fresh-slip-kulot-seti-5645947717/
MARKS-5645947717-XXL,XXL,https://www.marksandspencer.com.tr/erkek-mavi-saf-pamuklu-5-li-cool-fresh-slip-kulot-seti-5645947717/
MARKS-5645947717-XXXL,XXXL,https://www.marksandspencer.com.tr/erkek-mavi-saf-pamuklu-5-li-cool-fresh-slip-kulot-seti-5645947717/
MARK-T14004843F-L,L,https://www.marksandspencer.com.tr/erkek-siyah-saf-pamuklu-5-li-cool-fresh-trunk-seti-5645139346/
MARK-T14004843F-M,M,https://www.marksandspencer.com.tr/erkek-siyah-saf-pamuklu-5-li-cool-fresh-trunk-seti-5645139346/
MARK-T14004843F-MAVI-L,L,https://www.marksandspencer.com.tr/erkek-siyah-saf-pamuklu-5-li-cool-fresh-trunk-seti-5645139346/
MARK-T14004843F-MAVI-M,M,https://www.marksandspencer.com.tr/erkek-siyah-saf-pamuklu-5-li-cool-fresh-trunk-seti-5645139346/
MARK-T14004843F-MAVI-S,S,https://www.marksandspencer.com.tr/erkek-siyah-saf-pamuklu-5-li-cool-fresh-trunk-seti-5645139346/
MARK-T14004843F-S,S,https://www.marksandspencer.com.tr/erkek-siyah-saf-pamuklu-5-li-cool-fresh-trunk-seti-5645139346/
MARK-T14008304F-L,L,https://www.marksandspencer.com.tr/erkek-mavi-saf-pamuklu-5-li-cool-fresh-boxer-seti-5645130551/
MARK-T14008304F-M,M,https://www.marksandspencer.com.tr/erkek-mavi-saf-pamuklu-5-li-cool-fresh-boxer-seti-5645130551/
MARK-T14008304F-MAVI-L,L,https://www.marksandspencer.com.tr/erkek-mavi-saf-pamuklu-5-li-cool-fresh-boxer-seti-5645130551/
MARK-T14008304F-MAVI-M,M,https://www.marksandspencer.com.tr/erkek-mavi-saf-pamuklu-5-li-cool-fresh-boxer-seti-5645130551/
MARK-T14008304F-MAVI-S,S,https://www.marksandspencer.com.tr/erkek-mavi-saf-pamuklu-5-li-cool-fresh-boxer-seti-5645130551/
MARK-T14008304F-MAVI-XXL,XXL,https://www.marksandspencer.com.tr/erkek-mavi-saf-pamuklu-5-li-cool-fresh-boxer-seti-5645130551/
MARK-T14008304F-MAVI-XXXL,XXXL,https://www.marksandspencer.com.tr/erkek-mavi-saf-pamuklu-5-li-cool-fresh-boxer-seti-5645130551/
MARK-T14008304F-MAVI-XXXXL,XXXXL,https://www.marksandspencer.com.tr/erkek-mavi-saf-pamuklu-5-li-cool-fresh-boxer-seti-5645130551/
MARK-T14008304F-S,S,https://www.marksandspencer.com.tr/erkek-mavi-saf-pamuklu-5-li-cool-fresh-boxer-seti-5645130551/
MS-10000000398867-L,L,https://www.marksandspencer.com.tr/erkek-koyu-lacivert-regular-fit-supima-r-pijama-alti-10000000398867/
MS-10000000398867-M,M,https://www.marksandspencer.com.tr/erkek-koyu-lacivert-regular-fit-supima-r-pijama-alti-10000000398867/
MS-10000000398867-S,S,https://www.marksandspencer.com.tr/erkek-koyu-lacivert-regular-fit-supima-r-pijama-alti-10000000398867/
MS-10000000398867-XL,XL,https://www.marksandspencer.com.tr/erkek-koyu-lacivert-regular-fit-supima-r-pijama-alti-10000000398867/
MS-10000000398867-XXL,XXL,https://www.marksandspencer.com.tr/erkek-koyu-lacivert-regular-fit-supima-r-pijama-alti-10000000398867/
MS-10000000398888-L,L,https://www.marksandspencer.com.tr/erkek-siyah-regular-fit-supima-r-pijama-alti-10000000398888/
MS-10000000398888-M,M,https://www.marksandspencer.com.tr/erkek-siyah-regular-fit-supima-r-pijama-alti-10000000398888/
MS-10000000398888-S,S,https://www.marksandspencer.com.tr/erkek-siyah-regular-fit-supima-r-pijama-alti-10000000398888/
MS-10000000398888-XL,XL,https://www.marksandspencer.com.tr/erkek-siyah-regular-fit-supima-r-pijama-alti-10000000398888/
MS-10000000398888-XXL,XXL,https://www.marksandspencer.com.tr/erkek-siyah-regular-fit-supima-r-pijama-alti-10000000398888/
MS-10000000398909-L,L,https://www.marksandspencer.com.tr/erkek-gri-supima-r-cotton-pijama-alti-10000000398909/
MS-10000000398909-M,M,https://www.marksandspencer.com.tr/erkek-gri-supima-r-cotton-pijama-alti-10000000398909/
MS-10000000398909-XL,XL,https://www.marksandspencer.com.tr/erkek-gri-supima-r-cotton-pijama-alti-10000000398909/
MS-10000000398909-XXL,XXL,https://www.marksandspencer.com.tr/erkek-gri-supima-r-cotton-pijama-alti-10000000398909/
MS-10000000398916-L,L,https://www.marksandspencer.com.tr/erkek-siyah-supima-r-cotton-pijama-alti-10000000398916/
MS-10000000398916-M,M,https://www.marksandspencer.com.tr/erkek-siyah-supima-r-cotton-pijama-alti-10000000398916/
MS-10000000398916-S,S,https://www.marksandspencer.com.tr/erkek-siyah-supima-r-cotton-pijama-alti-10000000398916/
MS-10000000398916-XL,XL,https://www.marksandspencer.com.tr/erkek-siyah-supima-r-cotton-pijama-alti-10000000398916/
MS-10000000398916-XXL,XXL,https://www.marksandspencer.com.tr/erkek-siyah-supima-r-cotton-pijama-alti-10000000398916/
MS-5645079246-L,L,https://www.marksandspencer.com.tr/erkek-siyah-saf-pamuklu-5-li-cool-fresh-boxer-seti-5645079246/
MS-5645079246-XXL,XXL,https://www.marksandspencer.com.tr/erkek-siyah-saf-pamuklu-5-li-cool-fresh-boxer-seti-5645079246/
MS-5645079246-XXXL,XXXL,https://www.marksandspencer.com.tr/erkek-siyah-saf-pamuklu-5-li-cool-fresh-boxer-seti-5645079246/
MS-5645130551-L,L,https://www.marksandspencer.com.tr/erkek-mavi-saf-pamuklu-5-li-cool-fresh-boxer-seti-5645130551/
MS-5645130551-M,M,https://www.marksandspencer.com.tr/erkek-mavi-saf-pamuklu-5-li-cool-fresh-boxer-seti-5645130551/
MS-5645130551-S,S,https://www.marksandspencer.com.tr/erkek-mavi-saf-pamuklu-5-li-cool-fresh-boxer-seti-5645130551/
MS-5645130551-XL,XL,https://www.marksandspencer.com.tr/erkek-mavi-saf-pamuklu-5-li-cool-fresh-boxer-seti-5645130551/
MS-5645673268-L,L,https://www.marksandspencer.com.tr/erkek-mavi-mix-saf-pamuklu-3-lu-brief-kulot-seti-5645673268/
MS-5645673268-M,M,https://www.marksandspencer.com.tr/erkek-mavi-mix-saf-pamuklu-3-lu-brief-kulot-seti-5645673268/
MS-5645673268-S,S,https://www.marksandspencer.com.tr/erkek-mavi-mix-saf-pamuklu-3-lu-brief-kulot-seti-5645673268/
MS-5645673268-XL,XL,https://www.marksandspencer.com.tr/erkek-mavi-mix-saf-pamuklu-3-lu-brief-kulot-seti-5645673268/
MS-5646337079-L,L,https://www.marksandspencer.com.tr/erkek-gri-saf-pamuklu-2-li-pijama-alti-seti-5646337079/
MS-5646337079-M,M,https://www.marksandspencer.com.tr/erkek-gri-saf-pamuklu-2-li-pijama-alti-seti-5646337079/
MS-5646337079-S,S,https://www.marksandspencer.com.tr/erkek-gri-saf-pamuklu-2-li-pijama-alti-seti-5646337079/
MS-5646337079-XL,XL,https://www.marksandspencer.com.tr/erkek-gri-saf-pamuklu-2-li-pijama-alti-seti-5646337079/
MS-5646337079-XXL,XXL,https://www.marksandspencer.com.tr/erkek-gri-saf-pamuklu-2-li-pijama-alti-seti-5646337079/
MS-5646337086-L,L,https://www.marksandspencer.com.tr/erkek-mavi-saf-pamuklu-2-li-pijama-alti-seti-5646337086/
MS-5646337086-M,M,https://www.marksandspencer.com.tr/erkek-mavi-saf-pamuklu-2-li-pijama-alti-seti-5646337086/
MS-5646337086-S,S,https://www.marksandspencer.com.tr/erkek-mavi-saf-pamuklu-2-li-pijama-alti-seti-5646337086/
MS-5646337086-XL,XL,https://www.marksandspencer.com.tr/erkek-mavi-saf-pamuklu-2-li-pijama-alti-seti-5646337086/
MS-5646337086-XXL,XXL,https://www.marksandspencer.com.tr/erkek-mavi-saf-pamuklu-2-li-pijama-alti-seti-5646337086/
MS-5646337098-L,L,https://www.marksandspencer.com.tr/erkek-gri-saf-pamuklu-2-li-pijama-alti-seti-5646337098/
MS-5646337098-M,M,https://www.marksandspencer.com.tr/erkek-gri-saf-pamuklu-2-li-pijama-alti-seti-5646337098/
MS-5646337098-S,S,https://www.marksandspencer.com.tr/erkek-gri-saf-pamuklu-2-li-pijama-alti-seti-5646337098/
MS-5646337098-XL,XL,https://www.marksandspencer.com.tr/erkek-gri-saf-pamuklu-2-li-pijama-alti-seti-5646337098/
MS-5646337098-XXL,XXL,https://www.marksandspencer.com.tr/erkek-gri-saf-pamuklu-2-li-pijama-alti-seti-5646337098/
MS-5646337103-L,L,https://www.marksandspencer.com.tr/erkek-mavi-saf-pamuklu-2-li-pijama-alti-seti-5646337103/
MS-5646337103-M,M,https://www.marksandspencer.com.tr/erkek-mavi-saf-pamuklu-2-li-pijama-alti-seti-5646337103/
MS-5646337103-S,S,https://www.marksandspencer.com.tr/erkek-mavi-saf-pamuklu-2-li-pijama-alti-seti-5646337103/
MS-5646337103-XL,XL,https://www.marksandspencer.com.tr/erkek-mavi-saf-pamuklu-2-li-pijama-alti-seti-5646337103/
MS-5646337103-XXL,XXL,https://www.marksandspencer.com.tr/erkek-mavi-saf-pamuklu-2-li-pijama-alti-seti-5646337103/
MS-T14002533F-MAVI-S,S,https://www.marksandspencer.com.tr/erkek-siyah-saf-pamuklu-5-li-cool-fresh-slip-kulot-seti-5645947706/?integration_color=DENIM+MIX
MS-T14002533F-MAVI-M,M,https://www.marksandspencer.com.tr/erkek-siyah-saf-pamuklu-5-li-cool-fresh-slip-kulot-seti-5645947706/?integration_color=DENIM+MIX
MS-T14002533F-MAVI-L,L,https://www.marksandspencer.com.tr/erkek-siyah-saf-pamuklu-5-li-cool-fresh-slip-kulot-seti-5645947706/?integration_color=DENIM+MIX
MS-T14002533F-MAVI-XL,XL,https://www.marksandspencer.com.tr/erkek-siyah-saf-pamuklu-5-li-cool-fresh-slip-kulot-seti-5645947706/?integration_color=DENIM+MIX
MS-T14002533F-MAVI-XXL,XXL,https://www.marksandspencer.com.tr/erkek-siyah-saf-pamuklu-5-li-cool-fresh-slip-kulot-seti-5645947706/?integration_color=DENIM+MIX
MS-T14002533F-MAVI-3XL,XXXL,https://www.marksandspencer.com.tr/erkek-siyah-saf-pamuklu-5-li-cool-fresh-slip-kulot-seti-5645947706/?integration_color=DENIM+MIX
MS-T14003846-S,S,https://www.marksandspencer.com.tr/erkek-koyu-lacivert-saf-pamuklu-5-li-dokuma-boxer-seti-10000000277947/
MS-T14003846-M,M,https://www.marksandspencer.com.tr/erkek-koyu-lacivert-saf-pamuklu-5-li-dokuma-boxer-seti-10000000277947/
MS-T14003846-L,L,https://www.marksandspencer.com.tr/erkek-koyu-lacivert-saf-pamuklu-5-li-dokuma-boxer-seti-10000000277947/
MS-T14003846-XL,XL,https://www.marksandspencer.com.tr/erkek-koyu-lacivert-saf-pamuklu-5-li-dokuma-boxer-seti-10000000277947/
MS-T14003846-XXL,XXL,https://www.marksandspencer.com.tr/erkek-koyu-lacivert-saf-pamuklu-5-li-dokuma-boxer-seti-10000000277947/
MS-T14004787S-SIYAH-S,S,https://www.marksandspencer.com.tr/erkek-beyaz-5-li-cool-fresh-tm-trunk-seti-10000000400299/?integration_color=BLACK
MS-T14004787S-SIYAH-M,M,https://www.marksandspencer.com.tr/erkek-beyaz-5-li-cool-fresh-tm-trunk-seti-10000000400299/?integration_color=BLACK
MS-T14004787S-SIYAH-L,L,https://www.marksandspencer.com.tr/erkek-beyaz-5-li-cool-fresh-tm-trunk-seti-10000000400299/?integration_color=BLACK
MS-T14004787S-SIYAH-XL,XL,https://www.marksandspencer.com.tr/erkek-beyaz-5-li-cool-fresh-tm-trunk-seti-10000000400299/?integration_color=BLACK
MS-T14004787S-SIYAH-XXL,XXL,https://www.marksandspencer.com.tr/erkek-beyaz-5-li-cool-fresh-tm-trunk-seti-10000000400299/?integration_color=BLACK
MS-T14004787S-SIYAH-3XL,XXXL,https://www.marksandspencer.com.tr/erkek-beyaz-5-li-cool-fresh-tm-trunk-seti-10000000400299/?integration_color=BLACK
MS-T14004793S-GRI-S,S,https://www.marksandspencer.com.tr/erkek-mavi-mix-5-li-cool-fresh-tm-trunk-seti-10000000400305/?integration_color=GREY+MIX
MS-T14004793S-GRI-M,M,https://www.marksandspencer.com.tr/erkek-mavi-mix-5-li-cool-fresh-tm-trunk-seti-10000000400305/?integration_color=GREY+MIX
MS-T14004793S-GRI-L,L,https://www.marksandspencer.com.tr/erkek-mavi-mix-5-li-cool-fresh-tm-trunk-seti-10000000400305/?integration_color=GREY+MIX
MS-T14004793S-GRI-XL,XL,https://www.marksandspencer.com.tr/erkek-mavi-mix-5-li-cool-fresh-tm-trunk-seti-10000000400305/?integration_color=GREY+MIX
MS-T14004793S-GRI-XXL,XXL,https://www.marksandspencer.com.tr/erkek-mavi-mix-5-li-cool-fresh-tm-trunk-seti-10000000400305/?integration_color=GREY+MIX
MS-T14004793S-GRI-3XL,XXXL,https://www.marksandspencer.com.tr/erkek-mavi-mix-5-li-cool-fresh-tm-trunk-seti-10000000400305/?integration_color=GREY+MIX
MS-T14004793S-MAVI-S,S,https://www.marksandspencer.com.tr/erkek-mavi-mix-5-li-cool-fresh-tm-trunk-seti-10000000400305/?integration_color=BLUE+MIX
MS-T14004793S-MAVI-M,M,https://www.marksandspencer.com.tr/erkek-mavi-mix-5-li-cool-fresh-tm-trunk-seti-10000000400305/?integration_color=BLUE+MIX
MS-T14004793S-MAVI-L,L,https://www.marksandspencer.com.tr/erkek-mavi-mix-5-li-cool-fresh-tm-trunk-seti-10000000400305/?integration_color=BLUE+MIX
MS-T14004793S-MAVI-XL,XL,https://www.marksandspencer.com.tr/erkek-mavi-mix-5-li-cool-fresh-tm-trunk-seti-10000000400305/?integration_color=BLUE+MIX
MS-T14004793S-MAVI-XXL,XXL,https://www.marksandspencer.com.tr/erkek-mavi-mix-5-li-cool-fresh-tm-trunk-seti-10000000400305/?integration_color=BLUE+MIX
MS-T14004793S-MAVI-3XL,XXXL,https://www.marksandspencer.com.tr/erkek-mavi-mix-5-li-cool-fresh-tm-trunk-seti-10000000400305/?integration_color=BLUE+MIX
MS-T14006221A-SIYAH-S,S,https://www.marksandspencer.com.tr/erkek-siyah-mix-5-li-supima-r-cotton-brief-kulot-seti-10000000417166/?integration_color=BLACK+MIX
MS-T14006221A-SIYAH-M,M,https://www.marksandspencer.com.tr/erkek-siyah-mix-5-li-supima-r-cotton-brief-kulot-seti-10000000417166/?integration_color=BLACK+MIX
MS-T14006221A-SIYAH-L,L,https://www.marksandspencer.com.tr/erkek-siyah-mix-5-li-supima-r-cotton-brief-kulot-seti-10000000417166/?integration_color=BLACK+MIX
MS-T14006221A-SIYAH-XL,XL,https://www.marksandspencer.com.tr/erkek-siyah-mix-5-li-supima-r-cotton-brief-kulot-seti-10000000417166/?integration_color=BLACK+MIX
MS-T14006221A-SIYAH-XXL,XXL,https://www.marksandspencer.com.tr/erkek-siyah-mix-5-li-supima-r-cotton-brief-kulot-seti-10000000417166/?integration_color=BLACK+MIX
MS-T14006665C-S,S,https://www.marksandspencer.com.tr/erkek-mavi-mix-saf-pamuklu-3-lu-brief-kulot-seti-5645673268/
MS-T14006665C-M,M,https://www.marksandspencer.com.tr/erkek-mavi-mix-saf-pamuklu-3-lu-brief-kulot-seti-5645673268/
MS-T14006665C-L,L,https://www.marksandspencer.com.tr/erkek-mavi-mix-saf-pamuklu-3-lu-brief-kulot-seti-5645673268/
MS-T14006665C-XL,XL,https://www.marksandspencer.com.tr/erkek-mavi-mix-saf-pamuklu-3-lu-brief-kulot-seti-5645673268/
MS-T14006665C-XXL,XXL,https://www.marksandspencer.com.tr/erkek-mavi-mix-saf-pamuklu-3-lu-brief-kulot-seti-5645673268/
MS-T14006705C-S,S,https://www.marksandspencer.com.tr/erkek-lacivert-3-lu-cool-fresh-tm-brief-seti-5646268649/
MS-T14006705C-M,M,https://www.marksandspencer.com.tr/erkek-lacivert-3-lu-cool-fresh-tm-brief-seti-5646268649/
MS-T14006705C-L,L,https://www.marksandspencer.com.tr/erkek-lacivert-3-lu-cool-fresh-tm-brief-seti-5646268649/
MS-T14006705C-XL,XL,https://www.marksandspencer.com.tr/erkek-lacivert-3-lu-cool-fresh-tm-brief-seti-5646268649/
MS-T14006705C-XXL,XXL,https://www.marksandspencer.com.tr/erkek-lacivert-3-lu-cool-fresh-tm-brief-seti-5646268649/
MS-T14006766S-BEYAZ-S,S,https://www.marksandspencer.com.tr/erkek-siyah-5-li-cool-fresh-tm-brief-kulot-seti-10000000400163/?integration_color=WHITE
MS-T14006766S-BEYAZ-M,M,https://www.marksandspencer.com.tr/erkek-siyah-5-li-cool-fresh-tm-brief-kulot-seti-10000000400163/?integration_color=WHITE
MS-T14006766S-BEYAZ-L,L,https://www.marksandspencer.com.tr/erkek-siyah-5-li-cool-fresh-tm-brief-kulot-seti-10000000400163/?integration_color=WHITE
MS-T14006766S-BEYAZ-XL,XL,https://www.marksandspencer.com.tr/erkek-siyah-5-li-cool-fresh-tm-brief-kulot-seti-10000000400163/?integration_color=WHITE
MS-T14006766S-BEYAZ-XXL,XXL,https://www.marksandspencer.com.tr/erkek-siyah-5-li-cool-fresh-tm-brief-kulot-seti-10000000400163/?integration_color=WHITE
MS-T14006766S-BEYAZ-3XL,XXXL,https://www.marksandspencer.com.tr/erkek-siyah-5-li-cool-fresh-tm-brief-kulot-seti-10000000400163/?integration_color=WHITE
MS-T14005307A-SIYAH-S,S,https://www.marksandspencer.com.tr/erkek-beyaz-3-lu-supima-r-brief-boxer-seti-10000000698719/?integration_color=BLACK
MS-T14005307A-SIYAH-M,M,https://www.marksandspencer.com.tr/erkek-beyaz-3-lu-supima-r-brief-boxer-seti-10000000698719/?integration_color=BLACK
MS-T14005307A-SIYAH-L,L,https://www.marksandspencer.com.tr/erkek-beyaz-3-lu-supima-r-brief-boxer-seti-10000000698719/?integration_color=BLACK
MS-T14005307A-SIYAH-XL,XL,https://www.marksandspencer.com.tr/erkek-beyaz-3-lu-supima-r-brief-boxer-seti-10000000698719/?integration_color=BLACK
MS-T14005307A-SIYAH-XXL,XXL,https://www.marksandspencer.com.tr/erkek-beyaz-3-lu-supima-r-brief-boxer-seti-10000000698719/?integration_color=BLACK
MS-T14005318A-SIYAH-S,S,https://www.marksandspencer.com.tr/erkek-gri-3-lu-supima-r-trunk-boxer-seti-10000000698657/?integration_color=BLACK
MS-T14005318A-SIYAH-M,M,https://www.marksandspencer.com.tr/erkek-gri-3-lu-supima-r-trunk-boxer-seti-10000000698657/?integration_color=BLACK
MS-T14005318A-SIYAH-L,L,https://www.marksandspencer.com.tr/erkek-gri-3-lu-supima-r-trunk-boxer-seti-10000000698657/?integration_color=BLACK
MS-T14005318A-SIYAH-XL,XL,https://www.marksandspencer.com.tr/erkek-gri-3-lu-supima-r-trunk-boxer-seti-10000000698657/?integration_color=BLACK
MS-T14005318A-SIYAH-XXL,XXL,https://www.marksandspencer.com.tr/erkek-gri-3-lu-supima-r-trunk-boxer-seti-10000000698657/?integration_color=BLACK
MS-T07001237A-GRI-S,S,https://www.marksandspencer.com.tr/erkek-yesil-supima-r-cotton-pijama-alti-10000000913300/?integration_color=GREY+MARL
MS-T07001237A-GRI-M,M,https://www.marksandspencer.com.tr/erkek-yesil-supima-r-cotton-pijama-alti-10000000913300/?integration_color=GREY+MARL
MS-T07001237A-GRI-L,L,https://www.marksandspencer.com.tr/erkek-yesil-supima-r-cotton-pijama-alti-10000000913300/?integration_color=GREY+MARL
MS-T07001237A-GRI-XL,XL,https://www.marksandspencer.com.tr/erkek-yesil-supima-r-cotton-pijama-alti-10000000913300/?integration_color=GREY+MARL
MS-T07001237A-GRI-XXL,XXL,https://www.marksandspencer.com.tr/erkek-yesil-supima-r-cotton-pijama-alti-10000000913300/?integration_color=GREY+MARL
MS-T07001237A-SIYAH-S,S,https://www.marksandspencer.com.tr/erkek-yesil-supima-r-cotton-pijama-alti-10000000913300/?integration_color=BLACK
MS-T07001237A-SIYAH-M,M,https://www.marksandspencer.com.tr/erkek-yesil-supima-r-cotton-pijama-alti-10000000913300/?integration_color=BLACK
MS-T07001237A-SIYAH-L,L,https://www.marksandspencer.com.tr/erkek-yesil-supima-r-cotton-pijama-alti-10000000913300/?integration_color=BLACK
MS-T07001237A-SIYAH-XL,XL,https://www.marksandspencer.com.tr/erkek-yesil-supima-r-cotton-pijama-alti-10000000913300/?integration_color=BLACK
MS-T07001237A-SIYAH-XXL,XXL,https://www.marksandspencer.com.tr/erkek-yesil-supima-r-cotton-pijama-alti-10000000913300/?integration_color=BLACK
MS-T07000063-YESIL-S,S,https://www.marksandspencer.com.tr/erkek-yesil-saf-pamuklu-kisa-kollu-pijama-takimi-10000000624982/?integration_color=KHAKI+MIX
MS-T07000063-YESIL-M,M,https://www.marksandspencer.com.tr/erkek-yesil-saf-pamuklu-kisa-kollu-pijama-takimi-10000000624982/?integration_color=KHAKI+MIX
MS-T07000063-YESIL-L,L,https://www.marksandspencer.com.tr/erkek-yesil-saf-pamuklu-kisa-kollu-pijama-takimi-10000000624982/?integration_color=KHAKI+MIX
MS-T07000063-YESIL-XL,XL,https://www.marksandspencer.com.tr/erkek-yesil-saf-pamuklu-kisa-kollu-pijama-takimi-10000000624982/?integration_color=KHAKI+MIX
MS-T07000063-YESIL-XXL,XXL,https://www.marksandspencer.com.tr/erkek-yesil-saf-pamuklu-kisa-kollu-pijama-takimi-10000000624982/?integration_color=KHAKI+MIX
MS-T07001231A-GRI-S,S,https://www.marksandspencer.com.tr/erkek-siyah-regular-fit-supima-r-pijama-alti-10000000398888/?integration_color=GREY+MARL
MS-T07001231A-GRI-M,M,https://www.marksandspencer.com.tr/erkek-siyah-regular-fit-supima-r-pijama-alti-10000000398888/?integration_color=GREY+MARL
MS-T07001231A-GRI-L,L,https://www.marksandspencer.com.tr/erkek-siyah-regular-fit-supima-r-pijama-alti-10000000398888/?integration_color=GREY+MARL
MS-T07001231A-GRI-XL,XL,https://www.marksandspencer.com.tr/erkek-siyah-regular-fit-supima-r-pijama-alti-10000000398888/?integration_color=GREY+MARL
MS-T07001231A-GRI-XXL,XXL,https://www.marksandspencer.com.tr/erkek-siyah-regular-fit-supima-r-pijama-alti-10000000398888/?integration_color=GREY+MARL
MS-T07001231A-SIYAH-S,S,https://www.marksandspencer.com.tr/erkek-siyah-regular-fit-supima-r-pijama-alti-10000000398888/?integration_color=BLACK
MS-T07001231A-SIYAH-M,M,https://www.marksandspencer.com.tr/erkek-siyah-regular-fit-supima-r-pijama-alti-10000000398888/?integration_color=BLACK
MS-T07001231A-SIYAH-L,L,https://www.marksandspencer.com.tr/erkek-siyah-regular-fit-supima-r-pijama-alti-10000000398888/?integration_color=BLACK
MS-T07001231A-SIYAH-XL,XL,https://www.marksandspencer.com.tr/erkek-siyah-regular-fit-supima-r-pijama-alti-10000000398888/?integration_color=BLACK
MS-T07001231A-SIYAH-XXL,XXL,https://www.marksandspencer.com.tr/erkek-siyah-regular-fit-supima-r-pijama-alti-10000000398888/?integration_color=BLACK
MS-T07000047-LACIVERT-S,S,https://www.marksandspencer.com.tr/erkek-lacivert-regular-fit-kisa-kollu-pijama-takimi-10000000335099/
MS-T07000047-LACIVERT-M,M,https://www.marksandspencer.com.tr/erkek-lacivert-regular-fit-kisa-kollu-pijama-takimi-10000000335099/
MS-T07000047-LACIVERT-L,L,https://www.marksandspencer.com.tr/erkek-lacivert-regular-fit-kisa-kollu-pijama-takimi-10000000335099/
MS-T07000047-LACIVERT-XL,XL,https://www.marksandspencer.com.tr/erkek-lacivert-regular-fit-kisa-kollu-pijama-takimi-10000000335099/
MS-T07000047-LACIVERT-XXL,XXL,https://www.marksandspencer.com.tr/erkek-lacivert-regular-fit-kisa-kollu-pijama-takimi-10000000335099/
MS-T07000500-MAVI-S,S,https://www.marksandspencer.com.tr/erkek-gri-mix-saf-pamuklu-2-li-pijama-alti-seti-5646337098/?integration_color=BLUE+MIX
MS-T07000500-MAVI-M,M,https://www.marksandspencer.com.tr/erkek-gri-mix-saf-pamuklu-2-li-pijama-alti-seti-5646337098/?integration_color=BLUE+MIX
MS-T07000500-MAVI-L,L,https://www.marksandspencer.com.tr/erkek-gri-mix-saf-pamuklu-2-li-pijama-alti-seti-5646337098/?integration_color=BLUE+MIX
MS-T07000500-MAVI-XL,XL,https://www.marksandspencer.com.tr/erkek-gri-mix-saf-pamuklu-2-li-pijama-alti-seti-5646337098/?integration_color=BLUE+MIX
MS-T07000500-MAVI-XXL,XXL,https://www.marksandspencer.com.tr/erkek-gri-mix-saf-pamuklu-2-li-pijama-alti-seti-5646337098/?integration_color=BLUE+MIX
MS-T07000500-GRI-S,S,https://www.marksandspencer.com.tr/erkek-gri-mix-saf-pamuklu-2-li-pijama-alti-seti-5646337098/?integration_color=GREY+MIX
MS-T07000500-GRI-M,M,https://www.marksandspencer.com.tr/erkek-gri-mix-saf-pamuklu-2-li-pijama-alti-seti-5646337098/?integration_color=GREY+MIX
MS-T07000500-GRI-L,L,https://www.marksandspencer.com.tr/erkek-gri-mix-saf-pamuklu-2-li-pijama-alti-seti-5646337098/?integration_color=GREY+MIX
MS-T07000500-GRI-XL,XL,https://www.marksandspencer.com.tr/erkek-gri-mix-saf-pamuklu-2-li-pijama-alti-seti-5646337098/?integration_color=GREY+MIX
MS-T07000500-GRI-XXL,XXL,https://www.marksandspencer.com.tr/erkek-gri-mix-saf-pamuklu-2-li-pijama-alti-seti-5646337098/?integration_color=GREY+MIX
MS-T07000002-MAVI-S,S,https://www.marksandspencer.com.tr/erkek-gri-mix-saf-pamuklu-2-li-pijama-alti-seti-5646337079/?integration_color=BLUE+MIX
MS-T07000002-MAVI-M,M,https://www.marksandspencer.com.tr/erkek-gri-mix-saf-pamuklu-2-li-pijama-alti-seti-5646337079/?integration_color=BLUE+MIX
MS-T07000002-MAVI-L,L,https://www.marksandspencer.com.tr/erkek-gri-mix-saf-pamuklu-2-li-pijama-alti-seti-5646337079/?integration_color=BLUE+MIX
MS-T07000002-MAVI-XL,XL,https://www.marksandspencer.com.tr/erkek-gri-mix-saf-pamuklu-2-li-pijama-alti-seti-5646337079/?integration_color=BLUE+MIX
MS-T07000002-MAVI-XXL,XXL,https://www.marksandspencer.com.tr/erkek-gri-mix-saf-pamuklu-2-li-pijama-alti-seti-5646337079/?integration_color=BLUE+MIX
MARK-5645562665-50,50,https://www.marksandspencer.com.tr/kadin-siyah-5-li-dantel-detayli-full-brief-kulot-seti-5645562665/
MARKS-5643339949-34,34,https://www.marksandspencer.com.tr/kadin-siyah-5-li-cotton-lycra-registered-short-kulot-seti-5643339949/
MARKS-5643339949-36,36,https://www.marksandspencer.com.tr/kadin-siyah-5-li-cotton-lycra-registered-short-kulot-seti-5643339949/
MARKS-5643339949-38,38,https://www.marksandspencer.com.tr/kadin-siyah-5-li-cotton-lycra-registered-short-kulot-seti-5643339949/
MARKS-5643339949-40,40,https://www.marksandspencer.com.tr/kadin-siyah-5-li-cotton-lycra-registered-short-kulot-seti-5643339949/
MARKS-5643339949-42,42,https://www.marksandspencer.com.tr/kadin-siyah-5-li-cotton-lycra-registered-short-kulot-seti-5643339949/
MARKS-5643339949-44,44,https://www.marksandspencer.com.tr/kadin-siyah-5-li-cotton-lycra-registered-short-kulot-seti-5643339949/
MARKS-5643339949-46,46,https://www.marksandspencer.com.tr/kadin-siyah-5-li-cotton-lycra-registered-short-kulot-seti-5643339949/
MARKS-5643339949-48,48,https://www.marksandspencer.com.tr/kadin-siyah-5-li-cotton-lycra-registered-short-kulot-seti-5643339949/
MARKS-5644858122-34,34,https://www.marksandspencer.com.tr/kadin-siyah-5-li-dikissiz-full-brief-kulot-seti-5644858122/
MARKS-5644858122-36,36,https://www.marksandspencer.com.tr/kadin-siyah-5-li-dikissiz-full-brief-kulot-seti-5644858122/
MARKS-5644858122-38,38,https://www.marksandspencer.com.tr/kadin-siyah-5-li-dikissiz-full-brief-kulot-seti-5644858122/
MARKS-5644858122-40,40,https://www.marksandspencer.com.tr/kadin-siyah-5-li-dikissiz-full-brief-kulot-seti-5644858122/
MARKS-5644858122-42,42,https://www.marksandspencer.com.tr/kadin-siyah-5-li-dikissiz-full-brief-kulot-seti-5644858122/
MARKS-5644858122-44,44,https://www.marksandspencer.com.tr/kadin-siyah-5-li-dikissiz-full-brief-kulot-seti-5644858122/
MARKS-5644858122-46,46,https://www.marksandspencer.com.tr/kadin-siyah-5-li-dikissiz-full-brief-kulot-seti-5644858122/
MARKS-5644858122-48,48,https://www.marksandspencer.com.tr/kadin-siyah-5-li-dikissiz-full-brief-kulot-seti-5644858122/
MARKS-5644858122-50,50,https://www.marksandspencer.com.tr/kadin-siyah-5-li-dikissiz-full-brief-kulot-seti-5644858122/
MARKS-5644858122-52,52,https://www.marksandspencer.com.tr/kadin-siyah-5-li-dikissiz-full-brief-kulot-seti-5644858122/
MARKS-5645116915-L,L,https://www.marksandspencer.com.tr/erkek-beyaz-5-li-cool-fresh-hipster-kulot-seti-5645116915/
MARKS-5645116915-M,M,https://www.marksandspencer.com.tr/erkek-beyaz-5-li-cool-fresh-hipster-kulot-seti-5645116915/
MARKS-5645116915-S,S,https://www.marksandspencer.com.tr/erkek-beyaz-5-li-cool-fresh-hipster-kulot-seti-5645116915/
MARKS-5645116915-XL,XL,https://www.marksandspencer.com.tr/erkek-beyaz-5-li-cool-fresh-hipster-kulot-seti-5645116915/
MARKS-5645116915-XXL,XXL,https://www.marksandspencer.com.tr/erkek-beyaz-5-li-cool-fresh-hipster-kulot-seti-5645116915/
MARKS-5645562665-34,34,https://www.marksandspencer.com.tr/kadin-siyah-5-li-dantel-detayli-full-brief-kulot-seti-5645562665/
MARKS-5645562665-36,36,https://www.marksandspencer.com.tr/kadin-siyah-5-li-dantel-detayli-full-brief-kulot-seti-5645562665/
MARKS-5645562665-38,38,https://www.marksandspencer.com.tr/kadin-siyah-5-li-dantel-detayli-full-brief-kulot-seti-5645562665/
MARKS-5645562665-40,40,https://www.marksandspencer.com.tr/kadin-siyah-5-li-dantel-detayli-full-brief-kulot-seti-5645562665/
MARKS-5645562665-42,42,https://www.marksandspencer.com.tr/kadin-siyah-5-li-dantel-detayli-full-brief-kulot-seti-5645562665/
MARKS-5645562665-44,44,https://www.marksandspencer.com.tr/kadin-siyah-5-li-dantel-detayli-full-brief-kulot-seti-5645562665/
MARKS-5645562665-46,46,https://www.marksandspencer.com.tr/kadin-siyah-5-li-dantel-detayli-full-brief-kulot-seti-5645562665/
MARKS-5645562665-48,48,https://www.marksandspencer.com.tr/kadin-siyah-5-li-dantel-detayli-full-brief-kulot-seti-5645562665/
MARKS-5645562665-50,50,https://www.marksandspencer.com.tr/kadin-siyah-5-li-dantel-detayli-full-brief-kulot-seti-5645562665/
MS-10000000127398-36,36,https://www.marksandspencer.com.tr/kadin-siyah-3-lu-flexifit-tm-dantel-full-brief-kulot-seti-10000000127398/
MS-10000000127398-38,38,https://www.marksandspencer.com.tr/kadin-siyah-3-lu-flexifit-tm-dantel-full-brief-kulot-seti-10000000127398/
MS-10000000127398-40,40,https://www.marksandspencer.com.tr/kadin-siyah-3-lu-flexifit-tm-dantel-full-brief-kulot-seti-10000000127398/
MS-10000000127398-42,42,https://www.marksandspencer.com.tr/kadin-siyah-3-lu-flexifit-tm-dantel-full-brief-kulot-seti-10000000127398/
MS-10000000127398-44,44,https://www.marksandspencer.com.tr/kadin-siyah-3-lu-flexifit-tm-dantel-full-brief-kulot-seti-10000000127398/
MS-10000000127398-46,46,https://www.marksandspencer.com.tr/kadin-siyah-3-lu-flexifit-tm-dantel-full-brief-kulot-seti-10000000127398/
MS-10000000127398-48,48,https://www.marksandspencer.com.tr/kadin-siyah-3-lu-flexifit-tm-dantel-full-brief-kulot-seti-10000000127398/
MS-10000000127398-50,50,https://www.marksandspencer.com.tr/kadin-siyah-3-lu-flexifit-tm-dantel-full-brief-kulot-seti-10000000127398/
MAR-T61004902F-SIYAH-36EU,36,https://www.marksandspencer.com.tr/kadin-beyaz-3-lu-flexifit-tm-dantel-full-brief-kulot-seti-10000000127676/?integration_color=BLACK
MAR-T61004902F-SIYAH-38EU,38,https://www.marksandspencer.com.tr/kadin-beyaz-3-lu-flexifit-tm-dantel-full-brief-kulot-seti-10000000127676/?integration_color=BLACK
MAR-T61004902F-SIYAH-40EU,40,https://www.marksandspencer.com.tr/kadin-beyaz-3-lu-flexifit-tm-dantel-full-brief-kulot-seti-10000000127676/?integration_color=BLACK
MAR-T61004902F-SIYAH-42EU,42,https://www.marksandspencer.com.tr/kadin-beyaz-3-lu-flexifit-tm-dantel-full-brief-kulot-seti-10000000127676/?integration_color=BLACK
MAR-T61004902F-SIYAH-44EU,44,https://www.marksandspencer.com.tr/kadin-beyaz-3-lu-flexifit-tm-dantel-full-brief-kulot-seti-10000000127676/?integration_color=BLACK
MAR-T61004902F-SIYAH-46EU,46,https://www.marksandspencer.com.tr/kadin-beyaz-3-lu-flexifit-tm-dantel-full-brief-kulot-seti-10000000127676/?integration_color=BLACK
MAR-T61004902F-SIYAH-48EU,48,https://www.marksandspencer.com.tr/kadin-beyaz-3-lu-flexifit-tm-dantel-full-brief-kulot-seti-10000000127676/?integration_color=BLACK
MAR-T61004902F-SIYAH-50EU,50,https://www.marksandspencer.com.tr/kadin-beyaz-3-lu-flexifit-tm-dantel-full-brief-kulot-seti-10000000127676/?integration_color=BLACK
MAR-T61005204N-BEJ-36EU,36,https://www.marksandspencer.com.tr/kadin-pembe-kuvars-3-lu-flexifit-tm-bikini-kulot-10000000549909/
MAR-T61005204N-BEJ-38EU,38,https://www.marksandspencer.com.tr/kadin-pembe-kuvars-3-lu-flexifit-tm-bikini-kulot-10000000549909/
MAR-T61005204N-BEJ-40EU,40,https://www.marksandspencer.com.tr/kadin-pembe-kuvars-3-lu-flexifit-tm-bikini-kulot-10000000549909/
MAR-T61005204N-BEJ-42EU,42,https://www.marksandspencer.com.tr/kadin-pembe-kuvars-3-lu-flexifit-tm-bikini-kulot-10000000549909/
MAR-T61005204N-BEJ-44EU,44,https://www.marksandspencer.com.tr/kadin-pembe-kuvars-3-lu-flexifit-tm-bikini-kulot-10000000549909/
MAR-T61005780S-1-SIYAH-36,36,https://www.marksandspencer.com.tr/kadin-siyah-3-lu-paket-amelia-dantelli-yuksek-bel-sort-kulot-seti-10000000610057/
MAR-T61005780S-1-SIYAH-38,38,https://www.marksandspencer.com.tr/kadin-siyah-3-lu-paket-amelia-dantelli-yuksek-bel-sort-kulot-seti-10000000610057/
MAR-T61005780S-1-SIYAH-40,40,https://www.marksandspencer.com.tr/kadin-siyah-3-lu-paket-amelia-dantelli-yuksek-bel-sort-kulot-seti-10000000610057/
MAR-T61005780S-1-SIYAH-42,42,https://www.marksandspencer.com.tr/kadin-siyah-3-lu-paket-amelia-dantelli-yuksek-bel-sort-kulot-seti-10000000610057/
MAR-T61005780S-1-SIYAH-44,44,https://www.marksandspencer.com.tr/kadin-siyah-3-lu-paket-amelia-dantelli-yuksek-bel-sort-kulot-seti-10000000610057/
MAR-T61005780S-1-SIYAH-46,46,https://www.marksandspencer.com.tr/kadin-siyah-3-lu-paket-amelia-dantelli-yuksek-bel-sort-kulot-seti-10000000610057/
MAR-T61005780S-1-BEYAZ-36,36,https://www.marksandspencer.com.tr/kadin-siyah-3-lu-paket-amelia-dantelli-yuksek-bel-sort-kulot-seti-10000000610057/?integration_color=WHITE
MAR-T61005780S-1-BEYAZ-38,38,https://www.marksandspencer.com.tr/kadin-siyah-3-lu-paket-amelia-dantelli-yuksek-bel-sort-kulot-seti-10000000610057/?integration_color=WHITE
MAR-T61005780S-1-BEYAZ-40,40,https://www.marksandspencer.com.tr/kadin-siyah-3-lu-paket-amelia-dantelli-yuksek-bel-sort-kulot-seti-10000000610057/?integration_color=WHITE
MAR-T61005780S-1-BEYAZ-42,42,https://www.marksandspencer.com.tr/kadin-siyah-3-lu-paket-amelia-dantelli-yuksek-bel-sort-kulot-seti-10000000610057/?integration_color=WHITE
MAR-T61005780S-1-BEYAZ-44,44,https://www.marksandspencer.com.tr/kadin-siyah-3-lu-paket-amelia-dantelli-yuksek-bel-sort-kulot-seti-10000000610057/?integration_color=WHITE
MAR-T61005780S-1-BEYAZ-46,46,https://www.marksandspencer.com.tr/kadin-siyah-3-lu-paket-amelia-dantelli-yuksek-bel-sort-kulot-seti-10000000610057/?integration_color=WHITE
MAR-T61004287-1-BEYAZ-38,38,https://www.marksandspencer.com.tr/kadin-siyah-5-li-dikissiz-bikini-kulot-seti-5645238129/?integration_color=WHITE
MAR-T61004287-1-BEYAZ-40,40,https://www.marksandspencer.com.tr/kadin-siyah-5-li-dikissiz-bikini-kulot-seti-5645238129/?integration_color=WHITE
MAR-T61004287-1-BEYAZ-42,42,https://www.marksandspencer.com.tr/kadin-siyah-5-li-dikissiz-bikini-kulot-seti-5645238129/?integration_color=WHITE
MAR-T61004287-1-BEYAZ-44,44,https://www.marksandspencer.com.tr/kadin-siyah-5-li-dikissiz-bikini-kulot-seti-5645238129/?integration_color=WHITE
MAR-T61004287-1-BEYAZ-46,46,https://www.marksandspencer.com.tr/kadin-siyah-5-li-dikissiz-bikini-kulot-seti-5645238129/?integration_color=WHITE
MAR-T61004287-1-BEYAZ-48,48,https://www.marksandspencer.com.tr/kadin-siyah-5-li-dikissiz-bikini-kulot-seti-5645238129/?integration_color=WHITE
MAR-T61004937A-1-34,34,https://www.marksandspencer.com.tr/kadin-siyah-5-li-cotton-lycra-registered-short-kulot-seti-5643339949/
MAR-T61004937A-1-36,36,https://www.marksandspencer.com.tr/kadin-siyah-5-li-cotton-lycra-registered-short-kulot-seti-5643339949/
MAR-T61004937A-1-38,38,https://www.marksandspencer.com.tr/kadin-siyah-5-li-cotton-lycra-registered-short-kulot-seti-5643339949/
MAR-T61004937A-1-40,40,https://www.marksandspencer.com.tr/kadin-siyah-5-li-cotton-lycra-registered-short-kulot-seti-5643339949/
MAR-T61004937A-1-42,42,https://www.marksandspencer.com.tr/kadin-siyah-5-li-cotton-lycra-registered-short-kulot-seti-5643339949/
MAR-T61004937A-1-44,44,https://www.marksandspencer.com.tr/kadin-siyah-5-li-cotton-lycra-registered-short-kulot-seti-5643339949/
MAR-T61004937A-1-46,46,https://www.marksandspencer.com.tr/kadin-siyah-5-li-cotton-lycra-registered-short-kulot-seti-5643339949/
MAR-T61004937A-1-48,48,https://www.marksandspencer.com.tr/kadin-siyah-5-li-cotton-lycra-registered-short-kulot-seti-5643339949/
MAR-T81006437T-1-34,34,https://www.marksandspencer.com.tr/kadin-fildisi-aster-dantel-detayli-tanga-5646436871/
MAR-T81006437T-1-36,36,https://www.marksandspencer.com.tr/kadin-fildisi-aster-dantel-detayli-tanga-5646436871/
MAR-T81006437T-1-38,38,https://www.marksandspencer.com.tr/kadin-fildisi-aster-dantel-detayli-tanga-5646436871/
MAR-T81006437T-1-40,40,https://www.marksandspencer.com.tr/kadin-fildisi-aster-dantel-detayli-tanga-5646436871/
MAR-T81006437T-1-42,42,https://www.marksandspencer.com.tr/kadin-fildisi-aster-dantel-detayli-tanga-5646436871/
MAR-T81006437T-1-44,44,https://www.marksandspencer.com.tr/kadin-fildisi-aster-dantel-detayli-tanga-5646436871/
MAR-T81006437T-1-46,46,https://www.marksandspencer.com.tr/kadin-fildisi-aster-dantel-detayli-tanga-5646436871/
MS-T32001111-SIYAH-36,36,https://www.marksandspencer.com.tr/kadin-siyah-2-li-dusuk-sikilikta-korse-seti-5646136796/?integration_color=BLACK
MS-T32001111-SIYAH-38,38,https://www.marksandspencer.com.tr/kadin-siyah-2-li-dusuk-sikilikta-korse-seti-5646136796/?integration_color=BLACK
MS-T32001111-SIYAH-40,40,https://www.marksandspencer.com.tr/kadin-siyah-2-li-dusuk-sikilikta-korse-seti-5646136796/?integration_color=BLACK
MS-T32001111-SIYAH-42,42,https://www.marksandspencer.com.tr/kadin-siyah-2-li-dusuk-sikilikta-korse-seti-5646136796/?integration_color=BLACK
MS-T32001111-SIYAH-44,44,https://www.marksandspencer.com.tr/kadin-siyah-2-li-dusuk-sikilikta-korse-seti-5646136796/?integration_color=BLACK
MS-T32001111-SIYAH-46,46,https://www.marksandspencer.com.tr/kadin-siyah-2-li-dusuk-sikilikta-korse-seti-5646136796/?integration_color=BLACK
MS-T32001111-SIYAH-48,48,https://www.marksandspencer.com.tr/kadin-siyah-2-li-dusuk-sikilikta-korse-seti-5646136796/?integration_color=BLACK
MS-T32001111-SIYAH-50,50,https://www.marksandspencer.com.tr/kadin-siyah-2-li-dusuk-sikilikta-korse-seti-5646136796/?integration_color=BLACK
MS-T14004849F-S,S,https://www.marksandspencer.com.tr/erkek-denim-mix-saf-pamuklu-5-li-trunk-seti-5645802255/
MS-T14004849F-M,M,https://www.marksandspencer.com.tr/erkek-denim-mix-saf-pamuklu-5-li-trunk-seti-5645802255/
MS-T14004849F-L,L,https://www.marksandspencer.com.tr/erkek-denim-mix-saf-pamuklu-5-li-trunk-seti-5645802255/
MS-T14004849F-XL,XL,https://www.marksandspencer.com.tr/erkek-denim-mix-saf-pamuklu-5-li-trunk-seti-5645802255/
MS-T14004849F-XXL,XXL,https://www.marksandspencer.com.tr/erkek-denim-mix-saf-pamuklu-5-li-trunk-seti-5645802255/
SML-MS-T61004884-KREM-36,36,https://www.marksandspencer.com.tr/kadin-yesil-3-lu-dantel-detayli-bikini-kulot-seti-10000000811024/?integration_color=OPALINE+MIX
SML-MS-T61004884-KREM-38,38,https://www.marksandspencer.com.tr/kadin-yesil-3-lu-dantel-detayli-bikini-kulot-seti-10000000811024/?integration_color=OPALINE+MIX
SML-MS-T61004884-KREM-40,40,https://www.marksandspencer.com.tr/kadin-yesil-3-lu-dantel-detayli-bikini-kulot-seti-10000000811024/?integration_color=OPALINE+MIX
SML-MS-T61004884-KREM-42,42,https://www.marksandspencer.com.tr/kadin-yesil-3-lu-dantel-detayli-bikini-kulot-seti-10000000811024/?integration_color=OPALINE+MIX
SML-MS-T61004884-KREM-44,44,https://www.marksandspencer.com.tr/kadin-yesil-3-lu-dantel-detayli-bikini-kulot-seti-10000000811024/?integration_color=OPALINE+MIX
SML-MS-T61004884-KREM-46,46,https://www.marksandspencer.com.tr/kadin-yesil-3-lu-dantel-detayli-bikini-kulot-seti-10000000811024/?integration_color=OPALINE+MIX
SML-MS-T61004884-KREM-48,48,https://www.marksandspencer.com.tr/kadin-yesil-3-lu-dantel-detayli-bikini-kulot-seti-10000000811024/?integration_color=OPALINE+MIX
SML-MS-T61004884-KREM-50,50,https://www.marksandspencer.com.tr/kadin-yesil-3-lu-dantel-detayli-bikini-kulot-seti-10000000811024/?integration_color=OPALINE+MIX
SML-MS-T61004884-KREM-52,52,https://www.marksandspencer.com.tr/kadin-yesil-3-lu-dantel-detayli-bikini-kulot-seti-10000000811024/?integration_color=OPALINE+MIX
MS-T14008374F-S,S,https://www.marksandspencer.com.tr/erkek-acik-mavi-5-li-saf-pamuklu-cool-fresh-tm-cizgili-boxer-seti-10000000874034/
MS-T14008374F-M,M,https://www.marksandspencer.com.tr/erkek-acik-mavi-5-li-saf-pamuklu-cool-fresh-tm-cizgili-boxer-seti-10000000874034/
MS-T14008374F-L,L,https://www.marksandspencer.com.tr/erkek-acik-mavi-5-li-saf-pamuklu-cool-fresh-tm-cizgili-boxer-seti-10000000874034/
MS-T14008374F-XL,XL,https://www.marksandspencer.com.tr/erkek-acik-mavi-5-li-saf-pamuklu-cool-fresh-tm-cizgili-boxer-seti-10000000874034/
MS-T14008374F-XXL,XXL,https://www.marksandspencer.com.tr/erkek-acik-mavi-5-li-saf-pamuklu-cool-fresh-tm-cizgili-boxer-seti-10000000874034/
MS-T07003567-LACIVERT-S,S,https://www.marksandspencer.com.tr/erkek-yesil-saf-pamuklu-waffle-pijama-alti-10000000793366/?integration_color=NAVY
MS-T07003567-LACIVERT-M,M,https://www.marksandspencer.com.tr/erkek-yesil-saf-pamuklu-waffle-pijama-alti-10000000793366/?integration_color=NAVY
MS-T07003567-LACIVERT-L,L,https://www.marksandspencer.com.tr/erkek-yesil-saf-pamuklu-waffle-pijama-alti-10000000793366/?integration_color=NAVY
MS-T07003567-LACIVERT-XL,XL,https://www.marksandspencer.com.tr/erkek-yesil-saf-pamuklu-waffle-pijama-alti-10000000793366/?integration_color=NAVY
MS-T07003567-LACIVERT-XXL,XXL,https://www.marksandspencer.com.tr/erkek-yesil-saf-pamuklu-waffle-pijama-alti-10000000793366/?integration_color=NAVY
MS-T61004054B-SIYAH-50,50,https://www.marksandspencer.com.tr/kadin-siyah-3-lu-dikissiz-ve-iz-birakmayan-brazilian-kulot-seti-10000000984255/?integration_color=BLACK
MS-T61004054B-SIYAH-48,48,https://www.marksandspencer.com.tr/kadin-siyah-3-lu-dikissiz-ve-iz-birakmayan-brazilian-kulot-seti-10000000984255/?integration_color=BLACK
MS-T61004054B-SIYAH-46,46,https://www.marksandspencer.com.tr/kadin-siyah-3-lu-dikissiz-ve-iz-birakmayan-brazilian-kulot-seti-10000000984255/?integration_color=BLACK
MS-T61004054B-SIYAH-44,44,https://www.marksandspencer.com.tr/kadin-siyah-3-lu-dikissiz-ve-iz-birakmayan-brazilian-kulot-seti-10000000984255/?integration_color=BLACK
MS-T61004054B-SIYAH-42,42,https://www.marksandspencer.com.tr/kadin-siyah-3-lu-dikissiz-ve-iz-birakmayan-brazilian-kulot-seti-10000000984255/?integration_color=BLACK
MS-T61004054B-SIYAH-40,40,https://www.marksandspencer.com.tr/kadin-siyah-3-lu-dikissiz-ve-iz-birakmayan-brazilian-kulot-seti-10000000984255/?integration_color=BLACK
MS-T61004054B-SIYAH-38,38,https://www.marksandspencer.com.tr/kadin-siyah-3-lu-dikissiz-ve-iz-birakmayan-brazilian-kulot-seti-10000000984255/?integration_color=BLACK
MS-T61004054B-SIYAH-36,36,https://www.marksandspencer.com.tr/kadin-siyah-3-lu-dikissiz-ve-iz-birakmayan-brazilian-kulot-seti-10000000984255/?integration_color=BLACK
MS-T61004054B-PEMBE-50,50,https://www.marksandspencer.com.tr/kadin-siyah-3-lu-dikissiz-ve-iz-birakmayan-brazilian-kulot-seti-10000000984255/?integration_color=OPALINE
MS-T61004054B-PEMBE-48,48,https://www.marksandspencer.com.tr/kadin-siyah-3-lu-dikissiz-ve-iz-birakmayan-brazilian-kulot-seti-10000000984255/?integration_color=OPALINE
MS-T61004054B-PEMBE-46,46,https://www.marksandspencer.com.tr/kadin-siyah-3-lu-dikissiz-ve-iz-birakmayan-brazilian-kulot-seti-10000000984255/?integration_color=OPALINE
MS-T61004054B-PEMBE-44,44,https://www.marksandspencer.com.tr/kadin-siyah-3-lu-dikissiz-ve-iz-birakmayan-brazilian-kulot-seti-10000000984255/?integration_color=OPALINE
MS-T61004054B-PEMBE-42,42,https://www.marksandspencer.com.tr/kadin-siyah-3-lu-dikissiz-ve-iz-birakmayan-brazilian-kulot-seti-10000000984255/?integration_color=OPALINE
MS-T61004054B-PEMBE-40,40,https://www.marksandspencer.com.tr/kadin-siyah-3-lu-dikissiz-ve-iz-birakmayan-brazilian-kulot-seti-10000000984255/?integration_color=OPALINE
MS-T61004054B-PEMBE-38,38,https://www.marksandspencer.com.tr/kadin-siyah-3-lu-dikissiz-ve-iz-birakmayan-brazilian-kulot-seti-10000000984255/?integration_color=OPALINE
MS-T61004054B-PEMBE-36,36,https://www.marksandspencer.com.tr/kadin-siyah-3-lu-dikissiz-ve-iz-birakmayan-brazilian-kulot-seti-10000000984255/?integration_color=OPALINE
MS-T61004054B-BEJ-50,50,https://www.marksandspencer.com.tr/kadin-siyah-3-lu-dikissiz-ve-iz-birakmayan-brazilian-kulot-seti-10000000984255/?integration_color=ROSE+QUARTZ
MS-T61004054B-BEJ-48,48,https://www.marksandspencer.com.tr/kadin-siyah-3-lu-dikissiz-ve-iz-birakmayan-brazilian-kulot-seti-10000000984255/?integration_color=ROSE+QUARTZ
MS-T61004054B-BEJ-46,46,https://www.marksandspencer.com.tr/kadin-siyah-3-lu-dikissiz-ve-iz-birakmayan-brazilian-kulot-seti-10000000984255/?integration_color=ROSE+QUARTZ
MS-T61004054B-BEJ-44,44,https://www.marksandspencer.com.tr/kadin-siyah-3-lu-dikissiz-ve-iz-birakmayan-brazilian-kulot-seti-10000000984255/?integration_color=ROSE+QUARTZ
MS-T61004054B-BEJ-42,42,https://www.marksandspencer.com.tr/kadin-siyah-3-lu-dikissiz-ve-iz-birakmayan-brazilian-kulot-seti-10000000984255/?integration_color=ROSE+QUARTZ
MS-T61004054B-BEJ-40,40,https://www.marksandspencer.com.tr/kadin-siyah-3-lu-dikissiz-ve-iz-birakmayan-brazilian-kulot-seti-10000000984255/?integration_color=ROSE+QUARTZ
MS-T61004054B-BEJ-38,38,https://www.marksandspencer.com.tr/kadin-siyah-3-lu-dikissiz-ve-iz-birakmayan-brazilian-kulot-seti-10000000984255/?integration_color=ROSE+QUARTZ
MS-T61004054B-BEJ-36,36,https://www.marksandspencer.com.tr/kadin-siyah-3-lu-dikissiz-ve-iz-birakmayan-brazilian-kulot-seti-10000000984255/?integration_color=ROSE+QUARTZ
MS-5645742879-36,36,https://www.marksandspencer.com.tr/kadin-bej-yuksek-sikilikta-full-brief-kulot-5645742879/
MS-5645742879-38,38,https://www.marksandspencer.com.tr/kadin-bej-yuksek-sikilikta-full-brief-kulot-5645742879/
MS-5645742879-40,40,https://www.marksandspencer.com.tr/kadin-bej-yuksek-sikilikta-full-brief-kulot-5645742879/
MS-5645742879-42,42,https://www.marksandspencer.com.tr/kadin-bej-yuksek-sikilikta-full-brief-kulot-5645742879/
MS-5645742879-44,44,https://www.marksandspencer.com.tr/kadin-bej-yuksek-sikilikta-full-brief-kulot-5645742879/
MS-5645742879-46,46,https://www.marksandspencer.com.tr/kadin-bej-yuksek-sikilikta-full-brief-kulot-5645742879/
MS-5645742879-48,48,https://www.marksandspencer.com.tr/kadin-bej-yuksek-sikilikta-full-brief-kulot-5645742879/
MS-5645742879-50,50,https://www.marksandspencer.com.tr/kadin-bej-yuksek-sikilikta-full-brief-kulot-5645742879/
MAR-T33006762H-SIYAH-36EU,36,https://www.marksandspencer.com.tr/kadin-siyah-high-leg-no-vpl-toparlayici-kulot-5645355604/
MAR-T33006762H-SIYAH-38EU,38,https://www.marksandspencer.com.tr/kadin-siyah-high-leg-no-vpl-toparlayici-kulot-5645355604/
MAR-T33006762H-SIYAH-40EU,40,https://www.marksandspencer.com.tr/kadin-siyah-high-leg-no-vpl-toparlayici-kulot-5645355604/
MAR-T33006762H-SIYAH-42EU,42,https://www.marksandspencer.com.tr/kadin-siyah-high-leg-no-vpl-toparlayici-kulot-5645355604/
MAR-T33006762H-SIYAH-44EU,44,https://www.marksandspencer.com.tr/kadin-siyah-high-leg-no-vpl-toparlayici-kulot-5645355604/
MAR-T33006762H-SIYAH-46EU,46,https://www.marksandspencer.com.tr/kadin-siyah-high-leg-no-vpl-toparlayici-kulot-5645355604/
MAR-T33006762H-SIYAH-48EU,48,https://www.marksandspencer.com.tr/kadin-siyah-high-leg-no-vpl-toparlayici-kulot-5645355604/
MAR-T32006762H-1-36,36,https://www.marksandspencer.com.tr/kadin-yogun-kakao-yuksek-sikilikta-full-brief-kulot-5645742879/
MAR-T32006762H-1-38,38,https://www.marksandspencer.com.tr/kadin-yogun-kakao-yuksek-sikilikta-full-brief-kulot-5645742879/
MAR-T32006762H-1-40,40,https://www.marksandspencer.com.tr/kadin-yogun-kakao-yuksek-sikilikta-full-brief-kulot-5645742879/
MAR-T32006762H-1-42,42,https://www.marksandspencer.com.tr/kadin-yogun-kakao-yuksek-sikilikta-full-brief-kulot-5645742879/
MAR-T32006762H-1-44,44,https://www.marksandspencer.com.tr/kadin-yogun-kakao-yuksek-sikilikta-full-brief-kulot-5645742879/
MAR-T32006762H-1-46,46,https://www.marksandspencer.com.tr/kadin-yogun-kakao-yuksek-sikilikta-full-brief-kulot-5645742879/
MAR-T32006762H-1-48,48,https://www.marksandspencer.com.tr/kadin-yogun-kakao-yuksek-sikilikta-full-brief-kulot-5645742879/
MAR-T32006762H-1-50,50,https://www.marksandspencer.com.tr/kadin-yogun-kakao-yuksek-sikilikta-full-brief-kulot-5645742879/
MS-T32006762A-36,36,https://www.marksandspencer.com.tr/kadin-bej-body-define-tm-yuksek-sikilikta-body-korse-10000000150898/
MS-T32006762A-38,38,https://www.marksandspencer.com.tr/kadin-bej-body-define-tm-yuksek-sikilikta-body-korse-10000000150898/
MS-T32006762A-46,46,https://www.marksandspencer.com.tr/kadin-bej-body-define-tm-yuksek-sikilikta-body-korse-10000000150898/
MS-T32001503-PEMBE-36,36,https://www.marksandspencer.com.tr/kadin-siyah-magicwear-tm-yuksek-sikilikta-korse-5645854534/?integration_color=ROSE+QUARTZ
MS-T32001503-PEMBE-38,38,https://www.marksandspencer.com.tr/kadin-siyah-magicwear-tm-yuksek-sikilikta-korse-5645854534/?integration_color=ROSE+QUARTZ
MS-T32001503-PEMBE-40,40,https://www.marksandspencer.com.tr/kadin-siyah-magicwear-tm-yuksek-sikilikta-korse-5645854534/?integration_color=ROSE+QUARTZ
MS-T32001503-PEMBE-42,42,https://www.marksandspencer.com.tr/kadin-siyah-magicwear-tm-yuksek-sikilikta-korse-5645854534/?integration_color=ROSE+QUARTZ
MS-T32001503-PEMBE-44,44,https://www.marksandspencer.com.tr/kadin-siyah-magicwear-tm-yuksek-sikilikta-korse-5645854534/?integration_color=ROSE+QUARTZ
MS-T32001503-PEMBE-46,46,https://www.marksandspencer.com.tr/kadin-siyah-magicwear-tm-yuksek-sikilikta-korse-5645854534/?integration_color=ROSE+QUARTZ
MS-T32001503-PEMBE-48,48,https://www.marksandspencer.com.tr/kadin-siyah-magicwear-tm-yuksek-sikilikta-korse-5645854534/?integration_color=ROSE+QUARTZ
MS-T32001503-PEMBE-50,50,https://www.marksandspencer.com.tr/kadin-siyah-magicwear-tm-yuksek-sikilikta-korse-5645854534/?integration_color=ROSE+QUARTZ
MS-T32001502-SIYAH-36,36,https://www.marksandspencer.com.tr/kadin-pembe-kuvars-magicwear-tm-yuksek-sikilikta-korse-5646459049/?integration_color=BLACK
MS-T32001502-SIYAH-38,38,https://www.marksandspencer.com.tr/kadin-pembe-kuvars-magicwear-tm-yuksek-sikilikta-korse-5646459049/?integration_color=BLACK
MS-T32001502-SIYAH-40,40,https://www.marksandspencer.com.tr/kadin-pembe-kuvars-magicwear-tm-yuksek-sikilikta-korse-5646459049/?integration_color=BLACK
MS-T32001502-SIYAH-42,42,https://www.marksandspencer.com.tr/kadin-pembe-kuvars-magicwear-tm-yuksek-sikilikta-korse-5646459049/?integration_color=BLACK
MS-T32001502-SIYAH-44,44,https://www.marksandspencer.com.tr/kadin-pembe-kuvars-magicwear-tm-yuksek-sikilikta-korse-5646459049/?integration_color=BLACK
MS-T32001502-SIYAH-46,46,https://www.marksandspencer.com.tr/kadin-pembe-kuvars-magicwear-tm-yuksek-sikilikta-korse-5646459049/?integration_color=BLACK
MS-T32001502-SIYAH-48,48,https://www.marksandspencer.com.tr/kadin-pembe-kuvars-magicwear-tm-yuksek-sikilikta-korse-5646459049/?integration_color=BLACK
MS-T32001502-SIYAH-50,50,https://www.marksandspencer.com.tr/kadin-pembe-kuvars-magicwear-tm-yuksek-sikilikta-korse-5646459049/?integration_color=BLACK
MS-T32001502-PEMBE-36,36,https://www.marksandspencer.com.tr/kadin-pembe-kuvars-magicwear-tm-yuksek-sikilikta-korse-5646459049/?integration_color=ROSE+QUARTZ
MS-T32001502-PEMBE-38,38,https://www.marksandspencer.com.tr/kadin-pembe-kuvars-magicwear-tm-yuksek-sikilikta-korse-5646459049/?integration_color=ROSE+QUARTZ
MS-T32001502-PEMBE-40,40,https://www.marksandspencer.com.tr/kadin-pembe-kuvars-magicwear-tm-yuksek-sikilikta-korse-5646459049/?integration_color=ROSE+QUARTZ
MS-T32001502-PEMBE-42,42,https://www.marksandspencer.com.tr/kadin-pembe-kuvars-magicwear-tm-yuksek-sikilikta-korse-5646459049/?integration_color=ROSE+QUARTZ
MS-T32001502-PEMBE-44,44,https://www.marksandspencer.com.tr/kadin-pembe-kuvars-magicwear-tm-yuksek-sikilikta-korse-5646459049/?integration_color=ROSE+QUARTZ
MS-T32001502-PEMBE-46,46,https://www.marksandspencer.com.tr/kadin-pembe-kuvars-magicwear-tm-yuksek-sikilikta-korse-5646459049/?integration_color=ROSE+QUARTZ
MS-T32001502-PEMBE-48,48,https://www.marksandspencer.com.tr/kadin-pembe-kuvars-magicwear-tm-yuksek-sikilikta-korse-5646459049/?integration_color=ROSE+QUARTZ
MS-T32001502-PEMBE-50,50,https://www.marksandspencer.com.tr/kadin-pembe-kuvars-magicwear-tm-yuksek-sikilikta-korse-5646459049/?integration_color=ROSE+QUARTZ
MARK-10000000127811-L-42E,42,https://www.marksandspencer.com.tr/kadin-pembe-5-li-dikissiz-full-brief-kulot-seti-10000000127810/
MARK-10000000127811-L-48E,48,https://www.marksandspencer.com.tr/kadin-pembe-5-li-dikissiz-full-brief-kulot-seti-10000000127810/
MARK-10000000127811-M-40E,40,https://www.marksandspencer.com.tr/kadin-pembe-5-li-dikissiz-full-brief-kulot-seti-10000000127810/
MARK-10000000127811-M-46E,46,https://www.marksandspencer.com.tr/kadin-pembe-5-li-dikissiz-full-brief-kulot-seti-10000000127810/
MARK-10000000127811-S-44E,44,https://www.marksandspencer.com.tr/kadin-pembe-5-li-dikissiz-full-brief-kulot-seti-10000000127810/
MARK-10000000127811-XL-50E,50,https://www.marksandspencer.com.tr/kadin-pembe-5-li-dikissiz-full-brief-kulot-seti-10000000127810/
MARK-10000000127811-XS-36E,36,https://www.marksandspencer.com.tr/kadin-pembe-5-li-dikissiz-full-brief-kulot-seti-10000000127810/
MARK-10000000127811-XS-42E,42,https://www.marksandspencer.com.tr/kadin-pembe-5-li-dikissiz-full-brief-kulot-seti-10000000127810/
MARK-10000000371143-36EU,36,https://www.marksandspencer.com.tr/kadin-siyah-3-lu-body-soft-high-leg-kulot-seti-10000000371143/
MARK-10000000371143-38EU,38,https://www.marksandspencer.com.tr/kadin-siyah-3-lu-body-soft-high-leg-kulot-seti-10000000371143/
MARK-10000000371143-40EU,40,https://www.marksandspencer.com.tr/kadin-siyah-3-lu-body-soft-high-leg-kulot-seti-10000000371143/
MARK-10000000371143-42EU,42,https://www.marksandspencer.com.tr/kadin-siyah-3-lu-body-soft-high-leg-kulot-seti-10000000371143/
MARK-10000000371143-44EU,44,https://www.marksandspencer.com.tr/kadin-siyah-3-lu-body-soft-high-leg-kulot-seti-10000000371143/
SML-MAR-5645524951-L-48E,48,https://www.marksandspencer.com.tr/kadin-beyaz-5-li-cotton-lycra-registered-full-brief-kulot-seti-5645524951/
SML-MAR-5645524951-M-46E,46,https://www.marksandspencer.com.tr/kadin-beyaz-5-li-cotton-lycra-registered-full-brief-kulot-seti-5645524951/
SML-MAR-5645524951-S-44E,44,https://www.marksandspencer.com.tr/kadin-beyaz-5-li-cotton-lycra-registered-full-brief-kulot-seti-5645524951/
SML-MAR-5645524951-XL-50E,50,https://www.marksandspencer.com.tr/kadin-beyaz-5-li-cotton-lycra-registered-full-brief-kulot-seti-5645524951/
SML-MAR-5645524951-XS-42E,42,https://www.marksandspencer.com.tr/kadin-beyaz-5-li-cotton-lycra-registered-full-brief-kulot-seti-5645524951/
MARKS-10000000127752-34,34,https://www.marksandspencer.com.tr/kadin-pembe-5-li-cotton-lycra-registered-brazilian-kulot-seti-10000000127752/
MARKS-10000000127752-36,36,https://www.marksandspencer.com.tr/kadin-pembe-5-li-cotton-lycra-registered-brazilian-kulot-seti-10000000127752/
MARKS-10000000127752-38,38,https://www.marksandspencer.com.tr/kadin-pembe-5-li-cotton-lycra-registered-brazilian-kulot-seti-10000000127752/
MARKS-10000000127752-40,40,https://www.marksandspencer.com.tr/kadin-pembe-5-li-cotton-lycra-registered-brazilian-kulot-seti-10000000127752/
MARKS-10000000127752-42,42,https://www.marksandspencer.com.tr/kadin-pembe-5-li-cotton-lycra-registered-brazilian-kulot-seti-10000000127752/
MARKS-10000000127752-44,44,https://www.marksandspencer.com.tr/kadin-pembe-5-li-cotton-lycra-registered-brazilian-kulot-seti-10000000127752/
MARKS-10000000127752-46,46,https://www.marksandspencer.com.tr/kadin-pembe-5-li-cotton-lycra-registered-brazilian-kulot-seti-10000000127752/
MARKS-10000000127752-48,48,https://www.marksandspencer.com.tr/kadin-pembe-5-li-cotton-lycra-registered-brazilian-kulot-seti-10000000127752/
MARKS-10000000127752-50,50,https://www.marksandspencer.com.tr/kadin-pembe-5-li-cotton-lycra-registered-brazilian-kulot-seti-10000000127752/
MARKS-10000000127752-52,52,https://www.marksandspencer.com.tr/kadin-pembe-5-li-cotton-lycra-registered-brazilian-kulot-seti-10000000127752/
MARKS-10000000127810-34,34,https://www.marksandspencer.com.tr/kadin-pembe-5-li-dikissiz-full-brief-kulot-seti-10000000127810/
MARKS-10000000127810-36,36,https://www.marksandspencer.com.tr/kadin-pembe-5-li-dikissiz-full-brief-kulot-seti-10000000127810/
MARKS-10000000127810-38,38,https://www.marksandspencer.com.tr/kadin-pembe-5-li-dikissiz-full-brief-kulot-seti-10000000127810/
MARKS-10000000127810-40,40,https://www.marksandspencer.com.tr/kadin-pembe-5-li-dikissiz-full-brief-kulot-seti-10000000127810/
MARKS-10000000127810-42,42,https://www.marksandspencer.com.tr/kadin-pembe-5-li-dikissiz-full-brief-kulot-seti-10000000127810/
MARKS-10000000127810-44,44,https://www.marksandspencer.com.tr/kadin-pembe-5-li-dikissiz-full-brief-kulot-seti-10000000127810/
MARKS-10000000127810-46,46,https://www.marksandspencer.com.tr/kadin-pembe-5-li-dikissiz-full-brief-kulot-seti-10000000127810/
MARKS-10000000127810-48,48,https://www.marksandspencer.com.tr/kadin-pembe-5-li-dikissiz-full-brief-kulot-seti-10000000127810/
MARKS-10000000127810-50,50,https://www.marksandspencer.com.tr/kadin-pembe-5-li-dikissiz-full-brief-kulot-seti-10000000127810/
MARKS-10000000127810-52,52,https://www.marksandspencer.com.tr/kadin-pembe-5-li-dikissiz-full-brief-kulot-seti-10000000127810/
MARKS-10000000314640-34,34,https://www.marksandspencer.com.tr/kadin-bej-5-li-dikissiz-high-leg-kulot-seti-10000000314645/
MARKS-10000000314640-36,36,https://www.marksandspencer.com.tr/kadin-bej-5-li-dikissiz-high-leg-kulot-seti-10000000314645/
MARKS-10000000314640-38,38,https://www.marksandspencer.com.tr/kadin-bej-5-li-dikissiz-high-leg-kulot-seti-10000000314645/
MARKS-10000000314640-40,40,https://www.marksandspencer.com.tr/kadin-bej-5-li-dikissiz-high-leg-kulot-seti-10000000314645/
MARKS-10000000314640-42,42,https://www.marksandspencer.com.tr/kadin-bej-5-li-dikissiz-high-leg-kulot-seti-10000000314645/
MARKS-10000000314640-44,44,https://www.marksandspencer.com.tr/kadin-bej-5-li-dikissiz-high-leg-kulot-seti-10000000314645/
MARKS-10000000314640-46,46,https://www.marksandspencer.com.tr/kadin-bej-5-li-dikissiz-high-leg-kulot-seti-10000000314645/
MARKS-10000000314640-48,48,https://www.marksandspencer.com.tr/kadin-bej-5-li-dikissiz-high-leg-kulot-seti-10000000314645/
MARKS-10000000314640-50,50,https://www.marksandspencer.com.tr/kadin-bej-5-li-dikissiz-high-leg-kulot-seti-10000000314645/
MARKS-5645057635-34,34,https://www.marksandspencer.com.tr/kadin-siyah-5-li-dikissiz-tanga-seti-5645057635/
MARKS-5645057635-36,36,https://www.marksandspencer.com.tr/kadin-siyah-5-li-dikissiz-tanga-seti-5645057635/
MARKS-5645057635-38,38,https://www.marksandspencer.com.tr/kadin-siyah-5-li-dikissiz-tanga-seti-5645057635/
MARKS-5645057635-40,40,https://www.marksandspencer.com.tr/kadin-siyah-5-li-dikissiz-tanga-seti-5645057635/
MARKS-5645057635-42,42,https://www.marksandspencer.com.tr/kadin-siyah-5-li-dikissiz-tanga-seti-5645057635/
MARKS-5645057635-44,44,https://www.marksandspencer.com.tr/kadin-siyah-5-li-dikissiz-tanga-seti-5645057635/
MARKS-5645057635-46,46,https://www.marksandspencer.com.tr/kadin-siyah-5-li-dikissiz-tanga-seti-5645057635/
MARKS-5645238129-34,34,https://www.marksandspencer.com.tr/kadin-siyah-5-li-dikissiz-bikini-kulot-seti-5645238129/
MARKS-5645238129-36,36,https://www.marksandspencer.com.tr/kadin-siyah-5-li-dikissiz-bikini-kulot-seti-5645238129/
MARKS-5645238129-38,38,https://www.marksandspencer.com.tr/kadin-siyah-5-li-dikissiz-bikini-kulot-seti-5645238129/
MARKS-5645238129-40,40,https://www.marksandspencer.com.tr/kadin-siyah-5-li-dikissiz-bikini-kulot-seti-5645238129/
MARKS-5645238129-42,42,https://www.marksandspencer.com.tr/kadin-siyah-5-li-dikissiz-bikini-kulot-seti-5645238129/
MARKS-5645238129-44,44,https://www.marksandspencer.com.tr/kadin-siyah-5-li-dikissiz-bikini-kulot-seti-5645238129/
MARKS-5645238129-46,46,https://www.marksandspencer.com.tr/kadin-siyah-5-li-dikissiz-bikini-kulot-seti-5645238129/
MARKS-5645238129-48,48,https://www.marksandspencer.com.tr/kadin-siyah-5-li-dikissiz-bikini-kulot-seti-5645238129/
MARKS-5645338851-34,34,https://www.marksandspencer.com.tr/kadin-siyah-5-li-dikissiz-high-leg-kulot-seti-5645338851/
MARKS-5645338851-36,36,https://www.marksandspencer.com.tr/kadin-siyah-5-li-dikissiz-high-leg-kulot-seti-5645338851/
MARKS-5645338851-38,38,https://www.marksandspencer.com.tr/kadin-siyah-5-li-dikissiz-high-leg-kulot-seti-5645338851/
MARKS-5645338851-40,40,https://www.marksandspencer.com.tr/kadin-siyah-5-li-dikissiz-high-leg-kulot-seti-5645338851/
MARKS-5645338851-42,42,https://www.marksandspencer.com.tr/kadin-siyah-5-li-dikissiz-high-leg-kulot-seti-5645338851/
MARKS-5645338851-44,44,https://www.marksandspencer.com.tr/kadin-siyah-5-li-dikissiz-high-leg-kulot-seti-5645338851/
MARKS-5645338851-46,46,https://www.marksandspencer.com.tr/kadin-siyah-5-li-dikissiz-high-leg-kulot-seti-5645338851/
MARKS-5645338851-48,48,https://www.marksandspencer.com.tr/kadin-siyah-5-li-dikissiz-high-leg-kulot-seti-5645338851/
MARKS-5645338851-50,50,https://www.marksandspencer.com.tr/kadin-siyah-5-li-dikissiz-high-leg-kulot-seti-5645338851/
MARKS-5645504645-34,34,https://www.marksandspencer.com.tr/kadin-beyaz-5-li-cotton-lycra-registered-high-leg-kulot-seti-5645504645/
MARKS-5645504645-36,36,https://www.marksandspencer.com.tr/kadin-beyaz-5-li-cotton-lycra-registered-high-leg-kulot-seti-5645504645/
MARKS-5645504645-38,38,https://www.marksandspencer.com.tr/kadin-beyaz-5-li-cotton-lycra-registered-high-leg-kulot-seti-5645504645/
MARKS-5645504645-40,40,https://www.marksandspencer.com.tr/kadin-beyaz-5-li-cotton-lycra-registered-high-leg-kulot-seti-5645504645/
MARKS-5645504645-42,42,https://www.marksandspencer.com.tr/kadin-beyaz-5-li-cotton-lycra-registered-high-leg-kulot-seti-5645504645/
MARKS-5645504645-44,44,https://www.marksandspencer.com.tr/kadin-beyaz-5-li-cotton-lycra-registered-high-leg-kulot-seti-5645504645/
MARKS-5645504645-46,46,https://www.marksandspencer.com.tr/kadin-beyaz-5-li-cotton-lycra-registered-high-leg-kulot-seti-5645504645/
MARKS-5645504645-48,48,https://www.marksandspencer.com.tr/kadin-beyaz-5-li-cotton-lycra-registered-high-leg-kulot-seti-5645504645/
MARKS-5645504645-50,50,https://www.marksandspencer.com.tr/kadin-beyaz-5-li-cotton-lycra-registered-high-leg-kulot-seti-5645504645/
MARKS-5645504691-34,34,https://www.marksandspencer.com.tr/kadin-beyaz-5-li-cotton-lycra-r-bikini-kulot-seti-5645504691/
MARKS-5645504691-36,36,https://www.marksandspencer.com.tr/kadin-beyaz-5-li-cotton-lycra-r-bikini-kulot-seti-5645504691/
MARKS-5645504691-38,38,https://www.marksandspencer.com.tr/kadin-beyaz-5-li-cotton-lycra-r-bikini-kulot-seti-5645504691/
MARKS-5645504691-40,40,https://www.marksandspencer.com.tr/kadin-beyaz-5-li-cotton-lycra-r-bikini-kulot-seti-5645504691/
MARKS-5645504691-42,42,https://www.marksandspencer.com.tr/kadin-beyaz-5-li-cotton-lycra-r-bikini-kulot-seti-5645504691/
MARKS-5645504721-36,36,https://www.marksandspencer.com.tr/kadin-siyah-5-li-cotton-lycra-registered-short-kulot-seti-5645504723/
MARKS-5645504721-38,38,https://www.marksandspencer.com.tr/kadin-siyah-5-li-cotton-lycra-registered-short-kulot-seti-5645504723/
MARKS-5645504721-40,40,https://www.marksandspencer.com.tr/kadin-siyah-5-li-cotton-lycra-registered-short-kulot-seti-5645504723/
MARKS-5645504721-42,42,https://www.marksandspencer.com.tr/kadin-siyah-5-li-cotton-lycra-registered-short-kulot-seti-5645504723/
MARKS-5645504721-44,44,https://www.marksandspencer.com.tr/kadin-siyah-5-li-cotton-lycra-registered-short-kulot-seti-5645504723/
MARKS-5645504721-46,46,https://www.marksandspencer.com.tr/kadin-siyah-5-li-cotton-lycra-registered-short-kulot-seti-5645504723/
MARKS-5645504721-50,50,https://www.marksandspencer.com.tr/kadin-siyah-5-li-cotton-lycra-registered-short-kulot-seti-5645504723/
MARKS-5645504727-34,34,https://www.marksandspencer.com.tr/kadin-siyah-5-li-cotton-lycra-registered-high-leg-kulot-seti-5645504727/
MARKS-5645504727-36,36,https://www.marksandspencer.com.tr/kadin-siyah-5-li-cotton-lycra-registered-high-leg-kulot-seti-5645504727/
MARKS-5645504727-38,38,https://www.marksandspencer.com.tr/kadin-siyah-5-li-cotton-lycra-registered-high-leg-kulot-seti-5645504727/
MARKS-5645504727-40,40,https://www.marksandspencer.com.tr/kadin-siyah-5-li-cotton-lycra-registered-high-leg-kulot-seti-5645504727/
MARKS-5645504727-42,42,https://www.marksandspencer.com.tr/kadin-siyah-5-li-cotton-lycra-registered-high-leg-kulot-seti-5645504727/
MARKS-5645504727-44,44,https://www.marksandspencer.com.tr/kadin-siyah-5-li-cotton-lycra-registered-high-leg-kulot-seti-5645504727/
MARKS-5645504727-46,46,https://www.marksandspencer.com.tr/kadin-siyah-5-li-cotton-lycra-registered-high-leg-kulot-seti-5645504727/
MARKS-5645504727-48,48,https://www.marksandspencer.com.tr/kadin-siyah-5-li-cotton-lycra-registered-high-leg-kulot-seti-5645504727/
MARKS-5645504727-50,50,https://www.marksandspencer.com.tr/kadin-siyah-5-li-cotton-lycra-registered-high-leg-kulot-seti-5645504727/
MARKS-5645504776-34,34,https://www.marksandspencer.com.tr/kadin-siyah-5-li-cotton-lycra-registered-bikini-kulot-seti-5645504776/
MARKS-5645504776-36,36,https://www.marksandspencer.com.tr/kadin-siyah-5-li-cotton-lycra-registered-bikini-kulot-seti-5645504776/
MARKS-5645504776-38,38,https://www.marksandspencer.com.tr/kadin-siyah-5-li-cotton-lycra-registered-bikini-kulot-seti-5645504776/
MARKS-5645504776-40,40,https://www.marksandspencer.com.tr/kadin-siyah-5-li-cotton-lycra-registered-bikini-kulot-seti-5645504776/
MARKS-5645504776-42,42,https://www.marksandspencer.com.tr/kadin-siyah-5-li-cotton-lycra-registered-bikini-kulot-seti-5645504776/
MARKS-5645504776-44,44,https://www.marksandspencer.com.tr/kadin-siyah-5-li-cotton-lycra-registered-bikini-kulot-seti-5645504776/
MARKS-5645504776-46,46,https://www.marksandspencer.com.tr/kadin-siyah-5-li-cotton-lycra-registered-bikini-kulot-seti-5645504776/
MARKS-5645792961-34,34,https://www.marksandspencer.com.tr/kadin-siyah-5-li-dikissiz-brazilian-kulot-seti-5645792962/
MARKS-5645792961-36,36,https://www.marksandspencer.com.tr/kadin-siyah-5-li-dikissiz-brazilian-kulot-seti-5645792962/
MARKS-5645792961-38,38,https://www.marksandspencer.com.tr/kadin-siyah-5-li-dikissiz-brazilian-kulot-seti-5645792962/
MARKS-5645792961-40,40,https://www.marksandspencer.com.tr/kadin-siyah-5-li-dikissiz-brazilian-kulot-seti-5645792962/
MARKS-5645792961-42,42,https://www.marksandspencer.com.tr/kadin-siyah-5-li-dikissiz-brazilian-kulot-seti-5645792962/
MARKS-5645792961-44,44,https://www.marksandspencer.com.tr/kadin-siyah-5-li-dikissiz-brazilian-kulot-seti-5645792962/
MARKS-5645792961-46,46,https://www.marksandspencer.com.tr/kadin-siyah-5-li-dikissiz-brazilian-kulot-seti-5645792962/
MARKS-5646516650-34,34,https://www.marksandspencer.com.tr/kadin-pembe-5-li-dikissiz-full-brief-kulot-seti-5646516650/
MARKS-5646516650-36,36,https://www.marksandspencer.com.tr/kadin-pembe-5-li-dikissiz-full-brief-kulot-seti-5646516650/
MARKS-5646516650-38,38,https://www.marksandspencer.com.tr/kadin-pembe-5-li-dikissiz-full-brief-kulot-seti-5646516650/
MARKS-5646516650-40,40,https://www.marksandspencer.com.tr/kadin-pembe-5-li-dikissiz-full-brief-kulot-seti-5646516650/
MARKS-5646516650-42,42,https://www.marksandspencer.com.tr/kadin-pembe-5-li-dikissiz-full-brief-kulot-seti-5646516650/
MARKS-5646516650-44,44,https://www.marksandspencer.com.tr/kadin-pembe-5-li-dikissiz-full-brief-kulot-seti-5646516650/
MARKS-5646516650-46,46,https://www.marksandspencer.com.tr/kadin-pembe-5-li-dikissiz-full-brief-kulot-seti-5646516650/
MARKS-5646516650-48,48,https://www.marksandspencer.com.tr/kadin-pembe-5-li-dikissiz-full-brief-kulot-seti-5646516650/
MARKS-5646516650-50,50,https://www.marksandspencer.com.tr/kadin-pembe-5-li-dikissiz-full-brief-kulot-seti-5646516650/
MARKS-5646516650-52,52,https://www.marksandspencer.com.tr/kadin-pembe-5-li-dikissiz-full-brief-kulot-seti-5646516650/
MARK-T61004104X-2XL-46E,46,https://www.marksandspencer.com.tr/kadin-pembe-5-li-dikissiz-full-brief-kulot-seti-10000000127810/
MARK-T61004104X-3XL-48E,48,https://www.marksandspencer.com.tr/kadin-pembe-5-li-dikissiz-full-brief-kulot-seti-10000000127810/
MARK-T61004104X-4XL-50E,50,https://www.marksandspencer.com.tr/kadin-pembe-5-li-dikissiz-full-brief-kulot-seti-10000000127810/
MARK-T61004104X-5XL-52E,52,https://www.marksandspencer.com.tr/kadin-pembe-5-li-dikissiz-full-brief-kulot-seti-10000000127810/
MARK-T61004104X-L-42E,42,https://www.marksandspencer.com.tr/kadin-pembe-5-li-dikissiz-full-brief-kulot-seti-10000000127810/
MARK-T61004104X-M-40E,40,https://www.marksandspencer.com.tr/kadin-pembe-5-li-dikissiz-full-brief-kulot-seti-10000000127810/
MARK-T61004104X-S-38E,38,https://www.marksandspencer.com.tr/kadin-pembe-5-li-dikissiz-full-brief-kulot-seti-10000000127810/
MARK-T61004104X-XL-44E,44,https://www.marksandspencer.com.tr/kadin-pembe-5-li-dikissiz-full-brief-kulot-seti-10000000127810/
MARK-T61004104X-XS-36E,36,https://www.marksandspencer.com.tr/kadin-pembe-5-li-dikissiz-full-brief-kulot-seti-10000000127810/
MARK-T61004130-2XL-46E,46,https://www.marksandspencer.com.tr/kadin-pembe-5-li-dikissiz-full-brief-kulot-seti-5646516650/
MARK-T61004130-3XL-48E,48,https://www.marksandspencer.com.tr/kadin-pembe-5-li-dikissiz-full-brief-kulot-seti-5646516650/
MARK-T61004130-L-42E,42,https://www.marksandspencer.com.tr/kadin-pembe-5-li-dikissiz-full-brief-kulot-seti-5646516650/
MARK-T61004130-M-40E,40,https://www.marksandspencer.com.tr/kadin-pembe-5-li-dikissiz-full-brief-kulot-seti-5646516650/
MARK-T61004130-S-38E,38,https://www.marksandspencer.com.tr/kadin-pembe-5-li-dikissiz-full-brief-kulot-seti-5646516650/
MARK-T61004130-XL-44E,44,https://www.marksandspencer.com.tr/kadin-pembe-5-li-dikissiz-full-brief-kulot-seti-5646516650/
MARK-T61004130-XXS-34E,34,https://www.marksandspencer.com.tr/kadin-pembe-5-li-dikissiz-full-brief-kulot-seti-5646516650/
SML-MAR-T61004902B-42,42,https://www.marksandspencer.com.tr/kadin-siyah-3-lu-flexifit-tm-brazilian-kulot-seti-10000000127569/
SML-MAR-T61004902B-SIYAH-42,42,https://www.marksandspencer.com.tr/kadin-siyah-3-lu-flexifit-tm-brazilian-kulot-seti-10000000127569/
SML-MAR-T61004902B-SIYAH-46,46,https://www.marksandspencer.com.tr/kadin-siyah-3-lu-flexifit-tm-brazilian-kulot-seti-10000000127569/
MS-10000000314645-34,34,https://www.marksandspencer.com.tr/kadin-bej-5-li-dikissiz-high-leg-kulot-seti-10000000314645/
MS-10000000314645-36,36,https://www.marksandspencer.com.tr/kadin-bej-5-li-dikissiz-high-leg-kulot-seti-10000000314645/
MS-10000000314645-38,38,https://www.marksandspencer.com.tr/kadin-bej-5-li-dikissiz-high-leg-kulot-seti-10000000314645/
MS-10000000314645-40,40,https://www.marksandspencer.com.tr/kadin-bej-5-li-dikissiz-high-leg-kulot-seti-10000000314645/
MS-10000000314645-42,42,https://www.marksandspencer.com.tr/kadin-bej-5-li-dikissiz-high-leg-kulot-seti-10000000314645/
MS-10000000314645-44,44,https://www.marksandspencer.com.tr/kadin-bej-5-li-dikissiz-high-leg-kulot-seti-10000000314645/
MS-10000000314645-46,46,https://www.marksandspencer.com.tr/kadin-bej-5-li-dikissiz-high-leg-kulot-seti-10000000314645/
MS-10000000314645-48,48,https://www.marksandspencer.com.tr/kadin-bej-5-li-dikissiz-high-leg-kulot-seti-10000000314645/
MS-10000000314645-50,50,https://www.marksandspencer.com.tr/kadin-bej-5-li-dikissiz-high-leg-kulot-seti-10000000314645/
MS-5645504723-36,36,https://www.marksandspencer.com.tr/kadin-siyah-5-li-cotton-lycra-registered-short-kulot-seti-5645504723/
MS-5645504723-38,38,https://www.marksandspencer.com.tr/kadin-siyah-5-li-cotton-lycra-registered-short-kulot-seti-5645504723/
MS-5645504723-40,40,https://www.marksandspencer.com.tr/kadin-siyah-5-li-cotton-lycra-registered-short-kulot-seti-5645504723/
MS-5645504723-42,42,https://www.marksandspencer.com.tr/kadin-siyah-5-li-cotton-lycra-registered-short-kulot-seti-5645504723/
MS-5645504723-44,44,https://www.marksandspencer.com.tr/kadin-siyah-5-li-cotton-lycra-registered-short-kulot-seti-5645504723/
MS-5645504723-46,46,https://www.marksandspencer.com.tr/kadin-siyah-5-li-cotton-lycra-registered-short-kulot-seti-5645504723/
MS-5645504723-50,50,https://www.marksandspencer.com.tr/kadin-siyah-5-li-cotton-lycra-registered-short-kulot-seti-5645504723/
MS-5645792962-34,34,https://www.marksandspencer.com.tr/kadin-siyah-5-li-dikissiz-brazilian-kulot-seti-5645792962/
MS-5645792962-36,36,https://www.marksandspencer.com.tr/kadin-siyah-5-li-dikissiz-brazilian-kulot-seti-5645792962/
MS-5645792962-38,38,https://www.marksandspencer.com.tr/kadin-siyah-5-li-dikissiz-brazilian-kulot-seti-5645792962/
MS-5645792962-40,40,https://www.marksandspencer.com.tr/kadin-siyah-5-li-dikissiz-brazilian-kulot-seti-5645792962/
MS-5645792962-42,42,https://www.marksandspencer.com.tr/kadin-siyah-5-li-dikissiz-brazilian-kulot-seti-5645792962/
MS-5645792962-44,44,https://www.marksandspencer.com.tr/kadin-siyah-5-li-dikissiz-brazilian-kulot-seti-5645792962/
MS-5646206322-36,36,https://www.marksandspencer.com.tr/kadin-beyaz-3-lu-body-soft-tm-bikini-kulot-seti-5646206322/
MS-5646206322-38,38,https://www.marksandspencer.com.tr/kadin-beyaz-3-lu-body-soft-tm-bikini-kulot-seti-5646206322/
MS-5646206322-40,40,https://www.marksandspencer.com.tr/kadin-beyaz-3-lu-body-soft-tm-bikini-kulot-seti-5646206322/
MS-5646206322-42,42,https://www.marksandspencer.com.tr/kadin-beyaz-3-lu-body-soft-tm-bikini-kulot-seti-5646206322/
MAR-T81006470T-SIYAH-36EU,36,https://www.marksandspencer.com.tr/kadin-siyah-dantel-detayli-ipek-tanga-10000000375741/
MAR-T81006470T-SIYAH-38EU,38,https://www.marksandspencer.com.tr/kadin-siyah-dantel-detayli-ipek-tanga-10000000375741/
MAR-T81006470T-SIYAH-40EU,40,https://www.marksandspencer.com.tr/kadin-siyah-dantel-detayli-ipek-tanga-10000000375741/
MAR-T81006470T-SIYAH-42EU,42,https://www.marksandspencer.com.tr/kadin-siyah-dantel-detayli-ipek-tanga-10000000375741/
MAR-T81006470T-SIYAH-44EU,44,https://www.marksandspencer.com.tr/kadin-siyah-dantel-detayli-ipek-tanga-10000000375741/
MAR-T81006470T-SIYAH-46EU,46,https://www.marksandspencer.com.tr/kadin-siyah-dantel-detayli-ipek-tanga-10000000375741/
SML-MAR-T61008801N-SIYAH-34EU,34,https://www.marksandspencer.com.tr/kadin-siyah-5-li-bikini-kulot-seti-10000000515416/
SML-MAR-T61008801N-SIYAH-36EU,36,https://www.marksandspencer.com.tr/kadin-siyah-5-li-bikini-kulot-seti-10000000515416/
SML-MAR-T61008801N-SIYAH-38EU,38,https://www.marksandspencer.com.tr/kadin-siyah-5-li-bikini-kulot-seti-10000000515416/
SML-MAR-T61008801N-SIYAH-40EU,40,https://www.marksandspencer.com.tr/kadin-siyah-5-li-bikini-kulot-seti-10000000515416/
SML-MAR-T61008801N-SIYAH-42EU,42,https://www.marksandspencer.com.tr/kadin-siyah-5-li-bikini-kulot-seti-10000000515416/
MAR-T61004666-SIYAH-34EU,34,https://www.marksandspencer.com.tr/kadin-beyaz-5-li-dikissiz-high-leg-kulot-seti-5645975148/?integration_color=BLACK
MAR-T61004666-SIYAH-36EU,36,https://www.marksandspencer.com.tr/kadin-beyaz-5-li-dikissiz-high-leg-kulot-seti-5645975148/?integration_color=BLACK
MAR-T61004666-SIYAH-38EU,38,https://www.marksandspencer.com.tr/kadin-beyaz-5-li-dikissiz-high-leg-kulot-seti-5645975148/?integration_color=BLACK
MAR-T61004666-SIYAH-40EU,40,https://www.marksandspencer.com.tr/kadin-beyaz-5-li-dikissiz-high-leg-kulot-seti-5645975148/?integration_color=BLACK
MAR-T61004666-SIYAH-42EU,42,https://www.marksandspencer.com.tr/kadin-beyaz-5-li-dikissiz-high-leg-kulot-seti-5645975148/?integration_color=BLACK
MAR-T61004666-SIYAH-44EU,44,https://www.marksandspencer.com.tr/kadin-beyaz-5-li-dikissiz-high-leg-kulot-seti-5645975148/?integration_color=BLACK
MAR-T61004666-SIYAH-46EU,46,https://www.marksandspencer.com.tr/kadin-beyaz-5-li-dikissiz-high-leg-kulot-seti-5645975148/?integration_color=BLACK
MAR-T61004666-SIYAH-48EU,48,https://www.marksandspencer.com.tr/kadin-beyaz-5-li-dikissiz-high-leg-kulot-seti-5645975148/?integration_color=BLACK
MAR-T61004666-SIYAH-50EU,50,https://www.marksandspencer.com.tr/kadin-beyaz-5-li-dikissiz-high-leg-kulot-seti-5645975148/?integration_color=BLACK
MAR-T81006437Y-KREM-34EU,34,https://www.marksandspencer.com.tr/kadin-fildisi-aster-dantel-detayli-jartiyer-5646436887/
MAR-T81006437Y-KREM-36EU,36,https://www.marksandspencer.com.tr/kadin-fildisi-aster-dantel-detayli-jartiyer-5646436887/
MAR-T81006437Y-KREM-38EU,38,https://www.marksandspencer.com.tr/kadin-fildisi-aster-dantel-detayli-jartiyer-5646436887/
MAR-T81006437Y-KREM-40EU,40,https://www.marksandspencer.com.tr/kadin-fildisi-aster-dantel-detayli-jartiyer-5646436887/
MAR-T81006437Y-KREM-42EU,42,https://www.marksandspencer.com.tr/kadin-fildisi-aster-dantel-detayli-jartiyer-5646436887/
MAR-T61003498B-1-34,34,https://www.marksandspencer.com.tr/kadin-siyah-5-li-dikissiz-brazilian-kulot-seti-5645792962/
MAR-T61003498B-1-36,36,https://www.marksandspencer.com.tr/kadin-siyah-5-li-dikissiz-brazilian-kulot-seti-5645792962/
MAR-T61003498B-1-38,38,https://www.marksandspencer.com.tr/kadin-siyah-5-li-dikissiz-brazilian-kulot-seti-5645792962/
MAR-T61003498B-1-40,40,https://www.marksandspencer.com.tr/kadin-siyah-5-li-dikissiz-brazilian-kulot-seti-5645792962/
MAR-T61003498B-1-42,42,https://www.marksandspencer.com.tr/kadin-siyah-5-li-dikissiz-brazilian-kulot-seti-5645792962/
MAR-T61003498B-1-44,44,https://www.marksandspencer.com.tr/kadin-siyah-5-li-dikissiz-brazilian-kulot-seti-5645792962/
MAR-T61002030X-1-34,34,https://www.marksandspencer.com.tr/kadin-pembe-kuvars-5-li-cotton-lycra-registered-brazilian-kulot-seti-10000000127752/
MAR-T61002030X-1-36,36,https://www.marksandspencer.com.tr/kadin-pembe-kuvars-5-li-cotton-lycra-registered-brazilian-kulot-seti-10000000127752/
MAR-T61002030X-1-38,38,https://www.marksandspencer.com.tr/kadin-pembe-kuvars-5-li-cotton-lycra-registered-brazilian-kulot-seti-10000000127752/
MAR-T61002030X-1-40,40,https://www.marksandspencer.com.tr/kadin-pembe-kuvars-5-li-cotton-lycra-registered-brazilian-kulot-seti-10000000127752/
MAR-T61002030X-1-42,42,https://www.marksandspencer.com.tr/kadin-pembe-kuvars-5-li-cotton-lycra-registered-brazilian-kulot-seti-10000000127752/
MAR-T61002030X-1-44,44,https://www.marksandspencer.com.tr/kadin-pembe-kuvars-5-li-cotton-lycra-registered-brazilian-kulot-seti-10000000127752/
MAR-T61002030X-1-46,46,https://www.marksandspencer.com.tr/kadin-pembe-kuvars-5-li-cotton-lycra-registered-brazilian-kulot-seti-10000000127752/
MAR-T61002030X-1-48,48,https://www.marksandspencer.com.tr/kadin-pembe-kuvars-5-li-cotton-lycra-registered-brazilian-kulot-seti-10000000127752/
MAR-T61002030X-1-50,50,https://www.marksandspencer.com.tr/kadin-pembe-kuvars-5-li-cotton-lycra-registered-brazilian-kulot-seti-10000000127752/
MAR-T61005022M-1-PEMBE-34,34,https://www.marksandspencer.com.tr/kadin-pembe-kuvars-5-li-dantel-detayli-short-kulot-seti-5646516558/
MAR-T61005022M-1-PEMBE-36,36,https://www.marksandspencer.com.tr/kadin-pembe-kuvars-5-li-dantel-detayli-short-kulot-seti-5646516558/
MAR-T61005022M-1-PEMBE-38,38,https://www.marksandspencer.com.tr/kadin-pembe-kuvars-5-li-dantel-detayli-short-kulot-seti-5646516558/
MAR-T61005022M-1-PEMBE-40,40,https://www.marksandspencer.com.tr/kadin-pembe-kuvars-5-li-dantel-detayli-short-kulot-seti-5646516558/
MAR-T61005022M-1-PEMBE-42,42,https://www.marksandspencer.com.tr/kadin-pembe-kuvars-5-li-dantel-detayli-short-kulot-seti-5646516558/
MAR-T61005022M-1-PEMBE-44,44,https://www.marksandspencer.com.tr/kadin-pembe-kuvars-5-li-dantel-detayli-short-kulot-seti-5646516558/
MAR-T61005022M-1-PEMBE-46,46,https://www.marksandspencer.com.tr/kadin-pembe-kuvars-5-li-dantel-detayli-short-kulot-seti-5646516558/
MAR-T61005022M-1-PEMBE-48,48,https://www.marksandspencer.com.tr/kadin-pembe-kuvars-5-li-dantel-detayli-short-kulot-seti-5646516558/
MAR-T61005022M-1-PEMBE-50,50,https://www.marksandspencer.com.tr/kadin-pembe-kuvars-5-li-dantel-detayli-short-kulot-seti-5646516558/
MAR-T61005022M-1-PEMBE-52,52,https://www.marksandspencer.com.tr/kadin-pembe-kuvars-5-li-dantel-detayli-short-kulot-seti-5646516558/
MAR-T61004930P-1-SIYAH-34,34,https://www.marksandspencer.com.tr/kadin-siyah-5-li-cotton-lycra-registered-high-leg-kulot-seti-5645504727/
MAR-T61004930P-1-SIYAH-36,36,https://www.marksandspencer.com.tr/kadin-siyah-5-li-cotton-lycra-registered-high-leg-kulot-seti-5645504727/
MAR-T61004930P-1-SIYAH-38,38,https://www.marksandspencer.com.tr/kadin-siyah-5-li-cotton-lycra-registered-high-leg-kulot-seti-5645504727/
MAR-T61004930P-1-SIYAH-40,40,https://www.marksandspencer.com.tr/kadin-siyah-5-li-cotton-lycra-registered-high-leg-kulot-seti-5645504727/
MAR-T61004930P-1-SIYAH-42,42,https://www.marksandspencer.com.tr/kadin-siyah-5-li-cotton-lycra-registered-high-leg-kulot-seti-5645504727/
MAR-T61004930P-1-SIYAH-44,44,https://www.marksandspencer.com.tr/kadin-siyah-5-li-cotton-lycra-registered-high-leg-kulot-seti-5645504727/
MAR-T61004930P-1-SIYAH-46,46,https://www.marksandspencer.com.tr/kadin-siyah-5-li-cotton-lycra-registered-high-leg-kulot-seti-5645504727/
MAR-T61004930P-1-SIYAH-48,48,https://www.marksandspencer.com.tr/kadin-siyah-5-li-cotton-lycra-registered-high-leg-kulot-seti-5645504727/
MAR-T61004930P-1-SIYAH-50,50,https://www.marksandspencer.com.tr/kadin-siyah-5-li-cotton-lycra-registered-high-leg-kulot-seti-5645504727/
MAR-T61004930P-1-BEYAZ-34,34,https://www.marksandspencer.com.tr/kadin-siyah-5-li-cotton-lycra-registered-high-leg-kulot-seti-5645504727/?integration_color=WHITE
MAR-T61004930P-1-BEYAZ-36,36,https://www.marksandspencer.com.tr/kadin-siyah-5-li-cotton-lycra-registered-high-leg-kulot-seti-5645504727/?integration_color=WHITE
MAR-T61004930P-1-BEYAZ-38,38,https://www.marksandspencer.com.tr/kadin-siyah-5-li-cotton-lycra-registered-high-leg-kulot-seti-5645504727/?integration_color=WHITE
MAR-T61004930P-1-BEYAZ-40,40,https://www.marksandspencer.com.tr/kadin-siyah-5-li-cotton-lycra-registered-high-leg-kulot-seti-5645504727/?integration_color=WHITE
MAR-T61004930P-1-BEYAZ-42,42,https://www.marksandspencer.com.tr/kadin-siyah-5-li-cotton-lycra-registered-high-leg-kulot-seti-5645504727/?integration_color=WHITE
MAR-T61004930P-1-BEYAZ-44,44,https://www.marksandspencer.com.tr/kadin-siyah-5-li-cotton-lycra-registered-high-leg-kulot-seti-5645504727/?integration_color=WHITE
MAR-T61004930P-1-BEYAZ-46,46,https://www.marksandspencer.com.tr/kadin-siyah-5-li-cotton-lycra-registered-high-leg-kulot-seti-5645504727/?integration_color=WHITE
MAR-T61004930P-1-BEYAZ-48,48,https://www.marksandspencer.com.tr/kadin-siyah-5-li-cotton-lycra-registered-high-leg-kulot-seti-5645504727/?integration_color=WHITE
MAR-T61004930P-1-BEYAZ-50,50,https://www.marksandspencer.com.tr/kadin-siyah-5-li-cotton-lycra-registered-high-leg-kulot-seti-5645504727/?integration_color=WHITE
MAR-T61004100-1-PEMBE-34,34,https://www.marksandspencer.com.tr/kadin-pembe-kuvars-5-li-dikissiz-high-leg-kulot-seti-10000000314645/
MAR-T61004100-1-PEMBE-36,36,https://www.marksandspencer.com.tr/kadin-pembe-kuvars-5-li-dikissiz-high-leg-kulot-seti-10000000314645/
MAR-T61004100-1-PEMBE-38,38,https://www.marksandspencer.com.tr/kadin-pembe-kuvars-5-li-dikissiz-high-leg-kulot-seti-10000000314645/
MAR-T61004100-1-PEMBE-40,40,https://www.marksandspencer.com.tr/kadin-pembe-kuvars-5-li-dikissiz-high-leg-kulot-seti-10000000314645/
MAR-T61004100-1-PEMBE-42,42,https://www.marksandspencer.com.tr/kadin-pembe-kuvars-5-li-dikissiz-high-leg-kulot-seti-10000000314645/
MAR-T61004100-1-PEMBE-44,44,https://www.marksandspencer.com.tr/kadin-pembe-kuvars-5-li-dikissiz-high-leg-kulot-seti-10000000314645/
MAR-T61004100-1-PEMBE-46,46,https://www.marksandspencer.com.tr/kadin-pembe-kuvars-5-li-dikissiz-high-leg-kulot-seti-10000000314645/
MAR-T61004100-1-PEMBE-48,48,https://www.marksandspencer.com.tr/kadin-pembe-kuvars-5-li-dikissiz-high-leg-kulot-seti-10000000314645/
MAR-T61004100-1-PEMBE-50,50,https://www.marksandspencer.com.tr/kadin-pembe-kuvars-5-li-dikissiz-high-leg-kulot-seti-10000000314645/
MAR-T61004287-1-SIYAH-34,34,https://www.marksandspencer.com.tr/kadin-siyah-5-li-dikissiz-bikini-kulot-seti-5645238129/
MAR-T61004287-1-SIYAH-36,36,https://www.marksandspencer.com.tr/kadin-siyah-5-li-dikissiz-bikini-kulot-seti-5645238129/
MAR-T61004287-1-SIYAH-38,38,https://www.marksandspencer.com.tr/kadin-siyah-5-li-dikissiz-bikini-kulot-seti-5645238129/
MAR-T61004287-1-SIYAH-40,40,https://www.marksandspencer.com.tr/kadin-siyah-5-li-dikissiz-bikini-kulot-seti-5645238129/
MAR-T61004287-1-SIYAH-42,42,https://www.marksandspencer.com.tr/kadin-siyah-5-li-dikissiz-bikini-kulot-seti-5645238129/
MAR-T61004287-1-SIYAH-44,44,https://www.marksandspencer.com.tr/kadin-siyah-5-li-dikissiz-bikini-kulot-seti-5645238129/
MAR-T61004287-1-SIYAH-46,46,https://www.marksandspencer.com.tr/kadin-siyah-5-li-dikissiz-bikini-kulot-seti-5645238129/
MAR-T61004287-1-SIYAH-48,48,https://www.marksandspencer.com.tr/kadin-siyah-5-li-dikissiz-bikini-kulot-seti-5645238129/
MAR-T61004933P-1-SIYAH-36,36,https://www.marksandspencer.com.tr/kadin-beyaz-5-li-cotton-lycra-registered-short-kulot-seti-5645504764/?integration_color=BLACK
MAR-T61004933P-1-SIYAH-38,38,https://www.marksandspencer.com.tr/kadin-beyaz-5-li-cotton-lycra-registered-short-kulot-seti-5645504764/?integration_color=BLACK
MAR-T61004933P-1-SIYAH-40,40,https://www.marksandspencer.com.tr/kadin-beyaz-5-li-cotton-lycra-registered-short-kulot-seti-5645504764/?integration_color=BLACK
MAR-T61004933P-1-SIYAH-42,42,https://www.marksandspencer.com.tr/kadin-beyaz-5-li-cotton-lycra-registered-short-kulot-seti-5645504764/?integration_color=BLACK
MAR-T61004933P-1-SIYAH-44,44,https://www.marksandspencer.com.tr/kadin-beyaz-5-li-cotton-lycra-registered-short-kulot-seti-5645504764/?integration_color=BLACK
MAR-T61004933P-1-SIYAH-46,46,https://www.marksandspencer.com.tr/kadin-beyaz-5-li-cotton-lycra-registered-short-kulot-seti-5645504764/?integration_color=BLACK
MAR-T61004936P-1-SIYAH-34,34,https://www.marksandspencer.com.tr/kadin-siyah-5-li-cotton-lycra-registered-bikini-kulot-seti-5645504776/
MAR-T61004936P-1-SIYAH-36,36,https://www.marksandspencer.com.tr/kadin-siyah-5-li-cotton-lycra-registered-bikini-kulot-seti-5645504776/
MAR-T61004936P-1-SIYAH-38,38,https://www.marksandspencer.com.tr/kadin-siyah-5-li-cotton-lycra-registered-bikini-kulot-seti-5645504776/
MAR-T61004936P-1-SIYAH-40,40,https://www.marksandspencer.com.tr/kadin-siyah-5-li-cotton-lycra-registered-bikini-kulot-seti-5645504776/
MAR-T61004936P-1-SIYAH-42,42,https://www.marksandspencer.com.tr/kadin-siyah-5-li-cotton-lycra-registered-bikini-kulot-seti-5645504776/
MAR-T61004936P-1-SIYAH-44,44,https://www.marksandspencer.com.tr/kadin-siyah-5-li-cotton-lycra-registered-bikini-kulot-seti-5645504776/
MAR-T61004936P-1-SIYAH-46,46,https://www.marksandspencer.com.tr/kadin-siyah-5-li-cotton-lycra-registered-bikini-kulot-seti-5645504776/
MS-T81006470C-34,34,https://www.marksandspencer.com.tr/kadin-siyah-dantel-detayli-askili-ipek-gecelik-ustu-10000000375705/
MS-T81006470C-36,36,https://www.marksandspencer.com.tr/kadin-siyah-dantel-detayli-askili-ipek-gecelik-ustu-10000000375705/
MS-T81006470C-38,38,https://www.marksandspencer.com.tr/kadin-siyah-dantel-detayli-askili-ipek-gecelik-ustu-10000000375705/
MS-T81006470C-40,40,https://www.marksandspencer.com.tr/kadin-siyah-dantel-detayli-askili-ipek-gecelik-ustu-10000000375705/
MS-T81006470C-42,42,https://www.marksandspencer.com.tr/kadin-siyah-dantel-detayli-askili-ipek-gecelik-ustu-10000000375705/
MS-T81006470C-44,44,https://www.marksandspencer.com.tr/kadin-siyah-dantel-detayli-askili-ipek-gecelik-ustu-10000000375705/
MS-T61005022F-BEYAZ-34,34,https://www.marksandspencer.com.tr/kadin-siyah-5-li-dantel-detayli-full-brief-kulot-seti-5645562665/?integration_color=WHITE
MS-T61005022F-BEYAZ-36,36,https://www.marksandspencer.com.tr/kadin-siyah-5-li-dantel-detayli-full-brief-kulot-seti-5645562665/?integration_color=WHITE
MS-T61005022F-BEYAZ-38,38,https://www.marksandspencer.com.tr/kadin-siyah-5-li-dantel-detayli-full-brief-kulot-seti-5645562665/?integration_color=WHITE
MS-T61005022F-BEYAZ-40,40,https://www.marksandspencer.com.tr/kadin-siyah-5-li-dantel-detayli-full-brief-kulot-seti-5645562665/?integration_color=WHITE
MS-T61005022F-BEYAZ-42,42,https://www.marksandspencer.com.tr/kadin-siyah-5-li-dantel-detayli-full-brief-kulot-seti-5645562665/?integration_color=WHITE
MS-T61005022F-BEYAZ-44,44,https://www.marksandspencer.com.tr/kadin-siyah-5-li-dantel-detayli-full-brief-kulot-seti-5645562665/?integration_color=WHITE
MS-T61005022F-BEYAZ-46,46,https://www.marksandspencer.com.tr/kadin-siyah-5-li-dantel-detayli-full-brief-kulot-seti-5645562665/?integration_color=WHITE
MS-T61005022F-BEYAZ-48,48,https://www.marksandspencer.com.tr/kadin-siyah-5-li-dantel-detayli-full-brief-kulot-seti-5645562665/?integration_color=WHITE
MS-T61005022F-BEYAZ-50,50,https://www.marksandspencer.com.tr/kadin-siyah-5-li-dantel-detayli-full-brief-kulot-seti-5645562665/?integration_color=WHITE
MS-T61005022F-BEYAZ-52,52,https://www.marksandspencer.com.tr/kadin-siyah-5-li-dantel-detayli-full-brief-kulot-seti-5645562665/?integration_color=WHITE
MS-T61005016L-34,34,https://www.marksandspencer.com.tr/kadin-beyaz-3-lu-body-soft-tm-high-leg-kulot-seti-10000000371110/
MS-T61005016L-36,36,https://www.marksandspencer.com.tr/kadin-beyaz-3-lu-body-soft-tm-high-leg-kulot-seti-10000000371110/
MS-T61005016L-38,38,https://www.marksandspencer.com.tr/kadin-beyaz-3-lu-body-soft-tm-high-leg-kulot-seti-10000000371110/
MS-T61005016L-40,40,https://www.marksandspencer.com.tr/kadin-beyaz-3-lu-body-soft-tm-high-leg-kulot-seti-10000000371110/
MS-T61005016L-42,42,https://www.marksandspencer.com.tr/kadin-beyaz-3-lu-body-soft-tm-high-leg-kulot-seti-10000000371110/
MS-T61005016L-44,44,https://www.marksandspencer.com.tr/kadin-beyaz-3-lu-body-soft-tm-high-leg-kulot-seti-10000000371110/
MS-T61005016L-46,46,https://www.marksandspencer.com.tr/kadin-beyaz-3-lu-body-soft-tm-high-leg-kulot-seti-10000000371110/
MS-T61005016L-48,48,https://www.marksandspencer.com.tr/kadin-beyaz-3-lu-body-soft-tm-high-leg-kulot-seti-10000000371110/
MS-T61005016L-50,50,https://www.marksandspencer.com.tr/kadin-beyaz-3-lu-body-soft-tm-high-leg-kulot-seti-10000000371110/
MS-T61005016L-52,52,https://www.marksandspencer.com.tr/kadin-beyaz-3-lu-body-soft-tm-high-leg-kulot-seti-10000000371110/
MS-T61005781F-SIYAH-36,36,https://www.marksandspencer.com.tr/kadin-beyaz-3-lu-amelia-dantelli-full-brief-kulot-10000000810851/?integration_color=BLACK
MS-T61005781F-SIYAH-38,38,https://www.marksandspencer.com.tr/kadin-beyaz-3-lu-amelia-dantelli-full-brief-kulot-10000000810851/?integration_color=BLACK
MS-T61005781F-SIYAH-40,40,https://www.marksandspencer.com.tr/kadin-beyaz-3-lu-amelia-dantelli-full-brief-kulot-10000000810851/?integration_color=BLACK
MS-T61005781F-SIYAH-42,42,https://www.marksandspencer.com.tr/kadin-beyaz-3-lu-amelia-dantelli-full-brief-kulot-10000000810851/?integration_color=BLACK
MS-T61005781F-SIYAH-44,44,https://www.marksandspencer.com.tr/kadin-beyaz-3-lu-amelia-dantelli-full-brief-kulot-10000000810851/?integration_color=BLACK
MS-T61005781F-SIYAH-46,46,https://www.marksandspencer.com.tr/kadin-beyaz-3-lu-amelia-dantelli-full-brief-kulot-10000000810851/?integration_color=BLACK
MS-T61005781F-SIYAH-48,48,https://www.marksandspencer.com.tr/kadin-beyaz-3-lu-amelia-dantelli-full-brief-kulot-10000000810851/?integration_color=BLACK
MS-T61005781F-SIYAH-50,50,https://www.marksandspencer.com.tr/kadin-beyaz-3-lu-amelia-dantelli-full-brief-kulot-10000000810851/?integration_color=BLACK
MS-T61005781F-SIYAH-52,52,https://www.marksandspencer.com.tr/kadin-beyaz-3-lu-amelia-dantelli-full-brief-kulot-10000000810851/?integration_color=BLACK
MS-T61005783L-BEYAZ-34,34,https://www.marksandspencer.com.tr/kadin-siyah-3-lu-amelia-dantelli-yuksek-bel-kulot-10000000866606/?integration_color=WHITE
MS-T61005783L-BEYAZ-36,36,https://www.marksandspencer.com.tr/kadin-siyah-3-lu-amelia-dantelli-yuksek-bel-kulot-10000000866606/?integration_color=WHITE
MS-T61005783L-BEYAZ-38,38,https://www.marksandspencer.com.tr/kadin-siyah-3-lu-amelia-dantelli-yuksek-bel-kulot-10000000866606/?integration_color=WHITE
MS-T61005783L-BEYAZ-40,40,https://www.marksandspencer.com.tr/kadin-siyah-3-lu-amelia-dantelli-yuksek-bel-kulot-10000000866606/?integration_color=WHITE
MS-T61005783L-BEYAZ-42,42,https://www.marksandspencer.com.tr/kadin-siyah-3-lu-amelia-dantelli-yuksek-bel-kulot-10000000866606/?integration_color=WHITE
MS-T61005783L-BEYAZ-44,44,https://www.marksandspencer.com.tr/kadin-siyah-3-lu-amelia-dantelli-yuksek-bel-kulot-10000000866606/?integration_color=WHITE
MS-T61005783L-BEYAZ-46,46,https://www.marksandspencer.com.tr/kadin-siyah-3-lu-amelia-dantelli-yuksek-bel-kulot-10000000866606/?integration_color=WHITE
MS-T61005783L-BEYAZ-48,48,https://www.marksandspencer.com.tr/kadin-siyah-3-lu-amelia-dantelli-yuksek-bel-kulot-10000000866606/?integration_color=WHITE
MS-T61005783L-BEYAZ-50,50,https://www.marksandspencer.com.tr/kadin-siyah-3-lu-amelia-dantelli-yuksek-bel-kulot-10000000866606/?integration_color=WHITE
MS-T61005783L-BEYAZ-52,52,https://www.marksandspencer.com.tr/kadin-siyah-3-lu-amelia-dantelli-yuksek-bel-kulot-10000000866606/?integration_color=WHITE
MS-T61005783L-PEMBE-34,34,https://www.marksandspencer.com.tr/kadin-siyah-3-lu-amelia-dantelli-yuksek-bel-kulot-10000000866606/?integration_color=OPALINE
MS-T61005783L-PEMBE-36,36,https://www.marksandspencer.com.tr/kadin-siyah-3-lu-amelia-dantelli-yuksek-bel-kulot-10000000866606/?integration_color=OPALINE
MS-T61005783L-PEMBE-38,38,https://www.marksandspencer.com.tr/kadin-siyah-3-lu-amelia-dantelli-yuksek-bel-kulot-10000000866606/?integration_color=OPALINE
MS-T61005783L-PEMBE-40,40,https://www.marksandspencer.com.tr/kadin-siyah-3-lu-amelia-dantelli-yuksek-bel-kulot-10000000866606/?integration_color=OPALINE
MS-T61005783L-PEMBE-42,42,https://www.marksandspencer.com.tr/kadin-siyah-3-lu-amelia-dantelli-yuksek-bel-kulot-10000000866606/?integration_color=OPALINE
MS-T61005783L-PEMBE-44,44,https://www.marksandspencer.com.tr/kadin-siyah-3-lu-amelia-dantelli-yuksek-bel-kulot-10000000866606/?integration_color=OPALINE
MS-T61005783L-PEMBE-46,46,https://www.marksandspencer.com.tr/kadin-siyah-3-lu-amelia-dantelli-yuksek-bel-kulot-10000000866606/?integration_color=OPALINE
MS-T61005783L-PEMBE-48,48,https://www.marksandspencer.com.tr/kadin-siyah-3-lu-amelia-dantelli-yuksek-bel-kulot-10000000866606/?integration_color=OPALINE
MS-T61005783L-PEMBE-50,50,https://www.marksandspencer.com.tr/kadin-siyah-3-lu-amelia-dantelli-yuksek-bel-kulot-10000000866606/?integration_color=OPALINE
MS-T81006470L-KREM-34,34,https://www.marksandspencer.com.tr/kadin-krem-dantel-detayli-ipek-high-leg-kulot-10000000375716/?integration_color=PALE+OPALINE
MS-T81006470L-KREM-36,36,https://www.marksandspencer.com.tr/kadin-krem-dantel-detayli-ipek-high-leg-kulot-10000000375716/?integration_color=PALE+OPALINE
MS-T81006470L-KREM-38,38,https://www.marksandspencer.com.tr/kadin-krem-dantel-detayli-ipek-high-leg-kulot-10000000375716/?integration_color=PALE+OPALINE
MS-T81006470L-KREM-40,40,https://www.marksandspencer.com.tr/kadin-krem-dantel-detayli-ipek-high-leg-kulot-10000000375716/?integration_color=PALE+OPALINE
MS-T81006470L-KREM-42,42,https://www.marksandspencer.com.tr/kadin-krem-dantel-detayli-ipek-high-leg-kulot-10000000375716/?integration_color=PALE+OPALINE
MS-T81006470L-KREM-44,44,https://www.marksandspencer.com.tr/kadin-krem-dantel-detayli-ipek-high-leg-kulot-10000000375716/?integration_color=PALE+OPALINE
MS-T81006470L-KREM-46,46,https://www.marksandspencer.com.tr/kadin-krem-dantel-detayli-ipek-high-leg-kulot-10000000375716/?integration_color=PALE+OPALINE
MS-T81006470L-KREM-48,48,https://www.marksandspencer.com.tr/kadin-krem-dantel-detayli-ipek-high-leg-kulot-10000000375716/?integration_color=PALE+OPALINE
MS-T81006470A-KREM-34,34,https://www.marksandspencer.com.tr/kadin-krem-dantel-detayli-ipek-brazilian-kulot-10000000375694/?integration_color=PALE+OPALINE
MS-T81006470A-KREM-36,36,https://www.marksandspencer.com.tr/kadin-krem-dantel-detayli-ipek-brazilian-kulot-10000000375694/?integration_color=PALE+OPALINE
MS-T81006470A-KREM-38,38,https://www.marksandspencer.com.tr/kadin-krem-dantel-detayli-ipek-brazilian-kulot-10000000375694/?integration_color=PALE+OPALINE
MS-T81006470A-KREM-40,40,https://www.marksandspencer.com.tr/kadin-krem-dantel-detayli-ipek-brazilian-kulot-10000000375694/?integration_color=PALE+OPALINE
MS-T81006470A-KREM-42,42,https://www.marksandspencer.com.tr/kadin-krem-dantel-detayli-ipek-brazilian-kulot-10000000375694/?integration_color=PALE+OPALINE
MS-T81006470A-KREM-44,44,https://www.marksandspencer.com.tr/kadin-krem-dantel-detayli-ipek-brazilian-kulot-10000000375694/?integration_color=PALE+OPALINE
MS-T81006470A-KREM-46,46,https://www.marksandspencer.com.tr/kadin-krem-dantel-detayli-ipek-brazilian-kulot-10000000375694/?integration_color=PALE+OPALINE
MS-T81006470A-KREM-48,48,https://www.marksandspencer.com.tr/kadin-krem-dantel-detayli-ipek-brazilian-kulot-10000000375694/?integration_color=PALE+OPALINE
MS-T81006470A-KREM-50,50,https://www.marksandspencer.com.tr/kadin-krem-dantel-detayli-ipek-brazilian-kulot-10000000375694/?integration_color=PALE+OPALINE
MS-T61004054E-SIYAH-50,50,https://www.marksandspencer.com.tr/kadin-siyah-3-lu-dikissiz-yuksek-bel-slip-kulot-10000000984350/?integration_color=BLACK
MS-T61004054E-SIYAH-48,48,https://www.marksandspencer.com.tr/kadin-siyah-3-lu-dikissiz-yuksek-bel-slip-kulot-10000000984350/?integration_color=BLACK
MS-T61004054E-SIYAH-46,46,https://www.marksandspencer.com.tr/kadin-siyah-3-lu-dikissiz-yuksek-bel-slip-kulot-10000000984350/?integration_color=BLACK
MS-T61004054E-SIYAH-44,44,https://www.marksandspencer.com.tr/kadin-siyah-3-lu-dikissiz-yuksek-bel-slip-kulot-10000000984350/?integration_color=BLACK
MS-T61004054E-SIYAH-42,42,https://www.marksandspencer.com.tr/kadin-siyah-3-lu-dikissiz-yuksek-bel-slip-kulot-10000000984350/?integration_color=BLACK
MS-T61004054E-SIYAH-40,40,https://www.marksandspencer.com.tr/kadin-siyah-3-lu-dikissiz-yuksek-bel-slip-kulot-10000000984350/?integration_color=BLACK
MS-T61004054E-SIYAH-38,38,https://www.marksandspencer.com.tr/kadin-siyah-3-lu-dikissiz-yuksek-bel-slip-kulot-10000000984350/?integration_color=BLACK
MS-T61004054E-SIYAH-36,36,https://www.marksandspencer.com.tr/kadin-siyah-3-lu-dikissiz-yuksek-bel-slip-kulot-10000000984350/?integration_color=BLACK
MS-T61004054E-SIYAH-34,34,https://www.marksandspencer.com.tr/kadin-siyah-3-lu-dikissiz-yuksek-bel-slip-kulot-10000000984350/?integration_color=BLACK
MS-T61004054T-SIYAH-50,50,https://www.marksandspencer.com.tr/kadin-siyah-3-lu-iz-yapmayan-tanga-10000001003187/?integration_color=BLACK
MS-T61004054T-SIYAH-48,48,https://www.marksandspencer.com.tr/kadin-siyah-3-lu-iz-yapmayan-tanga-10000001003187/?integration_color=BLACK
MS-T61004054T-SIYAH-46,46,https://www.marksandspencer.com.tr/kadin-siyah-3-lu-iz-yapmayan-tanga-10000001003187/?integration_color=BLACK
MS-T61004054T-SIYAH-44,44,https://www.marksandspencer.com.tr/kadin-siyah-3-lu-iz-yapmayan-tanga-10000001003187/?integration_color=BLACK
MS-T61004054T-SIYAH-42,42,https://www.marksandspencer.com.tr/kadin-siyah-3-lu-iz-yapmayan-tanga-10000001003187/?integration_color=BLACK
MS-T61004054T-SIYAH-40,40,https://www.marksandspencer.com.tr/kadin-siyah-3-lu-iz-yapmayan-tanga-10000001003187/?integration_color=BLACK
MS-T61004054T-SIYAH-38,38,https://www.marksandspencer.com.tr/kadin-siyah-3-lu-iz-yapmayan-tanga-10000001003187/?integration_color=BLACK
MS-T61004054T-SIYAH-36,36,https://www.marksandspencer.com.tr/kadin-siyah-3-lu-iz-yapmayan-tanga-10000001003187/?integration_color=BLACK
MS-T61004054T-SIYAH-34,34,https://www.marksandspencer.com.tr/kadin-siyah-3-lu-iz-yapmayan-tanga-10000001003187/?integration_color=BLACK
MS-T61005390L-BEJ-52,52,https://www.marksandspencer.com.tr/kadin-yesil-3-lu-flexifit-tm-modal-yuksek-bel-kulot-10000000884774/?integration_color=ROSE+QUARTZ
MS-T61005390L-BEJ-50,50,https://www.marksandspencer.com.tr/kadin-yesil-3-lu-flexifit-tm-modal-yuksek-bel-kulot-10000000884774/?integration_color=ROSE+QUARTZ
MS-T61005390L-BEJ-48,48,https://www.marksandspencer.com.tr/kadin-yesil-3-lu-flexifit-tm-modal-yuksek-bel-kulot-10000000884774/?integration_color=ROSE+QUARTZ
MS-T61005390L-BEJ-46,46,https://www.marksandspencer.com.tr/kadin-yesil-3-lu-flexifit-tm-modal-yuksek-bel-kulot-10000000884774/?integration_color=ROSE+QUARTZ
MS-T61005390L-BEJ-44,44,https://www.marksandspencer.com.tr/kadin-yesil-3-lu-flexifit-tm-modal-yuksek-bel-kulot-10000000884774/?integration_color=ROSE+QUARTZ
MS-T61005390L-BEJ-42,42,https://www.marksandspencer.com.tr/kadin-yesil-3-lu-flexifit-tm-modal-yuksek-bel-kulot-10000000884774/?integration_color=ROSE+QUARTZ
MS-T61005390L-BEJ-40,40,https://www.marksandspencer.com.tr/kadin-yesil-3-lu-flexifit-tm-modal-yuksek-bel-kulot-10000000884774/?integration_color=ROSE+QUARTZ
MS-T61005390L-BEJ-38,38,https://www.marksandspencer.com.tr/kadin-yesil-3-lu-flexifit-tm-modal-yuksek-bel-kulot-10000000884774/?integration_color=ROSE+QUARTZ
MS-T61005390L-BEJ-36,36,https://www.marksandspencer.com.tr/kadin-yesil-3-lu-flexifit-tm-modal-yuksek-bel-kulot-10000000884774/?integration_color=ROSE+QUARTZ
MS-T61005390L-BEJ-34,34,https://www.marksandspencer.com.tr/kadin-yesil-3-lu-flexifit-tm-modal-yuksek-bel-kulot-10000000884774/?integration_color=ROSE+QUARTZ
MS-T07003567-KOYUYESIL-S,S,https://www.marksandspencer.com.tr/erkek-yesil-saf-pamuklu-waffle-pijama-alti-10000001153890/
MS-T07003567-KOYUYESIL-M,M,https://www.marksandspencer.com.tr/erkek-yesil-saf-pamuklu-waffle-pijama-alti-10000001153890/
MS-T07003567-KOYUYESIL-L,L,https://www.marksandspencer.com.tr/erkek-yesil-saf-pamuklu-waffle-pijama-alti-10000001153890/
MS-T07003567-KOYUYESIL-XL,XL,https://www.marksandspencer.com.tr/erkek-yesil-saf-pamuklu-waffle-pijama-alti-10000001153890/
MS-T07003567-KOYUYESIL-XXL,XXL,https://www.marksandspencer.com.tr/erkek-yesil-saf-pamuklu-waffle-pijama-alti-10000001153890/
MS-T61008800F-MAVI-34,34,https://www.marksandspencer.com.tr/kadin-bej-5-li-saf-pamuklu-full-brief-kulot-seti-10000001123534/?integration_color=BLUE+MIX
MS-T61008800F-MAVI-36,36,https://www.marksandspencer.com.tr/kadin-bej-5-li-saf-pamuklu-full-brief-kulot-seti-10000001123534/?integration_color=BLUE+MIX
MS-T61008800F-MAVI-38,38,https://www.marksandspencer.com.tr/kadin-bej-5-li-saf-pamuklu-full-brief-kulot-seti-10000001123534/?integration_color=BLUE+MIX
MS-T61008800F-MAVI-40,40,https://www.marksandspencer.com.tr/kadin-bej-5-li-saf-pamuklu-full-brief-kulot-seti-10000001123534/?integration_color=BLUE+MIX
MS-T61008800F-MAVI-42,42,https://www.marksandspencer.com.tr/kadin-bej-5-li-saf-pamuklu-full-brief-kulot-seti-10000001123534/?integration_color=BLUE+MIX
MS-T61008800F-MAVI-44,44,https://www.marksandspencer.com.tr/kadin-bej-5-li-saf-pamuklu-full-brief-kulot-seti-10000001123534/?integration_color=BLUE+MIX
MS-T61008800F-MAVI-46,46,https://www.marksandspencer.com.tr/kadin-bej-5-li-saf-pamuklu-full-brief-kulot-seti-10000001123534/?integration_color=BLUE+MIX
MS-T61008800F-MAVI-48,48,https://www.marksandspencer.com.tr/kadin-bej-5-li-saf-pamuklu-full-brief-kulot-seti-10000001123534/?integration_color=BLUE+MIX
MS-T61008800F-MAVI-50,50,https://www.marksandspencer.com.tr/kadin-bej-5-li-saf-pamuklu-full-brief-kulot-seti-10000001123534/?integration_color=BLUE+MIX
MS-T61008800F-MAVI-52,52,https://www.marksandspencer.com.tr/kadin-bej-5-li-saf-pamuklu-full-brief-kulot-seti-10000001123534/?integration_color=BLUE+MIX
MS-T61007805B-SARI-XS,XS,https://www.marksandspencer.com.tr/kadin-sari-dantel-detayli-brazilian-kulot-10000001699430/?integration_color=PALE+STRAW
MS-T61007805B-SARI-S,S,https://www.marksandspencer.com.tr/kadin-sari-dantel-detayli-brazilian-kulot-10000001699430/?integration_color=PALE+STRAW
MS-T61007805B-SARI-M,M,https://www.marksandspencer.com.tr/kadin-sari-dantel-detayli-brazilian-kulot-10000001699430/?integration_color=PALE+STRAW
MS-T61007805B-SARI-L,L,https://www.marksandspencer.com.tr/kadin-sari-dantel-detayli-brazilian-kulot-10000001699430/?integration_color=PALE+STRAW
MS-T61007805B-SARI-XL,XL,https://www.marksandspencer.com.tr/kadin-sari-dantel-detayli-brazilian-kulot-10000001699430/?integration_color=PALE+STRAW
MS-T61007805B-MAVI-XS,XS,https://www.marksandspencer.com.tr/kadin-sari-dantel-detayli-brazilian-kulot-10000001699430/?integration_color=SOFT+BLUE
MS-T61007805B-MAVI-S,S,https://www.marksandspencer.com.tr/kadin-sari-dantel-detayli-brazilian-kulot-10000001699430/?integration_color=SOFT+BLUE
MS-T61007805B-MAVI-M,M,https://www.marksandspencer.com.tr/kadin-sari-dantel-detayli-brazilian-kulot-10000001699430/?integration_color=SOFT+BLUE
MS-T61007805B-MAVI-L,L,https://www.marksandspencer.com.tr/kadin-sari-dantel-detayli-brazilian-kulot-10000001699430/?integration_color=SOFT+BLUE
MS-T61007805B-MAVI-XL,XL,https://www.marksandspencer.com.tr/kadin-sari-dantel-detayli-brazilian-kulot-10000001699430/?integration_color=SOFT+BLUE
MS-T61004303G-SARI-XS,XS,https://www.marksandspencer.com.tr/kadin-sari-detayli-kadin-tanga-10000001699069/?integration_color=PALE+STRAW
MS-T61004303G-SARI-S,S,https://www.marksandspencer.com.tr/kadin-sari-detayli-kadin-tanga-10000001699069/?integration_color=PALE+STRAW
MS-T61004303G-SARI-M,M,https://www.marksandspencer.com.tr/kadin-sari-detayli-kadin-tanga-10000001699069/?integration_color=PALE+STRAW
MS-T61004303G-SARI-L,L,https://www.marksandspencer.com.tr/kadin-sari-detayli-kadin-tanga-10000001699069/?integration_color=PALE+STRAW
MS-T61004303G-SARI-XL,XL,https://www.marksandspencer.com.tr/kadin-sari-detayli-kadin-tanga-10000001699069/?integration_color=PALE+STRAW
MS-T61004303G-BEYAZ-XS,XS,https://www.marksandspencer.com.tr/kadin-sari-detayli-kadin-tanga-10000001699069/?integration_color=WHITE
MS-T61004303G-BEYAZ-S,S,https://www.marksandspencer.com.tr/kadin-sari-detayli-kadin-tanga-10000001699069/?integration_color=WHITE
MS-T61004303G-BEYAZ-M,M,https://www.marksandspencer.com.tr/kadin-sari-detayli-kadin-tanga-10000001699069/?integration_color=WHITE
MS-T61004303G-BEYAZ-L,L,https://www.marksandspencer.com.tr/kadin-sari-detayli-kadin-tanga-10000001699069/?integration_color=WHITE
MS-T61004303G-BEYAZ-XL,XL,https://www.marksandspencer.com.tr/kadin-sari-detayli-kadin-tanga-10000001699069/?integration_color=WHITE
MS-T61006206J-SIYAH-XS,XS,https://www.marksandspencer.com.tr/kadin-siyah-detayli-kadin-miami-kulot-10000001699092/
MS-T61006206J-SIYAH-S,S,https://www.marksandspencer.com.tr/kadin-siyah-detayli-kadin-miami-kulot-10000001699092/
MS-T61006206J-SIYAH-M,M,https://www.marksandspencer.com.tr/kadin-siyah-detayli-kadin-miami-kulot-10000001699092/
MS-T61006206J-SIYAH-L,L,https://www.marksandspencer.com.tr/kadin-siyah-detayli-kadin-miami-kulot-10000001699092/
MS-T61004308T-LEOPAR-XS,XS,https://www.marksandspencer.com.tr/kadin-siyah-mix-leopar-desenli-kulot-10000001699287/
MS-T61004308T-LEOPAR-S,S,https://www.marksandspencer.com.tr/kadin-siyah-mix-leopar-desenli-kulot-10000001699287/
MS-T61004308T-LEOPAR-M,M,https://www.marksandspencer.com.tr/kadin-siyah-mix-leopar-desenli-kulot-10000001699287/
MS-T61004308T-LEOPAR-L,L,https://www.marksandspencer.com.tr/kadin-siyah-mix-leopar-desenli-kulot-10000001699287/
MS-T61004308T-LEOPAR-XL,XL,https://www.marksandspencer.com.tr/kadin-siyah-mix-leopar-desenli-kulot-10000001699287/
MS-T61005186F-MAVI-34,34,https://www.marksandspencer.com.tr/kadin-mavi-5-li-cotton-lycra-r-full-brief-kulot-seti-10000001441036/
MS-T61005186F-MAVI-36,36,https://www.marksandspencer.com.tr/kadin-mavi-5-li-cotton-lycra-r-full-brief-kulot-seti-10000001441036/
MS-T61005186F-MAVI-38,38,https://www.marksandspencer.com.tr/kadin-mavi-5-li-cotton-lycra-r-full-brief-kulot-seti-10000001441036/
MS-T61005186F-MAVI-40,40,https://www.marksandspencer.com.tr/kadin-mavi-5-li-cotton-lycra-r-full-brief-kulot-seti-10000001441036/
MS-T61005186F-MAVI-42,42,https://www.marksandspencer.com.tr/kadin-mavi-5-li-cotton-lycra-r-full-brief-kulot-seti-10000001441036/
MS-T61005186F-MAVI-44,44,https://www.marksandspencer.com.tr/kadin-mavi-5-li-cotton-lycra-r-full-brief-kulot-seti-10000001441036/
MS-T61005186F-MAVI-46,46,https://www.marksandspencer.com.tr/kadin-mavi-5-li-cotton-lycra-r-full-brief-kulot-seti-10000001441036/
MS-T61005186F-MAVI-48,48,https://www.marksandspencer.com.tr/kadin-mavi-5-li-cotton-lycra-r-full-brief-kulot-seti-10000001441036/
MS-T61005186F-MAVI-50,50,https://www.marksandspencer.com.tr/kadin-mavi-5-li-cotton-lycra-r-full-brief-kulot-seti-10000001441036/
MS-T61005186F-MAVI-52,52,https://www.marksandspencer.com.tr/kadin-mavi-5-li-cotton-lycra-r-full-brief-kulot-seti-10000001441036/
MS-T61004054B-CREAM-34,34,https://www.marksandspencer.com.tr/kadin-3-lu-dikissiz-ve-iz-birakmayan-brazilian-kulot-seti-10000001441600/
MS-T61004054B-CREAM-36,36,https://www.marksandspencer.com.tr/kadin-3-lu-dikissiz-ve-iz-birakmayan-brazilian-kulot-seti-10000001441600/
MS-T61004054B-CREAM-38,38,https://www.marksandspencer.com.tr/kadin-3-lu-dikissiz-ve-iz-birakmayan-brazilian-kulot-seti-10000001441600/
MS-T61004054B-CREAM-40,40,https://www.marksandspencer.com.tr/kadin-3-lu-dikissiz-ve-iz-birakmayan-brazilian-kulot-seti-10000001441600/
MS-T61004054B-CREAM-42,42,https://www.marksandspencer.com.tr/kadin-3-lu-dikissiz-ve-iz-birakmayan-brazilian-kulot-seti-10000001441600/
MS-T61004054B-CREAM-44,44,https://www.marksandspencer.com.tr/kadin-3-lu-dikissiz-ve-iz-birakmayan-brazilian-kulot-seti-10000001441600/
MS-T61004054B-CREAM-46,46,https://www.marksandspencer.com.tr/kadin-3-lu-dikissiz-ve-iz-birakmayan-brazilian-kulot-seti-10000001441600/
MS-T61004054B-CREAM-48,48,https://www.marksandspencer.com.tr/kadin-3-lu-dikissiz-ve-iz-birakmayan-brazilian-kulot-seti-10000001441600/
MS-T61004054B-CREAM-50,50,https://www.marksandspencer.com.tr/kadin-3-lu-dikissiz-ve-iz-birakmayan-brazilian-kulot-seti-10000001441600/
MS-T61004054B-CREAM-52,52,https://www.marksandspencer.com.tr/kadin-3-lu-dikissiz-ve-iz-birakmayan-brazilian-kulot-seti-10000001441600/
MS-T61006100X-TURUNCU-34,34,https://www.marksandspencer.com.tr/kadin-turuncu-5-li-hipster-kulot-seti-10000001699251/
MS-T61006100X-TURUNCU-36,36,https://www.marksandspencer.com.tr/kadin-turuncu-5-li-hipster-kulot-seti-10000001699251/
MS-T61006100X-TURUNCU-38,38,https://www.marksandspencer.com.tr/kadin-turuncu-5-li-hipster-kulot-seti-10000001699251/
MS-T61006100X-TURUNCU-40,40,https://www.marksandspencer.com.tr/kadin-turuncu-5-li-hipster-kulot-seti-10000001699251/
MS-T61006100X-TURUNCU-42,42,https://www.marksandspencer.com.tr/kadin-turuncu-5-li-hipster-kulot-seti-10000001699251/
MS-T61006100X-TURUNCU-44,44,https://www.marksandspencer.com.tr/kadin-turuncu-5-li-hipster-kulot-seti-10000001699251/
MS-T61006100X-TURUNCU-46,46,https://www.marksandspencer.com.tr/kadin-turuncu-5-li-hipster-kulot-seti-10000001699251/
MS-T61006100X-TURUNCU-48,48,https://www.marksandspencer.com.tr/kadin-turuncu-5-li-hipster-kulot-seti-10000001699251/
MS-T61006100X-TURUNCU-50,50,https://www.marksandspencer.com.tr/kadin-turuncu-5-li-hipster-kulot-seti-10000001699251/
MS-T61006100X-TURUNCU-52,52,https://www.marksandspencer.com.tr/kadin-turuncu-5-li-hipster-kulot-seti-10000001699251/
MS-T61005102X-MAVI-YENI-34,34,https://www.marksandspencer.com.tr/kadin-mavi-5-li-cotton-lycra-short-kulot-seti-10000001441908/
MS-T61005102X-MAVI-YENI-36,36,https://www.marksandspencer.com.tr/kadin-mavi-5-li-cotton-lycra-short-kulot-seti-10000001441908/
MS-T61005102X-MAVI-YENI-38,38,https://www.marksandspencer.com.tr/kadin-mavi-5-li-cotton-lycra-short-kulot-seti-10000001441908/
MS-T61005102X-MAVI-YENI-40,40,https://www.marksandspencer.com.tr/kadin-mavi-5-li-cotton-lycra-short-kulot-seti-10000001441908/
MS-T61005102X-MAVI-YENI-42,42,https://www.marksandspencer.com.tr/kadin-mavi-5-li-cotton-lycra-short-kulot-seti-10000001441908/
MS-T61005102X-MAVI-YENI-44,44,https://www.marksandspencer.com.tr/kadin-mavi-5-li-cotton-lycra-short-kulot-seti-10000001441908/
MS-T61005102X-MAVI-YENI-46,46,https://www.marksandspencer.com.tr/kadin-mavi-5-li-cotton-lycra-short-kulot-seti-10000001441908/
MS-T61005102X-MAVI-YENI-48,48,https://www.marksandspencer.com.tr/kadin-mavi-5-li-cotton-lycra-short-kulot-seti-10000001441908/
MS-T61005102X-MAVI-YENI-50,50,https://www.marksandspencer.com.tr/kadin-mavi-5-li-cotton-lycra-short-kulot-seti-10000001441908/
MS-T61005102X-MAVI-YENI-52,52,https://www.marksandspencer.com.tr/kadin-mavi-5-li-cotton-lycra-short-kulot-seti-10000001441908/
MS-T61006101X-TURUNCU-34,34,https://www.marksandspencer.com.tr/kadin-turuncu-5-li-kulot-seti-10000001699261/
MS-T61006101X-TURUNCU-36,36,https://www.marksandspencer.com.tr/kadin-turuncu-5-li-kulot-seti-10000001699261/
MS-T61006101X-TURUNCU-38,38,https://www.marksandspencer.com.tr/kadin-turuncu-5-li-kulot-seti-10000001699261/
MS-T61006101X-TURUNCU-40,40,https://www.marksandspencer.com.tr/kadin-turuncu-5-li-kulot-seti-10000001699261/
MS-T61006101X-TURUNCU-42,42,https://www.marksandspencer.com.tr/kadin-turuncu-5-li-kulot-seti-10000001699261/
MS-T61006101X-TURUNCU-44,44,https://www.marksandspencer.com.tr/kadin-turuncu-5-li-kulot-seti-10000001699261/
MS-T61006101X-TURUNCU-46,46,https://www.marksandspencer.com.tr/kadin-turuncu-5-li-kulot-seti-10000001699261/
MS-T61006101X-TURUNCU-48,48,https://www.marksandspencer.com.tr/kadin-turuncu-5-li-kulot-seti-10000001699261/
MS-T61006101X-TURUNCU-50,50,https://www.marksandspencer.com.tr/kadin-turuncu-5-li-kulot-seti-10000001699261/
MS-T61006101X-TURUNCU-52,52,https://www.marksandspencer.com.tr/kadin-turuncu-5-li-kulot-seti-10000001699261/
MS-T61005184S-PEMBE-34,34,https://www.marksandspencer.com.tr/kadin-kirmizi-5-li-dantel-detayli-short-kulot-seti-10000001439392/
MS-T61005184S-PEMBE-36,36,https://www.marksandspencer.com.tr/kadin-kirmizi-5-li-dantel-detayli-short-kulot-seti-10000001439392/
MS-T61005184S-PEMBE-38,38,https://www.marksandspencer.com.tr/kadin-kirmizi-5-li-dantel-detayli-short-kulot-seti-10000001439392/
MS-T61005184S-PEMBE-40,40,https://www.marksandspencer.com.tr/kadin-kirmizi-5-li-dantel-detayli-short-kulot-seti-10000001439392/
MS-T61005184S-PEMBE-42,42,https://www.marksandspencer.com.tr/kadin-kirmizi-5-li-dantel-detayli-short-kulot-seti-10000001439392/
MS-T61005184S-PEMBE-44,44,https://www.marksandspencer.com.tr/kadin-kirmizi-5-li-dantel-detayli-short-kulot-seti-10000001439392/
MS-T61005184S-PEMBE-46,46,https://www.marksandspencer.com.tr/kadin-kirmizi-5-li-dantel-detayli-short-kulot-seti-10000001439392/
MS-T61005184S-PEMBE-48,48,https://www.marksandspencer.com.tr/kadin-kirmizi-5-li-dantel-detayli-short-kulot-seti-10000001439392/
MS-T61005184S-PEMBE-50,50,https://www.marksandspencer.com.tr/kadin-kirmizi-5-li-dantel-detayli-short-kulot-seti-10000001439392/
MS-T61005184S-PEMBE-52,52,https://www.marksandspencer.com.tr/kadin-kirmizi-5-li-dantel-detayli-short-kulot-seti-10000001439392/
MS-T61005100X-ACIK-MAVI-34,34,https://www.marksandspencer.com.tr/kadin-mavi-5-li-cotton-lycra-brazilian-kulot-seti-10000001441890/
MS-T61005100X-ACIK-MAVI-36,36,https://www.marksandspencer.com.tr/kadin-mavi-5-li-cotton-lycra-brazilian-kulot-seti-10000001441890/
MS-T61005100X-ACIK-MAVI-38,38,https://www.marksandspencer.com.tr/kadin-mavi-5-li-cotton-lycra-brazilian-kulot-seti-10000001441890/
MS-T61005100X-ACIK-MAVI-40,40,https://www.marksandspencer.com.tr/kadin-mavi-5-li-cotton-lycra-brazilian-kulot-seti-10000001441890/
MS-T61005100X-ACIK-MAVI-42,42,https://www.marksandspencer.com.tr/kadin-mavi-5-li-cotton-lycra-brazilian-kulot-seti-10000001441890/
MS-T61005100X-ACIK-MAVI-44,44,https://www.marksandspencer.com.tr/kadin-mavi-5-li-cotton-lycra-brazilian-kulot-seti-10000001441890/
MS-T61005100X-ACIK-MAVI-46,46,https://www.marksandspencer.com.tr/kadin-mavi-5-li-cotton-lycra-brazilian-kulot-seti-10000001441890/
MS-T61005100X-ACIK-MAVI-48,48,https://www.marksandspencer.com.tr/kadin-mavi-5-li-cotton-lycra-brazilian-kulot-seti-10000001441890/
MS-T61005100X-ACIK-MAVI-50,50,https://www.marksandspencer.com.tr/kadin-mavi-5-li-cotton-lycra-brazilian-kulot-seti-10000001441890/
MS-T61005100X-ACIK-MAVI-52,52,https://www.marksandspencer.com.tr/kadin-mavi-5-li-cotton-lycra-brazilian-kulot-seti-10000001441890/
MS-T61005390E-ACIK-BEJ-34,34,https://www.marksandspencer.com.tr/kadin-3-lu-flexifit-tm-yuksek-bel-sort-kulot-10000001699219/
MS-T61005390E-ACIK-BEJ-36,36,https://www.marksandspencer.com.tr/kadin-3-lu-flexifit-tm-yuksek-bel-sort-kulot-10000001699219/
MS-T61005390E-ACIK-BEJ-38,38,https://www.marksandspencer.com.tr/kadin-3-lu-flexifit-tm-yuksek-bel-sort-kulot-10000001699219/
MS-T61005390E-ACIK-BEJ-40,40,https://www.marksandspencer.com.tr/kadin-3-lu-flexifit-tm-yuksek-bel-sort-kulot-10000001699219/
MS-T61005390E-ACIK-BEJ-42,42,https://www.marksandspencer.com.tr/kadin-3-lu-flexifit-tm-yuksek-bel-sort-kulot-10000001699219/
MS-T61005390E-ACIK-BEJ-44,44,https://www.marksandspencer.com.tr/kadin-3-lu-flexifit-tm-yuksek-bel-sort-kulot-10000001699219/
MS-T61005390E-ACIK-BEJ-46,46,https://www.marksandspencer.com.tr/kadin-3-lu-flexifit-tm-yuksek-bel-sort-kulot-10000001699219/
MS-T61005390E-ACIK-BEJ-48,48,https://www.marksandspencer.com.tr/kadin-3-lu-flexifit-tm-yuksek-bel-sort-kulot-10000001699219/
MS-T61005390E-ACIK-BEJ-50,50,https://www.marksandspencer.com.tr/kadin-3-lu-flexifit-tm-yuksek-bel-sort-kulot-10000001699219/
MS-T61005390E-ACIK-BEJ-52,52,https://www.marksandspencer.com.tr/kadin-3-lu-flexifit-tm-yuksek-bel-sort-kulot-10000001699219/
MS-T32006824-BEJ-34,34,https://www.marksandspencer.com.tr/kadin-body-invisibles-2li-sekillendirici-sort-10000001379102/?integration_color=OPAL
MS-T32006824-BEJ-36,36,https://www.marksandspencer.com.tr/kadin-body-invisibles-2li-sekillendirici-sort-10000001379102/?integration_color=OPAL
MS-T32006824-BEJ-38,38,https://www.marksandspencer.com.tr/kadin-body-invisibles-2li-sekillendirici-sort-10000001379102/?integration_color=OPAL
MS-T32006824-BEJ-40,40,https://www.marksandspencer.com.tr/kadin-body-invisibles-2li-sekillendirici-sort-10000001379102/?integration_color=OPAL
MS-T32006824-BEJ-42,42,https://www.marksandspencer.com.tr/kadin-body-invisibles-2li-sekillendirici-sort-10000001379102/?integration_color=OPAL
MS-T32006824-BEJ-44,44,https://www.marksandspencer.com.tr/kadin-body-invisibles-2li-sekillendirici-sort-10000001379102/?integration_color=OPAL
MS-T32006824-BEJ-46,46,https://www.marksandspencer.com.tr/kadin-body-invisibles-2li-sekillendirici-sort-10000001379102/?integration_color=OPAL
MS-T32006824-BEJ-48,48,https://www.marksandspencer.com.tr/kadin-body-invisibles-2li-sekillendirici-sort-10000001379102/?integration_color=OPAL
MS-T32006824-BEJ-50,50,https://www.marksandspencer.com.tr/kadin-body-invisibles-2li-sekillendirici-sort-10000001379102/?integration_color=OPAL
MS-T32006824-BEJ-52,52,https://www.marksandspencer.com.tr/kadin-body-invisibles-2li-sekillendirici-sort-10000001379102/?integration_color=OPAL
MS-T32006824-SIYAH-34,34,https://www.marksandspencer.com.tr/kadin-body-invisibles-2li-sekillendirici-sort-10000001379102/?integration_color=BLACK
MS-T32006824-SIYAH-36,36,https://www.marksandspencer.com.tr/kadin-body-invisibles-2li-sekillendirici-sort-10000001379102/?integration_color=BLACK
MS-T32006824-SIYAH-38,38,https://www.marksandspencer.com.tr/kadin-body-invisibles-2li-sekillendirici-sort-10000001379102/?integration_color=BLACK
MS-T32006824-SIYAH-40,40,https://www.marksandspencer.com.tr/kadin-body-invisibles-2li-sekillendirici-sort-10000001379102/?integration_color=BLACK
MS-T32006824-SIYAH-42,42,https://www.marksandspencer.com.tr/kadin-body-invisibles-2li-sekillendirici-sort-10000001379102/?integration_color=BLACK
MS-T32006824-SIYAH-44,44,https://www.marksandspencer.com.tr/kadin-body-invisibles-2li-sekillendirici-sort-10000001379102/?integration_color=BLACK
MS-T32006824-SIYAH-46,46,https://www.marksandspencer.com.tr/kadin-body-invisibles-2li-sekillendirici-sort-10000001379102/?integration_color=BLACK
MS-T32006824-SIYAH-48,48,https://www.marksandspencer.com.tr/kadin-body-invisibles-2li-sekillendirici-sort-10000001379102/?integration_color=BLACK
MS-T32006824-SIYAH-50,50,https://www.marksandspencer.com.tr/kadin-body-invisibles-2li-sekillendirici-sort-10000001379102/?integration_color=BLACK
MS-T32006824-SIYAH-52,52,https://www.marksandspencer.com.tr/kadin-body-invisibles-2li-sekillendirici-sort-10000001379102/?integration_color=BLACK
MS-T61004000I-BEJ-34,34,https://www.marksandspencer.com.tr/kadin-bej-3-lu-pamuklu-kulot-10000001441756/?integration_color=OATMEAL+MIX
MS-T61004000I-BEJ-36,36,https://www.marksandspencer.com.tr/kadin-bej-3-lu-pamuklu-kulot-10000001441756/?integration_color=OATMEAL+MIX
MS-T61004000I-BEJ-38,38,https://www.marksandspencer.com.tr/kadin-bej-3-lu-pamuklu-kulot-10000001441756/?integration_color=OATMEAL+MIX
MS-T61004000I-BEJ-40,40,https://www.marksandspencer.com.tr/kadin-bej-3-lu-pamuklu-kulot-10000001441756/?integration_color=OATMEAL+MIX
MS-T61004000I-BEJ-42,42,https://www.marksandspencer.com.tr/kadin-bej-3-lu-pamuklu-kulot-10000001441756/?integration_color=OATMEAL+MIX
MS-T61004000I-BEJ-44,44,https://www.marksandspencer.com.tr/kadin-bej-3-lu-pamuklu-kulot-10000001441756/?integration_color=OATMEAL+MIX
MS-T61004000I-BEJ-46,46,https://www.marksandspencer.com.tr/kadin-bej-3-lu-pamuklu-kulot-10000001441756/?integration_color=OATMEAL+MIX
MS-T61004000I-BEJ-48,48,https://www.marksandspencer.com.tr/kadin-bej-3-lu-pamuklu-kulot-10000001441756/?integration_color=OATMEAL+MIX
MS-T61004000I-BEJ-50,50,https://www.marksandspencer.com.tr/kadin-bej-3-lu-pamuklu-kulot-10000001441756/?integration_color=OATMEAL+MIX
MS-T61004000I-BEJ-52,52,https://www.marksandspencer.com.tr/kadin-bej-3-lu-pamuklu-kulot-10000001441756/?integration_color=OATMEAL+MIX
MS-T61005184L-PEMBE-34,34,https://www.marksandspencer.com.tr/kadin-pembe-mix-5-li-cotton-lycra-r-high-leg-kulot-seti-10000001441883/
MS-T61005184L-PEMBE-36,36,https://www.marksandspencer.com.tr/kadin-pembe-mix-5-li-cotton-lycra-r-high-leg-kulot-seti-10000001441883/
MS-T61005184L-PEMBE-38,38,https://www.marksandspencer.com.tr/kadin-pembe-mix-5-li-cotton-lycra-r-high-leg-kulot-seti-10000001441883/
MS-T61005184L-PEMBE-40,40,https://www.marksandspencer.com.tr/kadin-pembe-mix-5-li-cotton-lycra-r-high-leg-kulot-seti-10000001441883/
MS-T61005184L-PEMBE-42,42,https://www.marksandspencer.com.tr/kadin-pembe-mix-5-li-cotton-lycra-r-high-leg-kulot-seti-10000001441883/
MS-T61005184L-PEMBE-44,44,https://www.marksandspencer.com.tr/kadin-pembe-mix-5-li-cotton-lycra-r-high-leg-kulot-seti-10000001441883/
MS-T61005184L-PEMBE-46,46,https://www.marksandspencer.com.tr/kadin-pembe-mix-5-li-cotton-lycra-r-high-leg-kulot-seti-10000001441883/
MS-T61005184L-PEMBE-48,48,https://www.marksandspencer.com.tr/kadin-pembe-mix-5-li-cotton-lycra-r-high-leg-kulot-seti-10000001441883/
MS-T61005184L-PEMBE-50,50,https://www.marksandspencer.com.tr/kadin-pembe-mix-5-li-cotton-lycra-r-high-leg-kulot-seti-10000001441883/
MS-T61005184L-PEMBE-52,52,https://www.marksandspencer.com.tr/kadin-pembe-mix-5-li-cotton-lycra-r-high-leg-kulot-seti-10000001441883/
MS-T61004282E-BEJ-34,34,https://www.marksandspencer.com.tr/kadin-bej-3lu-pamuk-karisimli-yuksek-bel-kulot-10000001441750/
MS-T61004282E-BEJ-36,36,https://www.marksandspencer.com.tr/kadin-bej-3lu-pamuk-karisimli-yuksek-bel-kulot-10000001441750/
MS-T61004282E-BEJ-38,38,https://www.marksandspencer.com.tr/kadin-bej-3lu-pamuk-karisimli-yuksek-bel-kulot-10000001441750/
MS-T61004282E-BEJ-40,40,https://www.marksandspencer.com.tr/kadin-bej-3lu-pamuk-karisimli-yuksek-bel-kulot-10000001441750/
MS-T61004282E-BEJ-42,42,https://www.marksandspencer.com.tr/kadin-bej-3lu-pamuk-karisimli-yuksek-bel-kulot-10000001441750/
MS-T61004282E-BEJ-44,44,https://www.marksandspencer.com.tr/kadin-bej-3lu-pamuk-karisimli-yuksek-bel-kulot-10000001441750/
MS-T61004282E-BEJ-46,46,https://www.marksandspencer.com.tr/kadin-bej-3lu-pamuk-karisimli-yuksek-bel-kulot-10000001441750/
MS-T61004282E-BEJ-48,48,https://www.marksandspencer.com.tr/kadin-bej-3lu-pamuk-karisimli-yuksek-bel-kulot-10000001441750/
MS-T61004282E-BEJ-50,50,https://www.marksandspencer.com.tr/kadin-bej-3lu-pamuk-karisimli-yuksek-bel-kulot-10000001441750/
MS-T61004282E-BEJ-52,52,https://www.marksandspencer.com.tr/kadin-bej-3lu-pamuk-karisimli-yuksek-bel-kulot-10000001441750/
MS-T61005184E-PEMBE-34,34,https://www.marksandspencer.com.tr/kadin-pembe-mix-5-li-dantel-detayli-short-kulot-seti-10000001441837/
MS-T61005184E-PEMBE-36,36,https://www.marksandspencer.com.tr/kadin-pembe-mix-5-li-dantel-detayli-short-kulot-seti-10000001441837/
MS-T61005184E-PEMBE-38,38,https://www.marksandspencer.com.tr/kadin-pembe-mix-5-li-dantel-detayli-short-kulot-seti-10000001441837/
MS-T61005184E-PEMBE-40,40,https://www.marksandspencer.com.tr/kadin-pembe-mix-5-li-dantel-detayli-short-kulot-seti-10000001441837/
MS-T61005184E-PEMBE-42,42,https://www.marksandspencer.com.tr/kadin-pembe-mix-5-li-dantel-detayli-short-kulot-seti-10000001441837/
MS-T61005184E-PEMBE-44,44,https://www.marksandspencer.com.tr/kadin-pembe-mix-5-li-dantel-detayli-short-kulot-seti-10000001441837/
MS-T61005184E-PEMBE-46,46,https://www.marksandspencer.com.tr/kadin-pembe-mix-5-li-dantel-detayli-short-kulot-seti-10000001441837/
MS-T61005184E-PEMBE-48,48,https://www.marksandspencer.com.tr/kadin-pembe-mix-5-li-dantel-detayli-short-kulot-seti-10000001441837/
MS-T61005184E-PEMBE-50,50,https://www.marksandspencer.com.tr/kadin-pembe-mix-5-li-dantel-detayli-short-kulot-seti-10000001441837/
MS-T61005184E-PEMBE-52,52,https://www.marksandspencer.com.tr/kadin-pembe-mix-5-li-dantel-detayli-short-kulot-seti-10000001441837/
MS-T32006823-SIYAH-34,34,https://www.marksandspencer.com.tr/kadin-siyah-body-invisibles-2li-sekillendirici-kulot-5637692560/
MS-T32006823-SIYAH-36,36,https://www.marksandspencer.com.tr/kadin-siyah-body-invisibles-2li-sekillendirici-kulot-5637692560/
MS-T32006823-SIYAH-38,38,https://www.marksandspencer.com.tr/kadin-siyah-body-invisibles-2li-sekillendirici-kulot-5637692560/
MS-T32006823-SIYAH-40,40,https://www.marksandspencer.com.tr/kadin-siyah-body-invisibles-2li-sekillendirici-kulot-5637692560/
MS-T32006823-SIYAH-42,42,https://www.marksandspencer.com.tr/kadin-siyah-body-invisibles-2li-sekillendirici-kulot-5637692560/
MS-T32006823-SIYAH-44,44,https://www.marksandspencer.com.tr/kadin-siyah-body-invisibles-2li-sekillendirici-kulot-5637692560/
MS-T32006823-SIYAH-46,46,https://www.marksandspencer.com.tr/kadin-siyah-body-invisibles-2li-sekillendirici-kulot-5637692560/
MS-T32006823-SIYAH-48,48,https://www.marksandspencer.com.tr/kadin-siyah-body-invisibles-2li-sekillendirici-kulot-5637692560/
MS-T32006823-SIYAH-50,50,https://www.marksandspencer.com.tr/kadin-siyah-body-invisibles-2li-sekillendirici-kulot-5637692560/
MS-T32006823-SIYAH-52,52,https://www.marksandspencer.com.tr/kadin-siyah-body-invisibles-2li-sekillendirici-kulot-5637692560/
MS-T61008802L-SIYAH-MIX-34,34,https://www.marksandspencer.com.tr/kadin-siyah-mix-5li-saf-pamuklu-kulot-10000001441178/
MS-T61008802L-SIYAH-MIX-36,36,https://www.marksandspencer.com.tr/kadin-siyah-mix-5li-saf-pamuklu-kulot-10000001441178/
MS-T61008802L-SIYAH-MIX-38,38,https://www.marksandspencer.com.tr/kadin-siyah-mix-5li-saf-pamuklu-kulot-10000001441178/
MS-T61008802L-SIYAH-MIX-40,40,https://www.marksandspencer.com.tr/kadin-siyah-mix-5li-saf-pamuklu-kulot-10000001441178/
MS-T61008802L-SIYAH-MIX-42,42,https://www.marksandspencer.com.tr/kadin-siyah-mix-5li-saf-pamuklu-kulot-10000001441178/
MS-T61008802L-SIYAH-MIX-44,44,https://www.marksandspencer.com.tr/kadin-siyah-mix-5li-saf-pamuklu-kulot-10000001441178/
MS-T61008802L-SIYAH-MIX-46,46,https://www.marksandspencer.com.tr/kadin-siyah-mix-5li-saf-pamuklu-kulot-10000001441178/
MS-T61008802L-SIYAH-MIX-48,48,https://www.marksandspencer.com.tr/kadin-siyah-mix-5li-saf-pamuklu-kulot-10000001441178/
MS-T61008802L-SIYAH-MIX-50,50,https://www.marksandspencer.com.tr/kadin-siyah-mix-5li-saf-pamuklu-kulot-10000001441178/
MS-T61008802L-SIYAH-MIX-52,52,https://www.marksandspencer.com.tr/kadin-siyah-mix-5li-saf-pamuklu-kulot-10000001441178/
MS-T61008800N-SIYAH-MIX-34,34,https://www.marksandspencer.com.tr/kadin-siyah-mix-5-li-saf-pamuklu-bikini-kulot-seti-10000001441047/
MS-T61008800N-SIYAH-MIX-36,36,https://www.marksandspencer.com.tr/kadin-siyah-mix-5-li-saf-pamuklu-bikini-kulot-seti-10000001441047/
MS-T61008800N-SIYAH-MIX-38,38,https://www.marksandspencer.com.tr/kadin-siyah-mix-5-li-saf-pamuklu-bikini-kulot-seti-10000001441047/
MS-T61008800N-SIYAH-MIX-40,40,https://www.marksandspencer.com.tr/kadin-siyah-mix-5-li-saf-pamuklu-bikini-kulot-seti-10000001441047/
MS-T61008800N-SIYAH-MIX-42,42,https://www.marksandspencer.com.tr/kadin-siyah-mix-5-li-saf-pamuklu-bikini-kulot-seti-10000001441047/
MS-T61008800N-SIYAH-MIX-44,44,https://www.marksandspencer.com.tr/kadin-siyah-mix-5-li-saf-pamuklu-bikini-kulot-seti-10000001441047/
MS-T61008800N-SIYAH-MIX-46,46,https://www.marksandspencer.com.tr/kadin-siyah-mix-5-li-saf-pamuklu-bikini-kulot-seti-10000001441047/
MS-T61008800N-SIYAH-MIX-48,48,https://www.marksandspencer.com.tr/kadin-siyah-mix-5-li-saf-pamuklu-bikini-kulot-seti-10000001441047/
MS-T61008800N-SIYAH-MIX-50,50,https://www.marksandspencer.com.tr/kadin-siyah-mix-5-li-saf-pamuklu-bikini-kulot-seti-10000001441047/
MS-T61008800N-SIYAH-MIX-52,52,https://www.marksandspencer.com.tr/kadin-siyah-mix-5-li-saf-pamuklu-bikini-kulot-seti-10000001441047/
MS-T61005184B-PEMBE-34,34,https://www.marksandspencer.com.tr/kadin-pembe-mix-5-li-dantel-detayli-brazilian-kulot-seti-10000001441866/
MS-T61005184B-PEMBE-36,36,https://www.marksandspencer.com.tr/kadin-pembe-mix-5-li-dantel-detayli-brazilian-kulot-seti-10000001441866/
MS-T61005184B-PEMBE-38,38,https://www.marksandspencer.com.tr/kadin-pembe-mix-5-li-dantel-detayli-brazilian-kulot-seti-10000001441866/
MS-T61005184B-PEMBE-40,40,https://www.marksandspencer.com.tr/kadin-pembe-mix-5-li-dantel-detayli-brazilian-kulot-seti-10000001441866/
MS-T61005184B-PEMBE-42,42,https://www.marksandspencer.com.tr/kadin-pembe-mix-5-li-dantel-detayli-brazilian-kulot-seti-10000001441866/
MS-T61005184B-PEMBE-44,44,https://www.marksandspencer.com.tr/kadin-pembe-mix-5-li-dantel-detayli-brazilian-kulot-seti-10000001441866/
MS-T61005184B-PEMBE-46,46,https://www.marksandspencer.com.tr/kadin-pembe-mix-5-li-dantel-detayli-brazilian-kulot-seti-10000001441866/
MS-T61005184B-PEMBE-48,48,https://www.marksandspencer.com.tr/kadin-pembe-mix-5-li-dantel-detayli-brazilian-kulot-seti-10000001441866/
MS-T61005184B-PEMBE-50,50,https://www.marksandspencer.com.tr/kadin-pembe-mix-5-li-dantel-detayli-brazilian-kulot-seti-10000001441866/
MS-T61005184B-PEMBE-52,52,https://www.marksandspencer.com.tr/kadin-pembe-mix-5-li-dantel-detayli-brazilian-kulot-seti-10000001441866/
MS-T61005186L-MAVI-34,34,https://www.marksandspencer.com.tr/kadin-mavi-5-li-pamuk-lycra-r-yuksek-bel-kulot-seti-10000001441200/
MS-T61005186L-MAVI-36,36,https://www.marksandspencer.com.tr/kadin-mavi-5-li-pamuk-lycra-r-yuksek-bel-kulot-seti-10000001441200/
MS-T61005186L-MAVI-38,38,https://www.marksandspencer.com.tr/kadin-mavi-5-li-pamuk-lycra-r-yuksek-bel-kulot-seti-10000001441200/
MS-T61005186L-MAVI-40,40,https://www.marksandspencer.com.tr/kadin-mavi-5-li-pamuk-lycra-r-yuksek-bel-kulot-seti-10000001441200/
MS-T61005186L-MAVI-42,42,https://www.marksandspencer.com.tr/kadin-mavi-5-li-pamuk-lycra-r-yuksek-bel-kulot-seti-10000001441200/
MS-T61005186L-MAVI-44,44,https://www.marksandspencer.com.tr/kadin-mavi-5-li-pamuk-lycra-r-yuksek-bel-kulot-seti-10000001441200/
MS-T61005186L-MAVI-46,46,https://www.marksandspencer.com.tr/kadin-mavi-5-li-pamuk-lycra-r-yuksek-bel-kulot-seti-10000001441200/
MS-T61005186L-MAVI-48,48,https://www.marksandspencer.com.tr/kadin-mavi-5-li-pamuk-lycra-r-yuksek-bel-kulot-seti-10000001441200/
MS-T61005186L-MAVI-50,50,https://www.marksandspencer.com.tr/kadin-mavi-5-li-pamuk-lycra-r-yuksek-bel-kulot-seti-10000001441200/
MS-T61005186L-MAVI-52,52,https://www.marksandspencer.com.tr/kadin-mavi-5-li-pamuk-lycra-r-yuksek-bel-kulot-seti-10000001441200/
MS-T32006823-KAHVE-34,34,https://www.marksandspencer.com.tr/kadin-kahverengi-body-invisibles-2li-sekillendirici-kulot-10000001379045/
MS-T32006823-KAHVE-36,36,https://www.marksandspencer.com.tr/kadin-kahverengi-body-invisibles-2li-sekillendirici-kulot-10000001379045/
MS-T32006823-KAHVE-38,38,https://www.marksandspencer.com.tr/kadin-kahverengi-body-invisibles-2li-sekillendirici-kulot-10000001379045/
MS-T32006823-KAHVE-40,40,https://www.marksandspencer.com.tr/kadin-kahverengi-body-invisibles-2li-sekillendirici-kulot-10000001379045/
MS-T32006823-KAHVE-42,42,https://www.marksandspencer.com.tr/kadin-kahverengi-body-invisibles-2li-sekillendirici-kulot-10000001379045/
MS-T32006823-KAHVE-44,44,https://www.marksandspencer.com.tr/kadin-kahverengi-body-invisibles-2li-sekillendirici-kulot-10000001379045/
MS-T32006823-KAHVE-46,46,https://www.marksandspencer.com.tr/kadin-kahverengi-body-invisibles-2li-sekillendirici-kulot-10000001379045/
MS-T32006823-KAHVE-48,48,https://www.marksandspencer.com.tr/kadin-kahverengi-body-invisibles-2li-sekillendirici-kulot-10000001379045/
MS-T32006823-KAHVE-50,50,https://www.marksandspencer.com.tr/kadin-kahverengi-body-invisibles-2li-sekillendirici-kulot-10000001379045/
MS-T32006823-KAHVE-52,52,https://www.marksandspencer.com.tr/kadin-kahverengi-body-invisibles-2li-sekillendirici-kulot-10000001379045/
MS-T61004858-BEJ-34,34,https://www.marksandspencer.com.tr/kadin-bej-3-lu-dantel-detayli-high-leg-kulot-seti-10000001441813/
MS-T61004858-BEJ-36,36,https://www.marksandspencer.com.tr/kadin-bej-3-lu-dantel-detayli-high-leg-kulot-seti-10000001441813/
MS-T61004858-BEJ-38,38,https://www.marksandspencer.com.tr/kadin-bej-3-lu-dantel-detayli-high-leg-kulot-seti-10000001441813/
MS-T61004858-BEJ-40,40,https://www.marksandspencer.com.tr/kadin-bej-3-lu-dantel-detayli-high-leg-kulot-seti-10000001441813/
MS-T61004858-BEJ-42,42,https://www.marksandspencer.com.tr/kadin-bej-3-lu-dantel-detayli-high-leg-kulot-seti-10000001441813/
MS-T61004858-BEJ-44,44,https://www.marksandspencer.com.tr/kadin-bej-3-lu-dantel-detayli-high-leg-kulot-seti-10000001441813/
MS-T61004858-BEJ-46,46,https://www.marksandspencer.com.tr/kadin-bej-3-lu-dantel-detayli-high-leg-kulot-seti-10000001441813/
MS-T61004858-BEJ-48,48,https://www.marksandspencer.com.tr/kadin-bej-3-lu-dantel-detayli-high-leg-kulot-seti-10000001441813/
MS-T61004858-BEJ-50,50,https://www.marksandspencer.com.tr/kadin-bej-3-lu-dantel-detayli-high-leg-kulot-seti-10000001441813/
MS-T61004858-BEJ-52,52,https://www.marksandspencer.com.tr/kadin-bej-3-lu-dantel-detayli-high-leg-kulot-seti-10000001441813/
MS-T61004054B-KAHVE-34,34,https://www.marksandspencer.com.tr/kadin-3-lu-dikissiz-ve-iz-birakmayan-brazilian-kulot-seti-10000001441717/
MS-T61004054B-KAHVE-36,36,https://www.marksandspencer.com.tr/kadin-3-lu-dikissiz-ve-iz-birakmayan-brazilian-kulot-seti-10000001441717/
MS-T61004054B-KAHVE-38,38,https://www.marksandspencer.com.tr/kadin-3-lu-dikissiz-ve-iz-birakmayan-brazilian-kulot-seti-10000001441717/
MS-T61004054B-KAHVE-40,40,https://www.marksandspencer.com.tr/kadin-3-lu-dikissiz-ve-iz-birakmayan-brazilian-kulot-seti-10000001441717/
MS-T61004054B-KAHVE-42,42,https://www.marksandspencer.com.tr/kadin-3-lu-dikissiz-ve-iz-birakmayan-brazilian-kulot-seti-10000001441717/
MS-T61004054B-KAHVE-44,44,https://www.marksandspencer.com.tr/kadin-3-lu-dikissiz-ve-iz-birakmayan-brazilian-kulot-seti-10000001441717/
MS-T61004054B-KAHVE-46,46,https://www.marksandspencer.com.tr/kadin-3-lu-dikissiz-ve-iz-birakmayan-brazilian-kulot-seti-10000001441717/
MS-T61004054B-KAHVE-48,48,https://www.marksandspencer.com.tr/kadin-3-lu-dikissiz-ve-iz-birakmayan-brazilian-kulot-seti-10000001441717/
MS-T61004054B-KAHVE-50,50,https://www.marksandspencer.com.tr/kadin-3-lu-dikissiz-ve-iz-birakmayan-brazilian-kulot-seti-10000001441717/
MS-T61004054B-KAHVE-52,52,https://www.marksandspencer.com.tr/kadin-3-lu-dikissiz-ve-iz-birakmayan-brazilian-kulot-seti-10000001441717/
MS-T61004958J-KAHVE-34,34,https://www.marksandspencer.com.tr/kadin-kahverengi-3-lu-dantel-detayli-miami-kulot-10000001439597/
MS-T61004958J-KAHVE-36,36,https://www.marksandspencer.com.tr/kadin-kahverengi-3-lu-dantel-detayli-miami-kulot-10000001439597/
MS-T61004958J-KAHVE-38,38,https://www.marksandspencer.com.tr/kadin-kahverengi-3-lu-dantel-detayli-miami-kulot-10000001439597/
MS-T61004958J-KAHVE-40,40,https://www.marksandspencer.com.tr/kadin-kahverengi-3-lu-dantel-detayli-miami-kulot-10000001439597/
MS-T61004958J-KAHVE-42,42,https://www.marksandspencer.com.tr/kadin-kahverengi-3-lu-dantel-detayli-miami-kulot-10000001439597/
MS-T61004958J-KAHVE-44,44,https://www.marksandspencer.com.tr/kadin-kahverengi-3-lu-dantel-detayli-miami-kulot-10000001439597/
MS-T61004958J-KAHVE-46,46,https://www.marksandspencer.com.tr/kadin-kahverengi-3-lu-dantel-detayli-miami-kulot-10000001439597/
MS-T61004958J-KAHVE-48,48,https://www.marksandspencer.com.tr/kadin-kahverengi-3-lu-dantel-detayli-miami-kulot-10000001439597/
MS-T61004958J-KAHVE-50,50,https://www.marksandspencer.com.tr/kadin-kahverengi-3-lu-dantel-detayli-miami-kulot-10000001439597/
MS-T61004958J-KAHVE-52,52,https://www.marksandspencer.com.tr/kadin-kahverengi-3-lu-dantel-detayli-miami-kulot-10000001439597/
MS-T61004040I-SIYAH-34,34,https://www.marksandspencer.com.tr/kadin-siyah-3-lu-body-invisibles-kulot-seti-10000001439240/
MS-T61004040I-SIYAH-36,36,https://www.marksandspencer.com.tr/kadin-siyah-3-lu-body-invisibles-kulot-seti-10000001439240/
MS-T61004040I-SIYAH-38,38,https://www.marksandspencer.com.tr/kadin-siyah-3-lu-body-invisibles-kulot-seti-10000001439240/
MS-T61004040I-SIYAH-40,40,https://www.marksandspencer.com.tr/kadin-siyah-3-lu-body-invisibles-kulot-seti-10000001439240/
MS-T61004040I-SIYAH-42,42,https://www.marksandspencer.com.tr/kadin-siyah-3-lu-body-invisibles-kulot-seti-10000001439240/
MS-T61004040I-SIYAH-44,44,https://www.marksandspencer.com.tr/kadin-siyah-3-lu-body-invisibles-kulot-seti-10000001439240/
MS-T61004040I-SIYAH-46,46,https://www.marksandspencer.com.tr/kadin-siyah-3-lu-body-invisibles-kulot-seti-10000001439240/
MS-T61004040I-SIYAH-48,48,https://www.marksandspencer.com.tr/kadin-siyah-3-lu-body-invisibles-kulot-seti-10000001439240/
MS-T61004040I-SIYAH-50,50,https://www.marksandspencer.com.tr/kadin-siyah-3-lu-body-invisibles-kulot-seti-10000001439240/
MS-T61004040I-SIYAH-52,52,https://www.marksandspencer.com.tr/kadin-siyah-3-lu-body-invisibles-kulot-seti-10000001439240/
MS-T61005184E-KIRMIZI-34,34,https://www.marksandspencer.com.tr/kadin-kirmizi-5-li-dantel-detayli-short-kulot-seti-10000001439643/
MS-T61005184E-KIRMIZI-36,36,https://www.marksandspencer.com.tr/kadin-kirmizi-5-li-dantel-detayli-short-kulot-seti-10000001439643/
MS-T61005184E-KIRMIZI-38,38,https://www.marksandspencer.com.tr/kadin-kirmizi-5-li-dantel-detayli-short-kulot-seti-10000001439643/
MS-T61005184E-KIRMIZI-40,40,https://www.marksandspencer.com.tr/kadin-kirmizi-5-li-dantel-detayli-short-kulot-seti-10000001439643/
MS-T61005184E-KIRMIZI-42,42,https://www.marksandspencer.com.tr/kadin-kirmizi-5-li-dantel-detayli-short-kulot-seti-10000001439643/
MS-T61005184E-KIRMIZI-44,44,https://www.marksandspencer.com.tr/kadin-kirmizi-5-li-dantel-detayli-short-kulot-seti-10000001439643/
MS-T61005184E-KIRMIZI-46,46,https://www.marksandspencer.com.tr/kadin-kirmizi-5-li-dantel-detayli-short-kulot-seti-10000001439643/
MS-T61005184E-KIRMIZI-48,48,https://www.marksandspencer.com.tr/kadin-kirmizi-5-li-dantel-detayli-short-kulot-seti-10000001439643/
MS-T61005184E-KIRMIZI-50,50,https://www.marksandspencer.com.tr/kadin-kirmizi-5-li-dantel-detayli-short-kulot-seti-10000001439643/
MS-T61005184E-KIRMIZI-52,52,https://www.marksandspencer.com.tr/kadin-kirmizi-5-li-dantel-detayli-short-kulot-seti-10000001439643/
MS-T61005184B-KIRMIZI-34,34,https://www.marksandspencer.com.tr/kadin-kirmizi-5-li-dantel-detayli-brazilian-kulot-seti-10000001439754/
MS-T61005184B-KIRMIZI-36,36,https://www.marksandspencer.com.tr/kadin-kirmizi-5-li-dantel-detayli-brazilian-kulot-seti-10000001439754/
MS-T61005184B-KIRMIZI-38,38,https://www.marksandspencer.com.tr/kadin-kirmizi-5-li-dantel-detayli-brazilian-kulot-seti-10000001439754/
MS-T61005184B-KIRMIZI-40,40,https://www.marksandspencer.com.tr/kadin-kirmizi-5-li-dantel-detayli-brazilian-kulot-seti-10000001439754/
MS-T61005184B-KIRMIZI-42,42,https://www.marksandspencer.com.tr/kadin-kirmizi-5-li-dantel-detayli-brazilian-kulot-seti-10000001439754/
MS-T61005184B-KIRMIZI-44,44,https://www.marksandspencer.com.tr/kadin-kirmizi-5-li-dantel-detayli-brazilian-kulot-seti-10000001439754/
MS-T61005184B-KIRMIZI-46,46,https://www.marksandspencer.com.tr/kadin-kirmizi-5-li-dantel-detayli-brazilian-kulot-seti-10000001439754/
MS-T61005184B-KIRMIZI-48,48,https://www.marksandspencer.com.tr/kadin-kirmizi-5-li-dantel-detayli-brazilian-kulot-seti-10000001439754/
MS-T61005184B-KIRMIZI-50,50,https://www.marksandspencer.com.tr/kadin-kirmizi-5-li-dantel-detayli-brazilian-kulot-seti-10000001439754/
MS-T61005184B-KIRMIZI-52,52,https://www.marksandspencer.com.tr/kadin-kirmizi-5-li-dantel-detayli-brazilian-kulot-seti-10000001439754/
MS-T61004000I-GRI-34,34,https://www.marksandspencer.com.tr/kadin-gri-3-lu-pamuklu-kulot-10000001439888/
MS-T61004000I-GRI-36,36,https://www.marksandspencer.com.tr/kadin-gri-3-lu-pamuklu-kulot-10000001439888/
MS-T61004000I-GRI-38,38,https://www.marksandspencer.com.tr/kadin-gri-3-lu-pamuklu-kulot-10000001439888/
MS-T61004000I-GRI-40,40,https://www.marksandspencer.com.tr/kadin-gri-3-lu-pamuklu-kulot-10000001439888/
MS-T61004000I-GRI-42,42,https://www.marksandspencer.com.tr/kadin-gri-3-lu-pamuklu-kulot-10000001439888/
MS-T61004000I-GRI-44,44,https://www.marksandspencer.com.tr/kadin-gri-3-lu-pamuklu-kulot-10000001439888/
MS-T61004000I-GRI-46,46,https://www.marksandspencer.com.tr/kadin-gri-3-lu-pamuklu-kulot-10000001439888/
MS-T61004000I-GRI-48,48,https://www.marksandspencer.com.tr/kadin-gri-3-lu-pamuklu-kulot-10000001439888/
MS-T61004000I-GRI-50,50,https://www.marksandspencer.com.tr/kadin-gri-3-lu-pamuklu-kulot-10000001439888/
MS-T61004000I-GRI-52,52,https://www.marksandspencer.com.tr/kadin-gri-3-lu-pamuklu-kulot-10000001439888/
MS-T61004000I-KREM-34,34,https://www.marksandspencer.com.tr/kadin-krem-3-lu-pamuklu-kulot-10000001231705/
MS-T61004000I-KREM-36,36,https://www.marksandspencer.com.tr/kadin-krem-3-lu-pamuklu-kulot-10000001231705/
MS-T61004000I-KREM-38,38,https://www.marksandspencer.com.tr/kadin-krem-3-lu-pamuklu-kulot-10000001231705/
MS-T61004000I-KREM-40,40,https://www.marksandspencer.com.tr/kadin-krem-3-lu-pamuklu-kulot-10000001231705/
MS-T61004000I-KREM-42,42,https://www.marksandspencer.com.tr/kadin-krem-3-lu-pamuklu-kulot-10000001231705/
MS-T61004000I-KREM-44,44,https://www.marksandspencer.com.tr/kadin-krem-3-lu-pamuklu-kulot-10000001231705/
MS-T61004000I-KREM-46,46,https://www.marksandspencer.com.tr/kadin-krem-3-lu-pamuklu-kulot-10000001231705/
MS-T61004000I-KREM-48,48,https://www.marksandspencer.com.tr/kadin-krem-3-lu-pamuklu-kulot-10000001231705/
MS-T61004000I-KREM-50,50,https://www.marksandspencer.com.tr/kadin-krem-3-lu-pamuklu-kulot-10000001231705/
MS-T61004000I-KREM-52,52,https://www.marksandspencer.com.tr/kadin-krem-3-lu-pamuklu-kulot-10000001231705/
MS-T61004040I-BEJ-34,34,https://www.marksandspencer.com.tr/kadin-3-lu-body-invisibles-kulot-seti-10000001439376/
MS-T61004040I-BEJ-36,36,https://www.marksandspencer.com.tr/kadin-3-lu-body-invisibles-kulot-seti-10000001439376/
MS-T61004040I-BEJ-38,38,https://www.marksandspencer.com.tr/kadin-3-lu-body-invisibles-kulot-seti-10000001439376/
MS-T61004040I-BEJ-40,40,https://www.marksandspencer.com.tr/kadin-3-lu-body-invisibles-kulot-seti-10000001439376/
MS-T61004040I-BEJ-42,42,https://www.marksandspencer.com.tr/kadin-3-lu-body-invisibles-kulot-seti-10000001439376/
MS-T61004040I-BEJ-44,44,https://www.marksandspencer.com.tr/kadin-3-lu-body-invisibles-kulot-seti-10000001439376/
MS-T61004040I-BEJ-46,46,https://www.marksandspencer.com.tr/kadin-3-lu-body-invisibles-kulot-seti-10000001439376/
MS-T61004040I-BEJ-48,48,https://www.marksandspencer.com.tr/kadin-3-lu-body-invisibles-kulot-seti-10000001439376/
MS-T61004040I-BEJ-50,50,https://www.marksandspencer.com.tr/kadin-3-lu-body-invisibles-kulot-seti-10000001439376/
MS-T61004040I-BEJ-52,52,https://www.marksandspencer.com.tr/kadin-3-lu-body-invisibles-kulot-seti-10000001439376/
MS-T61008800F-SIYAH-MIX-34,34,https://www.marksandspencer.com.tr/kadin-siyah-mix-5-li-saf-pamuklu-full-brief-kulot-seti-10000001439434/
MS-T61008800F-SIYAH-MIX-36,36,https://www.marksandspencer.com.tr/kadin-siyah-mix-5-li-saf-pamuklu-full-brief-kulot-seti-10000001439434/
MS-T61008800F-SIYAH-MIX-38,38,https://www.marksandspencer.com.tr/kadin-siyah-mix-5-li-saf-pamuklu-full-brief-kulot-seti-10000001439434/
MS-T61008800F-SIYAH-MIX-40,40,https://www.marksandspencer.com.tr/kadin-siyah-mix-5-li-saf-pamuklu-full-brief-kulot-seti-10000001439434/
MS-T61008800F-SIYAH-MIX-42,42,https://www.marksandspencer.com.tr/kadin-siyah-mix-5-li-saf-pamuklu-full-brief-kulot-seti-10000001439434/
MS-T61008800F-SIYAH-MIX-44,44,https://www.marksandspencer.com.tr/kadin-siyah-mix-5-li-saf-pamuklu-full-brief-kulot-seti-10000001439434/
MS-T61008800F-SIYAH-MIX-46,46,https://www.marksandspencer.com.tr/kadin-siyah-mix-5-li-saf-pamuklu-full-brief-kulot-seti-10000001439434/
MS-T61008800F-SIYAH-MIX-48,48,https://www.marksandspencer.com.tr/kadin-siyah-mix-5-li-saf-pamuklu-full-brief-kulot-seti-10000001439434/
MS-T61008800F-SIYAH-MIX-50,50,https://www.marksandspencer.com.tr/kadin-siyah-mix-5-li-saf-pamuklu-full-brief-kulot-seti-10000001439434/
MS-T61008800F-SIYAH-MIX-52,52,https://www.marksandspencer.com.tr/kadin-siyah-mix-5-li-saf-pamuklu-full-brief-kulot-seti-10000001439434/
MS-T61008800F-TURUNCU-34,34,https://www.marksandspencer.com.tr/kadin-turuncu-5-li-saf-pamuklu-full-brief-kulot-seti-10000001441064/
MS-T61008800F-TURUNCU-36,36,https://www.marksandspencer.com.tr/kadin-turuncu-5-li-saf-pamuklu-full-brief-kulot-seti-10000001441064/
MS-T61008800F-TURUNCU-38,38,https://www.marksandspencer.com.tr/kadin-turuncu-5-li-saf-pamuklu-full-brief-kulot-seti-10000001441064/
MS-T61008800F-TURUNCU-40,40,https://www.marksandspencer.com.tr/kadin-turuncu-5-li-saf-pamuklu-full-brief-kulot-seti-10000001441064/
MS-T61008800F-TURUNCU-42,42,https://www.marksandspencer.com.tr/kadin-turuncu-5-li-saf-pamuklu-full-brief-kulot-seti-10000001441064/
MS-T61008800F-TURUNCU-44,44,https://www.marksandspencer.com.tr/kadin-turuncu-5-li-saf-pamuklu-full-brief-kulot-seti-10000001441064/
MS-T61008800F-TURUNCU-46,46,https://www.marksandspencer.com.tr/kadin-turuncu-5-li-saf-pamuklu-full-brief-kulot-seti-10000001441064/
MS-T61008800F-TURUNCU-48,48,https://www.marksandspencer.com.tr/kadin-turuncu-5-li-saf-pamuklu-full-brief-kulot-seti-10000001441064/
MS-T61008800F-TURUNCU-50,50,https://www.marksandspencer.com.tr/kadin-turuncu-5-li-saf-pamuklu-full-brief-kulot-seti-10000001441064/
MS-T61008800F-TURUNCU-52,52,https://www.marksandspencer.com.tr/kadin-turuncu-5-li-saf-pamuklu-full-brief-kulot-seti-10000001441064/
MS-T61004842B-KREM-34,34,https://www.marksandspencer.com.tr/kadin-krem-3lu-pamuk-karisimli-brazilian-kulot-seti-10000001441313/
MS-T61004842B-KREM-36,36,https://www.marksandspencer.com.tr/kadin-krem-3lu-pamuk-karisimli-brazilian-kulot-seti-10000001441313/
MS-T61004842B-KREM-38,38,https://www.marksandspencer.com.tr/kadin-krem-3lu-pamuk-karisimli-brazilian-kulot-seti-10000001441313/
MS-T61004842B-KREM-40,40,https://www.marksandspencer.com.tr/kadin-krem-3lu-pamuk-karisimli-brazilian-kulot-seti-10000001441313/
MS-T61004842B-KREM-42,42,https://www.marksandspencer.com.tr/kadin-krem-3lu-pamuk-karisimli-brazilian-kulot-seti-10000001441313/
MS-T61004842B-KREM-44,44,https://www.marksandspencer.com.tr/kadin-krem-3lu-pamuk-karisimli-brazilian-kulot-seti-10000001441313/
MS-T61004842B-KREM-46,46,https://www.marksandspencer.com.tr/kadin-krem-3lu-pamuk-karisimli-brazilian-kulot-seti-10000001441313/
MS-T61004842B-KREM-48,48,https://www.marksandspencer.com.tr/kadin-krem-3lu-pamuk-karisimli-brazilian-kulot-seti-10000001441313/
MS-T61004842B-KREM-50,50,https://www.marksandspencer.com.tr/kadin-krem-3lu-pamuk-karisimli-brazilian-kulot-seti-10000001441313/
MS-T61004842B-KREM-52,52,https://www.marksandspencer.com.tr/kadin-krem-3lu-pamuk-karisimli-brazilian-kulot-seti-10000001441313/
MS-T61005184F-KIRMIZI-34,34,https://www.marksandspencer.com.tr/kadin-kirmizi-5-li-dantel-detayli-full-brief-kulot-seti-10000001439547/
MS-T61005184F-KIRMIZI-36,36,https://www.marksandspencer.com.tr/kadin-kirmizi-5-li-dantel-detayli-full-brief-kulot-seti-10000001439547/
MS-T61005184F-KIRMIZI-38,38,https://www.marksandspencer.com.tr/kadin-kirmizi-5-li-dantel-detayli-full-brief-kulot-seti-10000001439547/
MS-T61005184F-KIRMIZI-40,40,https://www.marksandspencer.com.tr/kadin-kirmizi-5-li-dantel-detayli-full-brief-kulot-seti-10000001439547/
MS-T61005184F-KIRMIZI-42,42,https://www.marksandspencer.com.tr/kadin-kirmizi-5-li-dantel-detayli-full-brief-kulot-seti-10000001439547/
MS-T61005184F-KIRMIZI-44,44,https://www.marksandspencer.com.tr/kadin-kirmizi-5-li-dantel-detayli-full-brief-kulot-seti-10000001439547/
MS-T61005184F-KIRMIZI-46,46,https://www.marksandspencer.com.tr/kadin-kirmizi-5-li-dantel-detayli-full-brief-kulot-seti-10000001439547/
MS-T61005184F-KIRMIZI-48,48,https://www.marksandspencer.com.tr/kadin-kirmizi-5-li-dantel-detayli-full-brief-kulot-seti-10000001439547/
MS-T61005184F-KIRMIZI-50,50,https://www.marksandspencer.com.tr/kadin-kirmizi-5-li-dantel-detayli-full-brief-kulot-seti-10000001439547/
MS-T61005184F-KIRMIZI-52,52,https://www.marksandspencer.com.tr/kadin-kirmizi-5-li-dantel-detayli-full-brief-kulot-seti-10000001439547/
MS-T61008802L-TURUNCU-34,34,https://www.marksandspencer.com.tr/kadin-turuncu-5li-saf-pamuklu-kulot-10000001441367/
MS-T61008802L-TURUNCU-36,36,https://www.marksandspencer.com.tr/kadin-turuncu-5li-saf-pamuklu-kulot-10000001441367/
MS-T61008802L-TURUNCU-38,38,https://www.marksandspencer.com.tr/kadin-turuncu-5li-saf-pamuklu-kulot-10000001441367/
MS-T61008802L-TURUNCU-40,40,https://www.marksandspencer.com.tr/kadin-turuncu-5li-saf-pamuklu-kulot-10000001441367/
MS-T61008802L-TURUNCU-42,42,https://www.marksandspencer.com.tr/kadin-turuncu-5li-saf-pamuklu-kulot-10000001441367/
MS-T61008802L-TURUNCU-44,44,https://www.marksandspencer.com.tr/kadin-turuncu-5li-saf-pamuklu-kulot-10000001441367/
MS-T61008802L-TURUNCU-46,46,https://www.marksandspencer.com.tr/kadin-turuncu-5li-saf-pamuklu-kulot-10000001441367/
MS-T61008802L-TURUNCU-48,48,https://www.marksandspencer.com.tr/kadin-turuncu-5li-saf-pamuklu-kulot-10000001441367/
MS-T61008802L-TURUNCU-50,50,https://www.marksandspencer.com.tr/kadin-turuncu-5li-saf-pamuklu-kulot-10000001441367/
MS-T61008802L-TURUNCU-52,52,https://www.marksandspencer.com.tr/kadin-turuncu-5li-saf-pamuklu-kulot-10000001441367/
MS-T61008802L-MAVI-34,34,https://www.marksandspencer.com.tr/kadin-mavi-mix-5li-saf-pamuklu-kulot-10000001441244/
MS-T61008802L-MAVI-36,36,https://www.marksandspencer.com.tr/kadin-mavi-mix-5li-saf-pamuklu-kulot-10000001441244/
MS-T61008802L-MAVI-38,38,https://www.marksandspencer.com.tr/kadin-mavi-mix-5li-saf-pamuklu-kulot-10000001441244/
MS-T61008802L-MAVI-40,40,https://www.marksandspencer.com.tr/kadin-mavi-mix-5li-saf-pamuklu-kulot-10000001441244/
MS-T61008802L-MAVI-42,42,https://www.marksandspencer.com.tr/kadin-mavi-mix-5li-saf-pamuklu-kulot-10000001441244/
MS-T61008802L-MAVI-44,44,https://www.marksandspencer.com.tr/kadin-mavi-mix-5li-saf-pamuklu-kulot-10000001441244/
MS-T61008802L-MAVI-46,46,https://www.marksandspencer.com.tr/kadin-mavi-mix-5li-saf-pamuklu-kulot-10000001441244/
MS-T61008802L-MAVI-48,48,https://www.marksandspencer.com.tr/kadin-mavi-mix-5li-saf-pamuklu-kulot-10000001441244/
MS-T61008802L-MAVI-50,50,https://www.marksandspencer.com.tr/kadin-mavi-mix-5li-saf-pamuklu-kulot-10000001441244/
MS-T61008802L-MAVI-52,52,https://www.marksandspencer.com.tr/kadin-mavi-mix-5li-saf-pamuklu-kulot-10000001441244/
MS-T61004958J-SIYAH-34,34,https://www.marksandspencer.com.tr/kadin-siyah-3-lu-dantel-detayli-miami-kulot-10000001123718/
MS-T61004958J-SIYAH-36,36,https://www.marksandspencer.com.tr/kadin-siyah-3-lu-dantel-detayli-miami-kulot-10000001123718/
MS-T61004958J-SIYAH-38,38,https://www.marksandspencer.com.tr/kadin-siyah-3-lu-dantel-detayli-miami-kulot-10000001123718/
MS-T61004958J-SIYAH-40,40,https://www.marksandspencer.com.tr/kadin-siyah-3-lu-dantel-detayli-miami-kulot-10000001123718/
MS-T61004958J-SIYAH-42,42,https://www.marksandspencer.com.tr/kadin-siyah-3-lu-dantel-detayli-miami-kulot-10000001123718/
MS-T61004958J-SIYAH-44,44,https://www.marksandspencer.com.tr/kadin-siyah-3-lu-dantel-detayli-miami-kulot-10000001123718/
MS-T61004958J-SIYAH-46,46,https://www.marksandspencer.com.tr/kadin-siyah-3-lu-dantel-detayli-miami-kulot-10000001123718/
MS-T61004958J-SIYAH-48,48,https://www.marksandspencer.com.tr/kadin-siyah-3-lu-dantel-detayli-miami-kulot-10000001123718/
MS-T61004958J-SIYAH-50,50,https://www.marksandspencer.com.tr/kadin-siyah-3-lu-dantel-detayli-miami-kulot-10000001123718/
MS-T61004958J-SIYAH-52,52,https://www.marksandspencer.com.tr/kadin-siyah-3-lu-dantel-detayli-miami-kulot-10000001123718/
MS-T61004958J-BEYAZ-34,34,https://www.marksandspencer.com.tr/kadin-beyaz-3-lu-dantel-detayli-miami-kulot-10000001123738/
MS-T61004958J-BEYAZ-36,36,https://www.marksandspencer.com.tr/kadin-beyaz-3-lu-dantel-detayli-miami-kulot-10000001123738/
MS-T61004958J-BEYAZ-38,38,https://www.marksandspencer.com.tr/kadin-beyaz-3-lu-dantel-detayli-miami-kulot-10000001123738/
MS-T61004958J-BEYAZ-40,40,https://www.marksandspencer.com.tr/kadin-beyaz-3-lu-dantel-detayli-miami-kulot-10000001123738/
MS-T61004958J-BEYAZ-42,42,https://www.marksandspencer.com.tr/kadin-beyaz-3-lu-dantel-detayli-miami-kulot-10000001123738/
MS-T61004958J-BEYAZ-44,44,https://www.marksandspencer.com.tr/kadin-beyaz-3-lu-dantel-detayli-miami-kulot-10000001123738/
MS-T61004958J-BEYAZ-46,46,https://www.marksandspencer.com.tr/kadin-beyaz-3-lu-dantel-detayli-miami-kulot-10000001123738/
MS-T61004958J-BEYAZ-48,48,https://www.marksandspencer.com.tr/kadin-beyaz-3-lu-dantel-detayli-miami-kulot-10000001123738/
MS-T61004958J-BEYAZ-50,50,https://www.marksandspencer.com.tr/kadin-beyaz-3-lu-dantel-detayli-miami-kulot-10000001123738/
MS-T61004958J-BEYAZ-52,52,https://www.marksandspencer.com.tr/kadin-beyaz-3-lu-dantel-detayli-miami-kulot-10000001123738/
MS-T61004958T-KAHVE-34,34,https://www.marksandspencer.com.tr/kadin-kahverengi-3lu-dantel-tanga-10000001440254/
MS-T61004958T-KAHVE-36,36,https://www.marksandspencer.com.tr/kadin-kahverengi-3lu-dantel-tanga-10000001440254/
MS-T61004958T-KAHVE-38,38,https://www.marksandspencer.com.tr/kadin-kahverengi-3lu-dantel-tanga-10000001440254/
MS-T61004958T-KAHVE-40,40,https://www.marksandspencer.com.tr/kadin-kahverengi-3lu-dantel-tanga-10000001440254/
MS-T61004958T-KAHVE-42,42,https://www.marksandspencer.com.tr/kadin-kahverengi-3lu-dantel-tanga-10000001440254/
MS-T61004958T-KAHVE-44,44,https://www.marksandspencer.com.tr/kadin-kahverengi-3lu-dantel-tanga-10000001440254/
MS-T61004958T-KAHVE-46,46,https://www.marksandspencer.com.tr/kadin-kahverengi-3lu-dantel-tanga-10000001440254/
MS-T61004958T-KAHVE-48,48,https://www.marksandspencer.com.tr/kadin-kahverengi-3lu-dantel-tanga-10000001440254/
MS-T61004958T-KAHVE-50,50,https://www.marksandspencer.com.tr/kadin-kahverengi-3lu-dantel-tanga-10000001440254/
MS-T61004958T-KAHVE-52,52,https://www.marksandspencer.com.tr/kadin-kahverengi-3lu-dantel-tanga-10000001440254/
MS-T61005022M-BEYAZ-34,34,https://www.marksandspencer.com.tr/kadin-beyaz-5-li-dantel-detayli-short-kulot-seti-10000001442074/
MS-T61005022M-BEYAZ-36,36,https://www.marksandspencer.com.tr/kadin-beyaz-5-li-dantel-detayli-short-kulot-seti-10000001442074/
MS-T61005022M-BEYAZ-38,38,https://www.marksandspencer.com.tr/kadin-beyaz-5-li-dantel-detayli-short-kulot-seti-10000001442074/
MS-T61005022M-BEYAZ-40,40,https://www.marksandspencer.com.tr/kadin-beyaz-5-li-dantel-detayli-short-kulot-seti-10000001442074/
MS-T61005022M-BEYAZ-42,42,https://www.marksandspencer.com.tr/kadin-beyaz-5-li-dantel-detayli-short-kulot-seti-10000001442074/
MS-T61005022M-BEYAZ-44,44,https://www.marksandspencer.com.tr/kadin-beyaz-5-li-dantel-detayli-short-kulot-seti-10000001442074/
MS-T61005022M-BEYAZ-46,46,https://www.marksandspencer.com.tr/kadin-beyaz-5-li-dantel-detayli-short-kulot-seti-10000001442074/
MS-T61005022M-BEYAZ-48,48,https://www.marksandspencer.com.tr/kadin-beyaz-5-li-dantel-detayli-short-kulot-seti-10000001442074/
MS-T61005022M-BEYAZ-50,50,https://www.marksandspencer.com.tr/kadin-beyaz-5-li-dantel-detayli-short-kulot-seti-10000001442074/
MS-T61005022M-BEYAZ-52,52,https://www.marksandspencer.com.tr/kadin-beyaz-5-li-dantel-detayli-short-kulot-seti-10000001442074/
MS-T61004958L-KAHVE-34,34,https://www.marksandspencer.com.tr/kadin-kahverengi-3lu-jasmine-dantelli-yuksek-bel-kulot-10000001440241/
MS-T61004958L-KAHVE-36,36,https://www.marksandspencer.com.tr/kadin-kahverengi-3lu-jasmine-dantelli-yuksek-bel-kulot-10000001440241/
MS-T61004958L-KAHVE-38,38,https://www.marksandspencer.com.tr/kadin-kahverengi-3lu-jasmine-dantelli-yuksek-bel-kulot-10000001440241/
MS-T61004958L-KAHVE-40,40,https://www.marksandspencer.com.tr/kadin-kahverengi-3lu-jasmine-dantelli-yuksek-bel-kulot-10000001440241/
MS-T61004958L-KAHVE-42,42,https://www.marksandspencer.com.tr/kadin-kahverengi-3lu-jasmine-dantelli-yuksek-bel-kulot-10000001440241/
MS-T61004958L-KAHVE-44,44,https://www.marksandspencer.com.tr/kadin-kahverengi-3lu-jasmine-dantelli-yuksek-bel-kulot-10000001440241/
MS-T61004958L-KAHVE-46,46,https://www.marksandspencer.com.tr/kadin-kahverengi-3lu-jasmine-dantelli-yuksek-bel-kulot-10000001440241/
MS-T61004958L-KAHVE-48,48,https://www.marksandspencer.com.tr/kadin-kahverengi-3lu-jasmine-dantelli-yuksek-bel-kulot-10000001440241/
MS-T61004958L-KAHVE-50,50,https://www.marksandspencer.com.tr/kadin-kahverengi-3lu-jasmine-dantelli-yuksek-bel-kulot-10000001440241/
MS-T61004958L-KAHVE-52,52,https://www.marksandspencer.com.tr/kadin-kahverengi-3lu-jasmine-dantelli-yuksek-bel-kulot-10000001440241/
MS-T61005184B-SIYAH-34,34,https://www.marksandspencer.com.tr/kadin-siyah-5-li-dantel-detayli-brazilian-kulot-seti-10000001441824/
MS-T61005184B-SIYAH-36,36,https://www.marksandspencer.com.tr/kadin-siyah-5-li-dantel-detayli-brazilian-kulot-seti-10000001441824/
MS-T61005184B-SIYAH-38,38,https://www.marksandspencer.com.tr/kadin-siyah-5-li-dantel-detayli-brazilian-kulot-seti-10000001441824/
MS-T61005184B-SIYAH-40,40,https://www.marksandspencer.com.tr/kadin-siyah-5-li-dantel-detayli-brazilian-kulot-seti-10000001441824/
MS-T61005184B-SIYAH-42,42,https://www.marksandspencer.com.tr/kadin-siyah-5-li-dantel-detayli-brazilian-kulot-seti-10000001441824/
MS-T61005184B-SIYAH-44,44,https://www.marksandspencer.com.tr/kadin-siyah-5-li-dantel-detayli-brazilian-kulot-seti-10000001441824/
MS-T61005184B-SIYAH-46,46,https://www.marksandspencer.com.tr/kadin-siyah-5-li-dantel-detayli-brazilian-kulot-seti-10000001441824/
MS-T61005184B-SIYAH-48,48,https://www.marksandspencer.com.tr/kadin-siyah-5-li-dantel-detayli-brazilian-kulot-seti-10000001441824/
MS-T61005184B-SIYAH-50,50,https://www.marksandspencer.com.tr/kadin-siyah-5-li-dantel-detayli-brazilian-kulot-seti-10000001441824/
MS-T61005184B-SIYAH-52,52,https://www.marksandspencer.com.tr/kadin-siyah-5-li-dantel-detayli-brazilian-kulot-seti-10000001441824/
MS-T61004113E-BEJ-34,34,https://www.marksandspencer.com.tr/kadin-bej-5li-microfibre-yuksek-bel-kulot-seti-10000001440425/
MS-T61004113E-BEJ-36,36,https://www.marksandspencer.com.tr/kadin-bej-5li-microfibre-yuksek-bel-kulot-seti-10000001440425/
MS-T61004113E-BEJ-38,38,https://www.marksandspencer.com.tr/kadin-bej-5li-microfibre-yuksek-bel-kulot-seti-10000001440425/
MS-T61004113E-BEJ-40,40,https://www.marksandspencer.com.tr/kadin-bej-5li-microfibre-yuksek-bel-kulot-seti-10000001440425/
MS-T61004113E-BEJ-42,42,https://www.marksandspencer.com.tr/kadin-bej-5li-microfibre-yuksek-bel-kulot-seti-10000001440425/
MS-T61004113E-BEJ-44,44,https://www.marksandspencer.com.tr/kadin-bej-5li-microfibre-yuksek-bel-kulot-seti-10000001440425/
MS-T61004113E-BEJ-46,46,https://www.marksandspencer.com.tr/kadin-bej-5li-microfibre-yuksek-bel-kulot-seti-10000001440425/
MS-T61004113E-BEJ-48,48,https://www.marksandspencer.com.tr/kadin-bej-5li-microfibre-yuksek-bel-kulot-seti-10000001440425/
MS-T61004113E-BEJ-50,50,https://www.marksandspencer.com.tr/kadin-bej-5li-microfibre-yuksek-bel-kulot-seti-10000001440425/
MS-T61004113E-BEJ-52,52,https://www.marksandspencer.com.tr/kadin-bej-5li-microfibre-yuksek-bel-kulot-seti-10000001440425/
MS-T61004106-SIYAH-34,34,https://www.marksandspencer.com.tr/kadin-siyah-5-li-dikissiz-bikini-kulot-seti-10000001523578/
MS-T61004106-SIYAH-36,36,https://www.marksandspencer.com.tr/kadin-siyah-5-li-dikissiz-bikini-kulot-seti-10000001523578/
MS-T61004106-SIYAH-38,38,https://www.marksandspencer.com.tr/kadin-siyah-5-li-dikissiz-bikini-kulot-seti-10000001523578/
MS-T61004106-SIYAH-40,40,https://www.marksandspencer.com.tr/kadin-siyah-5-li-dikissiz-bikini-kulot-seti-10000001523578/
MS-T61004106-SIYAH-42,42,https://www.marksandspencer.com.tr/kadin-siyah-5-li-dikissiz-bikini-kulot-seti-10000001523578/
MS-T61004106-SIYAH-44,44,https://www.marksandspencer.com.tr/kadin-siyah-5-li-dikissiz-bikini-kulot-seti-10000001523578/
MS-T61004106-SIYAH-46,46,https://www.marksandspencer.com.tr/kadin-siyah-5-li-dikissiz-bikini-kulot-seti-10000001523578/
MS-T61004106-SIYAH-48,48,https://www.marksandspencer.com.tr/kadin-siyah-5-li-dikissiz-bikini-kulot-seti-10000001523578/
MS-T61004106-SIYAH-50,50,https://www.marksandspencer.com.tr/kadin-siyah-5-li-dikissiz-bikini-kulot-seti-10000001523578/
MS-T61004106-SIYAH-52,52,https://www.marksandspencer.com.tr/kadin-siyah-5-li-dikissiz-bikini-kulot-seti-10000001523578/
MS-T61004282E-KREM-34,34,https://www.marksandspencer.com.tr/kadin-krem-3lu-pamuk-karisimli-yuksek-bel-kulot-10000000885053/
MS-T61004282E-KREM-36,36,https://www.marksandspencer.com.tr/kadin-krem-3lu-pamuk-karisimli-yuksek-bel-kulot-10000000885053/
MS-T61004282E-KREM-38,38,https://www.marksandspencer.com.tr/kadin-krem-3lu-pamuk-karisimli-yuksek-bel-kulot-10000000885053/
MS-T61004282E-KREM-40,40,https://www.marksandspencer.com.tr/kadin-krem-3lu-pamuk-karisimli-yuksek-bel-kulot-10000000885053/
MS-T61004282E-KREM-42,42,https://www.marksandspencer.com.tr/kadin-krem-3lu-pamuk-karisimli-yuksek-bel-kulot-10000000885053/
MS-T61004282E-KREM-44,44,https://www.marksandspencer.com.tr/kadin-krem-3lu-pamuk-karisimli-yuksek-bel-kulot-10000000885053/
MS-T61004282E-KREM-46,46,https://www.marksandspencer.com.tr/kadin-krem-3lu-pamuk-karisimli-yuksek-bel-kulot-10000000885053/
MS-T61004282E-KREM-48,48,https://www.marksandspencer.com.tr/kadin-krem-3lu-pamuk-karisimli-yuksek-bel-kulot-10000000885053/
MS-T61004282E-KREM-50,50,https://www.marksandspencer.com.tr/kadin-krem-3lu-pamuk-karisimli-yuksek-bel-kulot-10000000885053/
MS-T61004282E-KREM-52,52,https://www.marksandspencer.com.tr/kadin-krem-3lu-pamuk-karisimli-yuksek-bel-kulot-10000000885053/
MS-T61008802L-BEYAZ-34,34,https://www.marksandspencer.com.tr/kadin-beyaz-5li-saf-pamuklu-kulot-10000000847460/
MS-T61008802L-BEYAZ-36,36,https://www.marksandspencer.com.tr/kadin-beyaz-5li-saf-pamuklu-kulot-10000000847460/
MS-T61008802L-BEYAZ-38,38,https://www.marksandspencer.com.tr/kadin-beyaz-5li-saf-pamuklu-kulot-10000000847460/
MS-T61008802L-BEYAZ-40,40,https://www.marksandspencer.com.tr/kadin-beyaz-5li-saf-pamuklu-kulot-10000000847460/
MS-T61008802L-BEYAZ-42,42,https://www.marksandspencer.com.tr/kadin-beyaz-5li-saf-pamuklu-kulot-10000000847460/
MS-T61008802L-BEYAZ-44,44,https://www.marksandspencer.com.tr/kadin-beyaz-5li-saf-pamuklu-kulot-10000000847460/
MS-T61008802L-BEYAZ-46,46,https://www.marksandspencer.com.tr/kadin-beyaz-5li-saf-pamuklu-kulot-10000000847460/
MS-T61008802L-BEYAZ-48,48,https://www.marksandspencer.com.tr/kadin-beyaz-5li-saf-pamuklu-kulot-10000000847460/
MS-T61008802L-BEYAZ-50,50,https://www.marksandspencer.com.tr/kadin-beyaz-5li-saf-pamuklu-kulot-10000000847460/
MS-T61008802L-BEYAZ-52,52,https://www.marksandspencer.com.tr/kadin-beyaz-5li-saf-pamuklu-kulot-10000000847460/
MS-T14006140A-MULTI-S,S,https://www.marksandspencer.com.tr/erkek-multi-renk-autograph-5-li-hipster-10000001109214/
MS-T14006140A-MULTI-M,M,https://www.marksandspencer.com.tr/erkek-multi-renk-autograph-5-li-hipster-10000001109214/
MS-T14006140A-MULTI-L,L,https://www.marksandspencer.com.tr/erkek-multi-renk-autograph-5-li-hipster-10000001109214/
MS-T14006140A-MULTI-XL,XL,https://www.marksandspencer.com.tr/erkek-multi-renk-autograph-5-li-hipster-10000001109214/
MS-T14006140A-MULTI-XXL,XXL,https://www.marksandspencer.com.tr/erkek-multi-renk-autograph-5-li-hipster-10000001109214/
MS-T14003962-MAVI-MIX-S,S,https://www.marksandspencer.com.tr/erkek-mavi-mix-5-li-pamuklu-boxer-seti-10000001344979/
MS-T14003962-MAVI-MIX-M,M,https://www.marksandspencer.com.tr/erkek-mavi-mix-5-li-pamuklu-boxer-seti-10000001344979/
MS-T14003962-MAVI-MIX-L,L,https://www.marksandspencer.com.tr/erkek-mavi-mix-5-li-pamuklu-boxer-seti-10000001344979/
MS-T14003962-MAVI-MIX-XL,XL,https://www.marksandspencer.com.tr/erkek-mavi-mix-5-li-pamuklu-boxer-seti-10000001344979/
MS-T14003962-MAVI-MIX-XXL,XXL,https://www.marksandspencer.com.tr/erkek-mavi-mix-5-li-pamuklu-boxer-seti-10000001344979/
MS-T14005401A-MAVI-MIX-S,S,https://www.marksandspencer.com.tr/erkek-mavi-mix-5-li-desenli-boxer-seti-10000001345277/
MS-T14005401A-MAVI-MIX-M,M,https://www.marksandspencer.com.tr/erkek-mavi-mix-5-li-desenli-boxer-seti-10000001345277/
MS-T14005401A-MAVI-MIX-L,L,https://www.marksandspencer.com.tr/erkek-mavi-mix-5-li-desenli-boxer-seti-10000001345277/
MS-T14005401A-MAVI-MIX-XL,XL,https://www.marksandspencer.com.tr/erkek-mavi-mix-5-li-desenli-boxer-seti-10000001345277/
MS-T14005401A-MAVI-MIX-XXL,XXL,https://www.marksandspencer.com.tr/erkek-mavi-mix-5-li-desenli-boxer-seti-10000001345277/
MS-T14003963-LACIVERT-S,S,https://www.marksandspencer.com.tr/erkek-lacivert-5-li-pamuklu-boxer-10000001344984/
MS-T14003963-LACIVERT-M,M,https://www.marksandspencer.com.tr/erkek-lacivert-5-li-pamuklu-boxer-10000001344984/
MS-T14003963-LACIVERT-L,L,https://www.marksandspencer.com.tr/erkek-lacivert-5-li-pamuklu-boxer-10000001344984/
MS-T14003963-LACIVERT-XL,XL,https://www.marksandspencer.com.tr/erkek-lacivert-5-li-pamuklu-boxer-10000001344984/
MS-T14003963-LACIVERT-XXL,XXL,https://www.marksandspencer.com.tr/erkek-lacivert-5-li-pamuklu-boxer-10000001344984/
MS-T14006143A-RENKSIZ-S,S,https://www.marksandspencer.com.tr/erkek-renksiz-5-li-pamuk-karisimli-hipster-10000001345053/
MS-T14006143A-RENKSIZ-M,M,https://www.marksandspencer.com.tr/erkek-renksiz-5-li-pamuk-karisimli-hipster-10000001345053/
MS-T14006143A-RENKSIZ-L,L,https://www.marksandspencer.com.tr/erkek-renksiz-5-li-pamuk-karisimli-hipster-10000001345053/
MS-T14006143A-RENKSIZ-XL,XL,https://www.marksandspencer.com.tr/erkek-renksiz-5-li-pamuk-karisimli-hipster-10000001345053/
MS-T14006143A-RENKSIZ-XXL,XXL,https://www.marksandspencer.com.tr/erkek-renksiz-5-li-pamuk-karisimli-hipster-10000001345053/
MS-T14002560F-MAVI-S,S,https://www.marksandspencer.com.tr/erkek-mavi-mix-5-li-desenli-slip-10000001345066/
MS-T14002560F-MAVI-M,M,https://www.marksandspencer.com.tr/erkek-mavi-mix-5-li-desenli-slip-10000001345066/
MS-T14002560F-MAVI-L,L,https://www.marksandspencer.com.tr/erkek-mavi-mix-5-li-desenli-slip-10000001345066/
MS-T14002560F-MAVI-XL,XL,https://www.marksandspencer.com.tr/erkek-mavi-mix-5-li-desenli-slip-10000001345066/
MS-T14002560F-MAVI-XXL,XXL,https://www.marksandspencer.com.tr/erkek-mavi-mix-5-li-desenli-slip-10000001345066/
MS-T14003964-MAVI-S,S,https://www.marksandspencer.com.tr/erkek-mavi-mix-pamuklu-5-li-boxer-10000001344970/
MS-T14003964-MAVI-M,M,https://www.marksandspencer.com.tr/erkek-mavi-mix-pamuklu-5-li-boxer-10000001344970/
MS-T14003964-MAVI-L,L,https://www.marksandspencer.com.tr/erkek-mavi-mix-pamuklu-5-li-boxer-10000001344970/
MS-T14003964-MAVI-XL,XL,https://www.marksandspencer.com.tr/erkek-mavi-mix-pamuklu-5-li-boxer-10000001344970/
MS-T14003964-MAVI-XXL,XXL,https://www.marksandspencer.com.tr/erkek-mavi-mix-pamuklu-5-li-boxer-10000001344970/
MS-T14006144A-MAVI-S,S,https://www.marksandspencer.com.tr/erkek-mavi-5-li-desenli-hipster-10000001345036/
MS-T14006144A-MAVI-M,M,https://www.marksandspencer.com.tr/erkek-mavi-5-li-desenli-hipster-10000001345036/
MS-T14006144A-MAVI-L,L,https://www.marksandspencer.com.tr/erkek-mavi-5-li-desenli-hipster-10000001345036/
MS-T14006144A-MAVI-XL,XL,https://www.marksandspencer.com.tr/erkek-mavi-5-li-desenli-hipster-10000001345036/
MS-T14006144A-MAVI-XXL,XXL,https://www.marksandspencer.com.tr/erkek-mavi-5-li-desenli-hipster-10000001345036/
MS-T14006147A-MULTI-S,S,https://www.marksandspencer.com.tr/erkek-multi-renk-autograph-5-li-hipster-10000001345046/
MS-T14006147A-MULTI-M,M,https://www.marksandspencer.com.tr/erkek-multi-renk-autograph-5-li-hipster-10000001345046/
MS-T14006147A-MULTI-L,L,https://www.marksandspencer.com.tr/erkek-multi-renk-autograph-5-li-hipster-10000001345046/
MS-T14006147A-MULTI-XL,XL,https://www.marksandspencer.com.tr/erkek-multi-renk-autograph-5-li-hipster-10000001345046/
MS-T14006147A-MULTI-XXL,XXL,https://www.marksandspencer.com.tr/erkek-multi-renk-autograph-5-li-hipster-10000001345046/
MS-T14005404A-MULTI-S,S,https://www.marksandspencer.com.tr/erkek-multi-renk-autograph-5-li-trunk-10000001345309/
MS-T14005404A-MULTI-M,M,https://www.marksandspencer.com.tr/erkek-multi-renk-autograph-5-li-trunk-10000001345309/
MS-T14005404A-MULTI-L,L,https://www.marksandspencer.com.tr/erkek-multi-renk-autograph-5-li-trunk-10000001345309/
MS-T14005404A-MULTI-XL,XL,https://www.marksandspencer.com.tr/erkek-multi-renk-autograph-5-li-trunk-10000001345309/
MS-T14005404A-MULTI-XXL,XXL,https://www.marksandspencer.com.tr/erkek-multi-renk-autograph-5-li-trunk-10000001345309/
MS-T14005400A-SIYAH-S,S,https://www.marksandspencer.com.tr/erkek-siyah-5li-cool-fresh-pamuklu-trunk-seti-10000001345264/
MS-T14005400A-SIYAH-M,M,https://www.marksandspencer.com.tr/erkek-siyah-5li-cool-fresh-pamuklu-trunk-seti-10000001345264/
MS-T14005400A-SIYAH-L,L,https://www.marksandspencer.com.tr/erkek-siyah-5li-cool-fresh-pamuklu-trunk-seti-10000001345264/
MS-T14005400A-SIYAH-XL,XL,https://www.marksandspencer.com.tr/erkek-siyah-5li-cool-fresh-pamuklu-trunk-seti-10000001345264/
MS-T14005400A-SIYAH-XXL,XXL,https://www.marksandspencer.com.tr/erkek-siyah-5li-cool-fresh-pamuklu-trunk-seti-10000001345264/
MS-T14005403A-MAVI-S,S,https://www.marksandspencer.com.tr/erkek-mavi-5-li-desenli-trunk-seti-10000001345306/
MS-T14005403A-MAVI-M,M,https://www.marksandspencer.com.tr/erkek-mavi-5-li-desenli-trunk-seti-10000001345306/
MS-T14005403A-MAVI-L,L,https://www.marksandspencer.com.tr/erkek-mavi-5-li-desenli-trunk-seti-10000001345306/
MS-T14005403A-MAVI-XL,XL,https://www.marksandspencer.com.tr/erkek-mavi-5-li-desenli-trunk-seti-10000001345306/
MS-T14005403A-MAVI-XXL,XXL,https://www.marksandspencer.com.tr/erkek-mavi-5-li-desenli-trunk-seti-10000001345306/
MS-T14004832S-LACIVERT-S,S,https://www.marksandspencer.com.tr/erkek-lacivert-5-li-desenli-trunk-10000001345208/
MS-T14004832S-LACIVERT-M,M,https://www.marksandspencer.com.tr/erkek-lacivert-5-li-desenli-trunk-10000001345208/
MS-T14004832S-LACIVERT-L,L,https://www.marksandspencer.com.tr/erkek-lacivert-5-li-desenli-trunk-10000001345208/
MS-T14004832S-LACIVERT-XL,XL,https://www.marksandspencer.com.tr/erkek-lacivert-5-li-desenli-trunk-10000001345208/
MS-T14004832S-LACIVERT-XXL,XXL,https://www.marksandspencer.com.tr/erkek-lacivert-5-li-desenli-trunk-10000001345208/
MS-T14004920S-MULTI-S,S,https://www.marksandspencer.com.tr/erkek-multi-renk-5-li-hipster-seti-10000001345089/
MS-T14004920S-MULTI-M,M,https://www.marksandspencer.com.tr/erkek-multi-renk-5-li-hipster-seti-10000001345089/
MS-T14004920S-MULTI-L,L,https://www.marksandspencer.com.tr/erkek-multi-renk-5-li-hipster-seti-10000001345089/
MS-T14004920S-MULTI-XL,XL,https://www.marksandspencer.com.tr/erkek-multi-renk-5-li-hipster-seti-10000001345089/
MS-T14004920S-MULTI-XXL,XXL,https://www.marksandspencer.com.tr/erkek-multi-renk-5-li-hipster-seti-10000001345089/
MS-T14004918S-LACIVERT-S,S,https://www.marksandspencer.com.tr/erkek-lacivert-5-li-desenli-hipster-10000001345095/
MS-T14004918S-LACIVERT-M,M,https://www.marksandspencer.com.tr/erkek-lacivert-5-li-desenli-hipster-10000001345095/
MS-T14004918S-LACIVERT-L,L,https://www.marksandspencer.com.tr/erkek-lacivert-5-li-desenli-hipster-10000001345095/
MS-T14004918S-LACIVERT-XL,XL,https://www.marksandspencer.com.tr/erkek-lacivert-5-li-desenli-hipster-10000001345095/
MS-T14004918S-LACIVERT-XXL,XXL,https://www.marksandspencer.com.tr/erkek-lacivert-5-li-desenli-hipster-10000001345095/
MS-T14006816S-MULTI-S,S,https://www.marksandspencer.com.tr/erkek-multi-renk-5-li-brief-seti-10000001345073/
MS-T14006816S-MULTI-M,M,https://www.marksandspencer.com.tr/erkek-multi-renk-5-li-brief-seti-10000001345073/
MS-T14006816S-MULTI-L,L,https://www.marksandspencer.com.tr/erkek-multi-renk-5-li-brief-seti-10000001345073/
MS-T14006816S-MULTI-XL,XL,https://www.marksandspencer.com.tr/erkek-multi-renk-5-li-brief-seti-10000001345073/
MS-T14006816S-MULTI-XXL,XXL,https://www.marksandspencer.com.tr/erkek-multi-renk-5-li-brief-seti-10000001345073/
MS-T14002561F-SIYAH-S,S,https://www.marksandspencer.com.tr/erkek-siyah-mix-5-li-pamuklu-slip-10000001345061/
MS-T14002561F-SIYAH-M,M,https://www.marksandspencer.com.tr/erkek-siyah-mix-5-li-pamuklu-slip-10000001345061/
MS-T14002561F-SIYAH-L,L,https://www.marksandspencer.com.tr/erkek-siyah-mix-5-li-pamuklu-slip-10000001345061/
MS-T14002561F-SIYAH-XL,XL,https://www.marksandspencer.com.tr/erkek-siyah-mix-5-li-pamuklu-slip-10000001345061/
MS-T14002561F-SIYAH-XXL,XXL,https://www.marksandspencer.com.tr/erkek-siyah-mix-5-li-pamuklu-slip-10000001345061/
MS-T14006815S-MULTI-S,S,https://www.marksandspencer.com.tr/erkek-multi-renk-5li-pamuklu-cool-fresh-slip-10000001345087/
MS-T14006815S-MULTI-M,M,https://www.marksandspencer.com.tr/erkek-multi-renk-5li-pamuklu-cool-fresh-slip-10000001345087/
MS-T14006815S-MULTI-L,L,https://www.marksandspencer.com.tr/erkek-multi-renk-5li-pamuklu-cool-fresh-slip-10000001345087/
MS-T14006815S-MULTI-XL,XL,https://www.marksandspencer.com.tr/erkek-multi-renk-5li-pamuklu-cool-fresh-slip-10000001345087/
MS-T14006815S-MULTI-XXL,XXL,https://www.marksandspencer.com.tr/erkek-multi-renk-5li-pamuklu-cool-fresh-slip-10000001345087/
MS-T14008384F-SIYAH-S,S,https://www.marksandspencer.com.tr/erkek-siyah-mix-5-li-pamuklu-jersey-boxer-10000001345192/
MS-T14008384F-SIYAH-M,M,https://www.marksandspencer.com.tr/erkek-siyah-mix-5-li-pamuklu-jersey-boxer-10000001345192/
MS-T14008384F-SIYAH-L,L,https://www.marksandspencer.com.tr/erkek-siyah-mix-5-li-pamuklu-jersey-boxer-10000001345192/
MS-T14008384F-SIYAH-XL,XL,https://www.marksandspencer.com.tr/erkek-siyah-mix-5-li-pamuklu-jersey-boxer-10000001345192/
MS-T14008384F-SIYAH-XXL,XXL,https://www.marksandspencer.com.tr/erkek-siyah-mix-5-li-pamuklu-jersey-boxer-10000001345192/
MS-T14004919S-SIYAH-S,S,https://www.marksandspencer.com.tr/erkek-siyah-mix-5-li-pamuklu-hipster-10000001345105/
MS-T14004919S-SIYAH-M,M,https://www.marksandspencer.com.tr/erkek-siyah-mix-5-li-pamuklu-hipster-10000001345105/
MS-T14004919S-SIYAH-L,L,https://www.marksandspencer.com.tr/erkek-siyah-mix-5-li-pamuklu-hipster-10000001345105/
MS-T14004919S-SIYAH-XL,XL,https://www.marksandspencer.com.tr/erkek-siyah-mix-5-li-pamuklu-hipster-10000001345105/
MS-T14004919S-SIYAH-XXL,XXL,https://www.marksandspencer.com.tr/erkek-siyah-mix-5-li-pamuklu-hipster-10000001345105/
MS-T14004830S-LACIVERT-S,S,https://www.marksandspencer.com.tr/erkek-lacivert-5-li-desenli-boxer-10000001345269/
MS-T14004830S-LACIVERT-M,M,https://www.marksandspencer.com.tr/erkek-lacivert-5-li-desenli-boxer-10000001345269/
MS-T14004830S-LACIVERT-L,L,https://www.marksandspencer.com.tr/erkek-lacivert-5-li-desenli-boxer-10000001345269/
MS-T14004830S-LACIVERT-XL,XL,https://www.marksandspencer.com.tr/erkek-lacivert-5-li-desenli-boxer-10000001345269/
MS-T14004830S-LACIVERT-XXL,XXL,https://www.marksandspencer.com.tr/erkek-lacivert-5-li-desenli-boxer-10000001345269/
MS-T14002559F-MULTI-S,S,https://www.marksandspencer.com.tr/erkek-multi-renk-5li-saf-pamuk-cool-fresh-slip-10000001345101/
MS-T14002559F-MULTI-M,M,https://www.marksandspencer.com.tr/erkek-multi-renk-5li-saf-pamuk-cool-fresh-slip-10000001345101/
MS-T14002559F-MULTI-L,L,https://www.marksandspencer.com.tr/erkek-multi-renk-5li-saf-pamuk-cool-fresh-slip-10000001345101/
MS-T14002559F-MULTI-XL,XL,https://www.marksandspencer.com.tr/erkek-multi-renk-5li-saf-pamuk-cool-fresh-slip-10000001345101/
MS-T14002559F-MULTI-XXL,XXL,https://www.marksandspencer.com.tr/erkek-multi-renk-5li-saf-pamuk-cool-fresh-slip-10000001345101/
MS-T14003961-MAVI-S,S,https://www.marksandspencer.com.tr/erkek-mavi-mix-5-li-desenli-boxer-10000001345169/
MS-T14003961-MAVI-M,M,https://www.marksandspencer.com.tr/erkek-mavi-mix-5-li-desenli-boxer-10000001345169/
MS-T14003961-MAVI-L,L,https://www.marksandspencer.com.tr/erkek-mavi-mix-5-li-desenli-boxer-10000001345169/
MS-T14003961-MAVI-XL,XL,https://www.marksandspencer.com.tr/erkek-mavi-mix-5-li-desenli-boxer-10000001345169/
MS-T14003961-MAVI-XXL,XXL,https://www.marksandspencer.com.tr/erkek-mavi-mix-5-li-desenli-boxer-10000001345169/
MS-T14005402A-YESIL-S,S,https://www.marksandspencer.com.tr/erkek-yesil-5-li-trunk-seti-10000001345280/
MS-T14005402A-YESIL-M,M,https://www.marksandspencer.com.tr/erkek-yesil-5-li-trunk-seti-10000001345280/
MS-T14005402A-YESIL-L,L,https://www.marksandspencer.com.tr/erkek-yesil-5-li-trunk-seti-10000001345280/
MS-T14005402A-YESIL-XL,XL,https://www.marksandspencer.com.tr/erkek-yesil-5-li-trunk-seti-10000001345280/
MS-T14005402A-YESIL-XXL,XXL,https://www.marksandspencer.com.tr/erkek-yesil-5-li-trunk-seti-10000001345280/
MS-T14004833S-LACIVERT-S,S,https://www.marksandspencer.com.tr/erkek-lacivert-5-li-desenli-trunk-10000001345255/
MS-T14004833S-LACIVERT-M,M,https://www.marksandspencer.com.tr/erkek-lacivert-5-li-desenli-trunk-10000001345255/
MS-T14004833S-LACIVERT-L,L,https://www.marksandspencer.com.tr/erkek-lacivert-5-li-desenli-trunk-10000001345255/
MS-T14004833S-LACIVERT-XL,XL,https://www.marksandspencer.com.tr/erkek-lacivert-5-li-desenli-trunk-10000001345255/
MS-T14004833S-LACIVERT-XXL,XXL,https://www.marksandspencer.com.tr/erkek-lacivert-5-li-desenli-trunk-10000001345255/
MS-T14004922S-MAVI-S,S,https://www.marksandspencer.com.tr/erkek-mavi-5-li-desenli-hipster-seti-10000001345081/
MS-T14004922S-MAVI-M,M,https://www.marksandspencer.com.tr/erkek-mavi-5-li-desenli-hipster-seti-10000001345081/
MS-T14004922S-MAVI-L,L,https://www.marksandspencer.com.tr/erkek-mavi-5-li-desenli-hipster-seti-10000001345081/
MS-T14004922S-MAVI-XL,XL,https://www.marksandspencer.com.tr/erkek-mavi-5-li-desenli-hipster-seti-10000001345081/
MS-T14004922S-MAVI-XXL,XXL,https://www.marksandspencer.com.tr/erkek-mavi-5-li-desenli-hipster-seti-10000001345081/
MS-T14006145A-MAVI-S,S,https://www.marksandspencer.com.tr/erkek-mavi-mix-5-li-desenli-hipster-seti-10000001345032/
MS-T14006145A-MAVI-M,M,https://www.marksandspencer.com.tr/erkek-mavi-mix-5-li-desenli-hipster-seti-10000001345032/
MS-T14006145A-MAVI-L,L,https://www.marksandspencer.com.tr/erkek-mavi-mix-5-li-desenli-hipster-seti-10000001345032/
MS-T14006145A-MAVI-XL,XL,https://www.marksandspencer.com.tr/erkek-mavi-mix-5-li-desenli-hipster-seti-10000001345032/
MS-T14006145A-MAVI-XXL,XXL,https://www.marksandspencer.com.tr/erkek-mavi-mix-5-li-desenli-hipster-seti-10000001345032/
MS-T14005406I-SIYAH-MIX-S,S,https://www.marksandspencer.com.tr/erkek-siyah-mix-autograph-5-li-trunk-seti-10000001611434/
MS-T14005406I-SIYAH-MIX-M,M,https://www.marksandspencer.com.tr/erkek-siyah-mix-autograph-5-li-trunk-seti-10000001611434/
MS-T14005406I-SIYAH-MIX-L,L,https://www.marksandspencer.com.tr/erkek-siyah-mix-autograph-5-li-trunk-seti-10000001611434/
MS-T14005406I-SIYAH-MIX-XL,XL,https://www.marksandspencer.com.tr/erkek-siyah-mix-autograph-5-li-trunk-seti-10000001611434/
MS-T14005406I-SIYAH-MIX-XXL,XXL,https://www.marksandspencer.com.tr/erkek-siyah-mix-autograph-5-li-trunk-seti-10000001611434/
MS-T14003960-YESIL-S,S,https://www.marksandspencer.com.tr/erkek-yesil-5-li-pamuklu-boxer-10000001345325/
MS-T14003960-YESIL-M,M,https://www.marksandspencer.com.tr/erkek-yesil-5-li-pamuklu-boxer-10000001345325/
MS-T14003960-YESIL-L,L,https://www.marksandspencer.com.tr/erkek-yesil-5-li-pamuklu-boxer-10000001345325/
MS-T14003960-YESIL-XL,XL,https://www.marksandspencer.com.tr/erkek-yesil-5-li-pamuklu-boxer-10000001345325/
MS-T14003960-YESIL-XXL,XXL,https://www.marksandspencer.com.tr/erkek-yesil-5-li-pamuklu-boxer-10000001345325/
MS-T14006146A-SIYAH-S,S,https://www.marksandspencer.com.tr/erkek-siyah-mix-autograph-5-li-hipster-10000001345039/
MS-T14006146A-SIYAH-M,M,https://www.marksandspencer.com.tr/erkek-siyah-mix-autograph-5-li-hipster-10000001345039/
MS-T14006146A-SIYAH-L,L,https://www.marksandspencer.com.tr/erkek-siyah-mix-autograph-5-li-hipster-10000001345039/
MS-T14006146A-SIYAH-XL,XL,https://www.marksandspencer.com.tr/erkek-siyah-mix-autograph-5-li-hipster-10000001345039/
MS-T14006146A-SIYAH-XXL,XXL,https://www.marksandspencer.com.tr/erkek-siyah-mix-autograph-5-li-hipster-10000001345039/
MS-T14005107S-SIYAH-S,S,https://www.marksandspencer.com.tr/erkek-siyah-mix-3-lu-trunk-seti-10000001345232/
MS-T14005107S-SIYAH-M,M,https://www.marksandspencer.com.tr/erkek-siyah-mix-3-lu-trunk-seti-10000001345232/
MS-T14005107S-SIYAH-L,L,https://www.marksandspencer.com.tr/erkek-siyah-mix-3-lu-trunk-seti-10000001345232/
MS-T14005107S-SIYAH-XL,XL,https://www.marksandspencer.com.tr/erkek-siyah-mix-3-lu-trunk-seti-10000001345232/
MS-T14005107S-SIYAH-XXL,XXL,https://www.marksandspencer.com.tr/erkek-siyah-mix-3-lu-trunk-seti-10000001345232/
MS-T14004829S-SIYAH-S,S,https://www.marksandspencer.com.tr/erkek-siyah-mix-5-li-trunk-seti-10000001345182/
MS-T14004829S-SIYAH-M,M,https://www.marksandspencer.com.tr/erkek-siyah-mix-5-li-trunk-seti-10000001345182/
MS-T14004829S-SIYAH-L,L,https://www.marksandspencer.com.tr/erkek-siyah-mix-5-li-trunk-seti-10000001345182/
MS-T14004829S-SIYAH-XL,XL,https://www.marksandspencer.com.tr/erkek-siyah-mix-5-li-trunk-seti-10000001345182/
MS-T14004829S-SIYAH-XXL,XXL,https://www.marksandspencer.com.tr/erkek-siyah-mix-5-li-trunk-seti-10000001345182/
MS-T14004831S-MULTI-S,S,https://www.marksandspencer.com.tr/erkek-multi-renk-5-li-cizgili-trunk-seti-10000001345214/
MS-T14004831S-MULTI-M,M,https://www.marksandspencer.com.tr/erkek-multi-renk-5-li-cizgili-trunk-seti-10000001345214/
MS-T14004831S-MULTI-L,L,https://www.marksandspencer.com.tr/erkek-multi-renk-5-li-cizgili-trunk-seti-10000001345214/
MS-T14004831S-MULTI-XL,XL,https://www.marksandspencer.com.tr/erkek-multi-renk-5-li-cizgili-trunk-seti-10000001345214/
MS-T14004831S-MULTI-XXL,XXL,https://www.marksandspencer.com.tr/erkek-multi-renk-5-li-cizgili-trunk-seti-10000001345214/
MS-T14003005A-MAVI-S,S,https://www.marksandspencer.com.tr/erkek-mavi-5-li-pamuklu-boxer-10000001218448/
MS-T14003005A-MAVI-M,M,https://www.marksandspencer.com.tr/erkek-mavi-5-li-pamuklu-boxer-10000001218448/
MS-T14003005A-MAVI-L,L,https://www.marksandspencer.com.tr/erkek-mavi-5-li-pamuklu-boxer-10000001218448/
MS-T14003005A-MAVI-XL,XL,https://www.marksandspencer.com.tr/erkek-mavi-5-li-pamuklu-boxer-10000001218448/
MS-T14003005A-MAVI-XXL,XXL,https://www.marksandspencer.com.tr/erkek-mavi-5-li-pamuklu-boxer-10000001218448/
MS-T14005405A-SIYAH-S,S,https://www.marksandspencer.com.tr/erkek-siyah-mix-autograph-5-li-desenli-boxer-10000001345302/
MS-T14005405A-SIYAH-M,M,https://www.marksandspencer.com.tr/erkek-siyah-mix-autograph-5-li-desenli-boxer-10000001345302/
MS-T14005405A-SIYAH-L,L,https://www.marksandspencer.com.tr/erkek-siyah-mix-autograph-5-li-desenli-boxer-10000001345302/
MS-T14005405A-SIYAH-XL,XL,https://www.marksandspencer.com.tr/erkek-siyah-mix-autograph-5-li-desenli-boxer-10000001345302/
MS-T14005405A-SIYAH-XXL,XXL,https://www.marksandspencer.com.tr/erkek-siyah-mix-autograph-5-li-desenli-boxer-10000001345302/
MS-T14005107S-MAVI-S,S,https://www.marksandspencer.com.tr/erkek-mavi-mix-3-lu-trunk-seti-10000001345199/
MS-T14005107S-MAVI-M,M,https://www.marksandspencer.com.tr/erkek-mavi-mix-3-lu-trunk-seti-10000001345199/
MS-T14005107S-MAVI-L,L,https://www.marksandspencer.com.tr/erkek-mavi-mix-3-lu-trunk-seti-10000001345199/
MS-T14005107S-MAVI-XL,XL,https://www.marksandspencer.com.tr/erkek-mavi-mix-3-lu-trunk-seti-10000001345199/
MS-T14005107S-MAVI-XXL,XXL,https://www.marksandspencer.com.tr/erkek-mavi-mix-3-lu-trunk-seti-10000001345199/
MS-T14006814S-LACIVERT-S,S,https://www.marksandspencer.com.tr/erkek-lacivert-5-li-pamuklu-slip-10000001345025/
MS-T14006814S-LACIVERT-M,M,https://www.marksandspencer.com.tr/erkek-lacivert-5-li-pamuklu-slip-10000001345025/
MS-T14006814S-LACIVERT-L,L,https://www.marksandspencer.com.tr/erkek-lacivert-5-li-pamuklu-slip-10000001345025/
MS-T14006814S-LACIVERT-XL,XL,https://www.marksandspencer.com.tr/erkek-lacivert-5-li-pamuklu-slip-10000001345025/
MS-T14006814S-LACIVERT-XXL,XXL,https://www.marksandspencer.com.tr/erkek-lacivert-5-li-pamuklu-slip-10000001345025/
MS-T14002558F-MAVI-S,S,https://www.marksandspencer.com.tr/erkek-mavi-mix-5-li-desenli-slip-10000001345074/
MS-T14002558F-MAVI-M,M,https://www.marksandspencer.com.tr/erkek-mavi-mix-5-li-desenli-slip-10000001345074/
MS-T14002558F-MAVI-L,L,https://www.marksandspencer.com.tr/erkek-mavi-mix-5-li-desenli-slip-10000001345074/
MS-T14002558F-MAVI-XL,XL,https://www.marksandspencer.com.tr/erkek-mavi-mix-5-li-desenli-slip-10000001345074/
MS-T14002558F-MAVI-XXL,XXL,https://www.marksandspencer.com.tr/erkek-mavi-mix-5-li-desenli-slip-10000001345074/
MS-T14004835F-MULTI-S,S,https://www.marksandspencer.com.tr/erkek-multi-renk-5-li-trunk-seti-10000001345153/
MS-T14004835F-MULTI-M,M,https://www.marksandspencer.com.tr/erkek-multi-renk-5-li-trunk-seti-10000001345153/
MS-T14004835F-MULTI-L,L,https://www.marksandspencer.com.tr/erkek-multi-renk-5-li-trunk-seti-10000001345153/
MS-T14004835F-MULTI-XL,XL,https://www.marksandspencer.com.tr/erkek-multi-renk-5-li-trunk-seti-10000001345153/
MS-T14004835F-MULTI-XXL,XXL,https://www.marksandspencer.com.tr/erkek-multi-renk-5-li-trunk-seti-10000001345153/
MS-T14008382F-MAVI-S,S,https://www.marksandspencer.com.tr/erkek-mavi-mix-cool-fresh-5-li-boxer-10000001345224/
MS-T14008382F-MAVI-M,M,https://www.marksandspencer.com.tr/erkek-mavi-mix-cool-fresh-5-li-boxer-10000001345224/
MS-T14008382F-MAVI-L,L,https://www.marksandspencer.com.tr/erkek-mavi-mix-cool-fresh-5-li-boxer-10000001345224/
MS-T14008382F-MAVI-XL,XL,https://www.marksandspencer.com.tr/erkek-mavi-mix-cool-fresh-5-li-boxer-10000001345224/
MS-T14008382F-MAVI-XXL,XXL,https://www.marksandspencer.com.tr/erkek-mavi-mix-cool-fresh-5-li-boxer-10000001345224/
MS-T14004825S-MULTI-S,S,https://www.marksandspencer.com.tr/erkek-multi-renk-cool-fresh-5-li-boxer-10000001345293/
MS-T14004825S-MULTI-M,M,https://www.marksandspencer.com.tr/erkek-multi-renk-cool-fresh-5-li-boxer-10000001345293/
MS-T14004825S-MULTI-L,L,https://www.marksandspencer.com.tr/erkek-multi-renk-cool-fresh-5-li-boxer-10000001345293/
MS-T14004825S-MULTI-XL,XL,https://www.marksandspencer.com.tr/erkek-multi-renk-cool-fresh-5-li-boxer-10000001345293/
MS-T14004825S-MULTI-XXL,XXL,https://www.marksandspencer.com.tr/erkek-multi-renk-cool-fresh-5-li-boxer-10000001345293/
MS-T14004921S-MAVI-S,S,https://www.marksandspencer.com.tr/erkek-mavi-mix-5-li-desenli-hipster-10000001345016/
MS-T14004921S-MAVI-M,M,https://www.marksandspencer.com.tr/erkek-mavi-mix-5-li-desenli-hipster-10000001345016/
MS-T14004921S-MAVI-L,L,https://www.marksandspencer.com.tr/erkek-mavi-mix-5-li-desenli-hipster-10000001345016/
MS-T14004921S-MAVI-XL,XL,https://www.marksandspencer.com.tr/erkek-mavi-mix-5-li-desenli-hipster-10000001345016/
MS-T14004921S-MAVI-XXL,XXL,https://www.marksandspencer.com.tr/erkek-mavi-mix-5-li-desenli-hipster-10000001345016/
MS-T14005407A-SIYAH-S,S,https://www.marksandspencer.com.tr/erkek-siyah-autograph-5li-yatay-trunk-10000001345164/
MS-T14005407A-SIYAH-M,M,https://www.marksandspencer.com.tr/erkek-siyah-autograph-5li-yatay-trunk-10000001345164/
MS-T14005407A-SIYAH-L,L,https://www.marksandspencer.com.tr/erkek-siyah-autograph-5li-yatay-trunk-10000001345164/
MS-T14005407A-SIYAH-XL,XL,https://www.marksandspencer.com.tr/erkek-siyah-autograph-5li-yatay-trunk-10000001345164/
MS-T14005407A-SIYAH-XXL,XXL,https://www.marksandspencer.com.tr/erkek-siyah-autograph-5li-yatay-trunk-10000001345164/
MS-T14005311A-BORDO-S,S,https://www.marksandspencer.com.tr/erkek-bordo-autograph-3-lu-trunk-10000000698707/
MS-T14005311A-BORDO-M,M,https://www.marksandspencer.com.tr/erkek-bordo-autograph-3-lu-trunk-10000000698707/
MS-T14005311A-BORDO-L,L,https://www.marksandspencer.com.tr/erkek-bordo-autograph-3-lu-trunk-10000000698707/
MS-T14005311A-BORDO-XL,XL,https://www.marksandspencer.com.tr/erkek-bordo-autograph-3-lu-trunk-10000000698707/
MS-T14005311A-BORDO-XXL,XXL,https://www.marksandspencer.com.tr/erkek-bordo-autograph-3-lu-trunk-10000000698707/
MS-T14005348A-SIYAH-S,S,https://www.marksandspencer.com.tr/erkek-siyah-mix-autograph-5-li-brief-10000001304471/
MS-T14005348A-SIYAH-M,M,https://www.marksandspencer.com.tr/erkek-siyah-mix-autograph-5-li-brief-10000001304471/
MS-T14005348A-SIYAH-L,L,https://www.marksandspencer.com.tr/erkek-siyah-mix-autograph-5-li-brief-10000001304471/
MS-T14005348A-SIYAH-XL,XL,https://www.marksandspencer.com.tr/erkek-siyah-mix-autograph-5-li-brief-10000001304471/
MS-T14005348A-SIYAH-XXL,XXL,https://www.marksandspencer.com.tr/erkek-siyah-mix-autograph-5-li-brief-10000001304471/
MS-T14005347A-SIYAH-S,S,https://www.marksandspencer.com.tr/erkek-siyah-autograph-yatay-cepli-5li-trunk-10000001345112/
MS-T14005347A-SIYAH-M,M,https://www.marksandspencer.com.tr/erkek-siyah-autograph-yatay-cepli-5li-trunk-10000001345112/
MS-T14005347A-SIYAH-L,L,https://www.marksandspencer.com.tr/erkek-siyah-autograph-yatay-cepli-5li-trunk-10000001345112/
MS-T14005347A-SIYAH-XL,XL,https://www.marksandspencer.com.tr/erkek-siyah-autograph-yatay-cepli-5li-trunk-10000001345112/
MS-T14005347A-SIYAH-XXL,XXL,https://www.marksandspencer.com.tr/erkek-siyah-autograph-yatay-cepli-5li-trunk-10000001345112/
MS-T14005320A-BORDO-S,S,https://www.marksandspencer.com.tr/erkek-bordo-3-lu-autograph-brief-10000000698712/
MS-T14005320A-BORDO-M,M,https://www.marksandspencer.com.tr/erkek-bordo-3-lu-autograph-brief-10000000698712/
MS-T14005320A-BORDO-L,L,https://www.marksandspencer.com.tr/erkek-bordo-3-lu-autograph-brief-10000000698712/
MS-T14005320A-BORDO-XL,XL,https://www.marksandspencer.com.tr/erkek-bordo-3-lu-autograph-brief-10000000698712/
MS-T14005320A-BORDO-XXL,XXL,https://www.marksandspencer.com.tr/erkek-bordo-3-lu-autograph-brief-10000000698712/
MS-T14008177V-SIYAH-S,S,https://www.marksandspencer.com.tr/erkek-siyah-5-li-trunk-seti-10000000660250/?integration_color=BLACK
MS-T14008177V-SIYAH-M,M,https://www.marksandspencer.com.tr/erkek-siyah-5-li-trunk-seti-10000000660250/?integration_color=BLACK
MS-T14008177V-SIYAH-L,L,https://www.marksandspencer.com.tr/erkek-siyah-5-li-trunk-seti-10000000660250/?integration_color=BLACK
MS-T14008177V-SIYAH-XL,XL,https://www.marksandspencer.com.tr/erkek-siyah-5-li-trunk-seti-10000000660250/?integration_color=BLACK
MS-T14008177V-SIYAH-XXL,XXL,https://www.marksandspencer.com.tr/erkek-siyah-5-li-trunk-seti-10000000660250/?integration_color=BLACK
MS-T14008177V-BEYAZ-S,S,https://www.marksandspencer.com.tr/erkek-siyah-5-li-trunk-seti-10000000660250/?integration_color=WHITE
MS-T14008177V-BEYAZ-M,M,https://www.marksandspencer.com.tr/erkek-siyah-5-li-trunk-seti-10000000660250/?integration_color=WHITE
MS-T14008177V-BEYAZ-L,L,https://www.marksandspencer.com.tr/erkek-siyah-5-li-trunk-seti-10000000660250/?integration_color=WHITE
MS-T14008177V-BEYAZ-XL,XL,https://www.marksandspencer.com.tr/erkek-siyah-5-li-trunk-seti-10000000660250/?integration_color=WHITE
MS-T14008177V-BEYAZ-XXL,XXL,https://www.marksandspencer.com.tr/erkek-siyah-5-li-trunk-seti-10000000660250/?integration_color=WHITE
MS-T14006812S-BORDO-S,S,https://www.marksandspencer.com.tr/erkek-bordo-5-li-desenli-brief-seti-10000001345056/
MS-T14006812S-BORDO-M,M,https://www.marksandspencer.com.tr/erkek-bordo-5-li-desenli-brief-seti-10000001345056/
MS-T14006812S-BORDO-L,L,https://www.marksandspencer.com.tr/erkek-bordo-5-li-desenli-brief-seti-10000001345056/
MS-T14006812S-BORDO-XL,XL,https://www.marksandspencer.com.tr/erkek-bordo-5-li-desenli-brief-seti-10000001345056/
MS-T14006812S-BORDO-XXL,XXL,https://www.marksandspencer.com.tr/erkek-bordo-5-li-desenli-brief-seti-10000001345056/
MS-T14008383F-MAVI-S,S,https://www.marksandspencer.com.tr/erkek-mavi-5-li-geometrik-desenli-boxer-seti-10000001345196/
MS-T14008383F-MAVI-M,M,https://www.marksandspencer.com.tr/erkek-mavi-5-li-geometrik-desenli-boxer-seti-10000001345196/
MS-T14008383F-MAVI-L,L,https://www.marksandspencer.com.tr/erkek-mavi-5-li-geometrik-desenli-boxer-seti-10000001345196/
MS-T14008383F-MAVI-XL,XL,https://www.marksandspencer.com.tr/erkek-mavi-5-li-geometrik-desenli-boxer-seti-10000001345196/
MS-T14008383F-MAVI-XXL,XXL,https://www.marksandspencer.com.tr/erkek-mavi-5-li-geometrik-desenli-boxer-seti-10000001345196/
MS-T14005337A-MULTI-S,S,https://www.marksandspencer.com.tr/erkek-multi-renk-autograph-5-li-trunk-10000001109178/
MS-T14005337A-MULTI-M,M,https://www.marksandspencer.com.tr/erkek-multi-renk-autograph-5-li-trunk-10000001109178/
MS-T14005337A-MULTI-L,L,https://www.marksandspencer.com.tr/erkek-multi-renk-autograph-5-li-trunk-10000001109178/
MS-T14005337A-MULTI-XL,XL,https://www.marksandspencer.com.tr/erkek-multi-renk-autograph-5-li-trunk-10000001109178/
MS-T14005337A-MULTI-XXL,XXL,https://www.marksandspencer.com.tr/erkek-multi-renk-autograph-5-li-trunk-10000001109178/
MS-T14004826S-MAVI-S,S,https://www.marksandspencer.com.tr/erkek-mavi-mix-5-li-pamuklu-trunk-10000001344987/
MS-T14004826S-MAVI-M,M,https://www.marksandspencer.com.tr/erkek-mavi-mix-5-li-pamuklu-trunk-10000001344987/
MS-T14004826S-MAVI-L,L,https://www.marksandspencer.com.tr/erkek-mavi-mix-5-li-pamuklu-trunk-10000001344987/
MS-T14004826S-MAVI-XL,XL,https://www.marksandspencer.com.tr/erkek-mavi-mix-5-li-pamuklu-trunk-10000001344987/
MS-T14004826S-MAVI-XXL,XXL,https://www.marksandspencer.com.tr/erkek-mavi-mix-5-li-pamuklu-trunk-10000001344987/
MS-T14005091A-MULTI-S,S,https://www.marksandspencer.com.tr/erkek-multi-renk-5-li-trunk-seti-10000001142076/
MS-T14005091A-MULTI-M,M,https://www.marksandspencer.com.tr/erkek-multi-renk-5-li-trunk-seti-10000001142076/
MS-T14005091A-MULTI-L,L,https://www.marksandspencer.com.tr/erkek-multi-renk-5-li-trunk-seti-10000001142076/
MS-T14005091A-MULTI-XL,XL,https://www.marksandspencer.com.tr/erkek-multi-renk-5-li-trunk-seti-10000001142076/
MS-T14005091A-MULTI-XXL,XXL,https://www.marksandspencer.com.tr/erkek-multi-renk-5-li-trunk-seti-10000001142076/
MS-T37001005A-KREM-34,34,https://www.marksandspencer.com.tr/kadin-krem-autograph-saten-uzun-askili-gecelik-10000001390259/?integration_color=IVORY
MS-T37001005A-KREM-36,36,https://www.marksandspencer.com.tr/kadin-krem-autograph-saten-uzun-askili-gecelik-10000001390259/?integration_color=IVORY
MS-T37001005A-KREM-38,38,https://www.marksandspencer.com.tr/kadin-krem-autograph-saten-uzun-askili-gecelik-10000001390259/?integration_color=IVORY
MS-T37001005A-KREM-40,40,https://www.marksandspencer.com.tr/kadin-krem-autograph-saten-uzun-askili-gecelik-10000001390259/?integration_color=IVORY
MS-T37001005A-KREM-42,42,https://www.marksandspencer.com.tr/kadin-krem-autograph-saten-uzun-askili-gecelik-10000001390259/?integration_color=IVORY
MS-T37001005A-KREM-44,44,https://www.marksandspencer.com.tr/kadin-krem-autograph-saten-uzun-askili-gecelik-10000001390259/?integration_color=IVORY
MS-T37001005A-KREM-46,46,https://www.marksandspencer.com.tr/kadin-krem-autograph-saten-uzun-askili-gecelik-10000001390259/?integration_color=IVORY
MS-T37001005A-KREM-48,48,https://www.marksandspencer.com.tr/kadin-krem-autograph-saten-uzun-askili-gecelik-10000001390259/?integration_color=IVORY
MS-T37001005A-KREM-50,50,https://www.marksandspencer.com.tr/kadin-krem-autograph-saten-uzun-askili-gecelik-10000001390259/?integration_color=IVORY
MS-T37001005A-KREM-52,52,https://www.marksandspencer.com.tr/kadin-krem-autograph-saten-uzun-askili-gecelik-10000001390259/?integration_color=IVORY
MS-T37001005A-SIYAH-34,34,https://www.marksandspencer.com.tr/kadin-krem-autograph-saten-uzun-askili-gecelik-10000001390259/?integration_color=BLACK
MS-T37001005A-SIYAH-36,36,https://www.marksandspencer.com.tr/kadin-krem-autograph-saten-uzun-askili-gecelik-10000001390259/?integration_color=BLACK
MS-T37001005A-SIYAH-38,38,https://www.marksandspencer.com.tr/kadin-krem-autograph-saten-uzun-askili-gecelik-10000001390259/?integration_color=BLACK
MS-T37001005A-SIYAH-40,40,https://www.marksandspencer.com.tr/kadin-krem-autograph-saten-uzun-askili-gecelik-10000001390259/?integration_color=BLACK
MS-T37001005A-SIYAH-42,42,https://www.marksandspencer.com.tr/kadin-krem-autograph-saten-uzun-askili-gecelik-10000001390259/?integration_color=BLACK
MS-T37001005A-SIYAH-44,44,https://www.marksandspencer.com.tr/kadin-krem-autograph-saten-uzun-askili-gecelik-10000001390259/?integration_color=BLACK
MS-T37001005A-SIYAH-46,46,https://www.marksandspencer.com.tr/kadin-krem-autograph-saten-uzun-askili-gecelik-10000001390259/?integration_color=BLACK
MS-T37001005A-SIYAH-48,48,https://www.marksandspencer.com.tr/kadin-krem-autograph-saten-uzun-askili-gecelik-10000001390259/?integration_color=BLACK
MS-T37001005A-SIYAH-50,50,https://www.marksandspencer.com.tr/kadin-krem-autograph-saten-uzun-askili-gecelik-10000001390259/?integration_color=BLACK
MS-T37001005A-SIYAH-52,52,https://www.marksandspencer.com.tr/kadin-krem-autograph-saten-uzun-askili-gecelik-10000001390259/?integration_color=BLACK
MS-T37001005A-KAHVE-34,34,https://www.marksandspencer.com.tr/kadin-krem-autograph-saten-uzun-askili-gecelik-10000001390259/?integration_color=MEDIUM+BROWN
MS-T37001005A-KAHVE-36,36,https://www.marksandspencer.com.tr/kadin-krem-autograph-saten-uzun-askili-gecelik-10000001390259/?integration_color=MEDIUM+BROWN
MS-T37001005A-KAHVE-38,38,https://www.marksandspencer.com.tr/kadin-krem-autograph-saten-uzun-askili-gecelik-10000001390259/?integration_color=MEDIUM+BROWN
MS-T37001005A-KAHVE-40,40,https://www.marksandspencer.com.tr/kadin-krem-autograph-saten-uzun-askili-gecelik-10000001390259/?integration_color=MEDIUM+BROWN
MS-T37001005A-KAHVE-42,42,https://www.marksandspencer.com.tr/kadin-krem-autograph-saten-uzun-askili-gecelik-10000001390259/?integration_color=MEDIUM+BROWN
MS-T37001005A-KAHVE-44,44,https://www.marksandspencer.com.tr/kadin-krem-autograph-saten-uzun-askili-gecelik-10000001390259/?integration_color=MEDIUM+BROWN
MS-T37001005A-KAHVE-46,46,https://www.marksandspencer.com.tr/kadin-krem-autograph-saten-uzun-askili-gecelik-10000001390259/?integration_color=MEDIUM+BROWN
MS-T37001005A-KAHVE-48,48,https://www.marksandspencer.com.tr/kadin-krem-autograph-saten-uzun-askili-gecelik-10000001390259/?integration_color=MEDIUM+BROWN
MS-T37001005A-KAHVE-50,50,https://www.marksandspencer.com.tr/kadin-krem-autograph-saten-uzun-askili-gecelik-10000001390259/?integration_color=MEDIUM+BROWN
MS-T37001005A-KAHVE-52,52,https://www.marksandspencer.com.tr/kadin-krem-autograph-saten-uzun-askili-gecelik-10000001390259/?integration_color=MEDIUM+BROWN
MS-T37003381M-GRI-XS,XS,https://www.marksandspencer.com.tr/kadin-sari-pamuk-karisimli-gecelik-10000001391936/?integration_color=GREY+MIX
MS-T37003381M-GRI-S,S,https://www.marksandspencer.com.tr/kadin-sari-pamuk-karisimli-gecelik-10000001391936/?integration_color=GREY+MIX
MS-T37003381M-GRI-M,M,https://www.marksandspencer.com.tr/kadin-sari-pamuk-karisimli-gecelik-10000001391936/?integration_color=GREY+MIX
MS-T37003381M-GRI-L,L,https://www.marksandspencer.com.tr/kadin-sari-pamuk-karisimli-gecelik-10000001391936/?integration_color=GREY+MIX
MS-T37003381M-GRI-XL,XL,https://www.marksandspencer.com.tr/kadin-sari-pamuk-karisimli-gecelik-10000001391936/?integration_color=GREY+MIX
MS-T37003381M-GRI-XXL,XXL,https://www.marksandspencer.com.tr/kadin-sari-pamuk-karisimli-gecelik-10000001391936/?integration_color=GREY+MIX
MS-T37003381M-SARI-XS,XS,https://www.marksandspencer.com.tr/kadin-sari-pamuk-karisimli-gecelik-10000001391936/?integration_color=YELLOW+MIX
MS-T37003381M-SARI-S,S,https://www.marksandspencer.com.tr/kadin-sari-pamuk-karisimli-gecelik-10000001391936/?integration_color=YELLOW+MIX
MS-T37003381M-SARI-M,M,https://www.marksandspencer.com.tr/kadin-sari-pamuk-karisimli-gecelik-10000001391936/?integration_color=YELLOW+MIX
MS-T37003381M-SARI-L,L,https://www.marksandspencer.com.tr/kadin-sari-pamuk-karisimli-gecelik-10000001391936/?integration_color=YELLOW+MIX
MS-T37003381M-SARI-XL,XL,https://www.marksandspencer.com.tr/kadin-sari-pamuk-karisimli-gecelik-10000001391936/?integration_color=YELLOW+MIX
MS-T37003381M-SARI-XXL,XXL,https://www.marksandspencer.com.tr/kadin-sari-pamuk-karisimli-gecelik-10000001391936/?integration_color=YELLOW+MIX
MS-T37003381M-PEMBE-XS,XS,https://www.marksandspencer.com.tr/kadin-sari-pamuk-karisimli-gecelik-10000001391936/?integration_color=PINK+MIX
MS-T37003381M-PEMBE-S,S,https://www.marksandspencer.com.tr/kadin-sari-pamuk-karisimli-gecelik-10000001391936/?integration_color=PINK+MIX
MS-T37003381M-PEMBE-M,M,https://www.marksandspencer.com.tr/kadin-sari-pamuk-karisimli-gecelik-10000001391936/?integration_color=PINK+MIX
MS-T37003381M-PEMBE-L,L,https://www.marksandspencer.com.tr/kadin-sari-pamuk-karisimli-gecelik-10000001391936/?integration_color=PINK+MIX
MS-T37003381M-PEMBE-XL,XL,https://www.marksandspencer.com.tr/kadin-sari-pamuk-karisimli-gecelik-10000001391936/?integration_color=PINK+MIX
MS-T37003381M-PEMBE-XXL,XXL,https://www.marksandspencer.com.tr/kadin-sari-pamuk-karisimli-gecelik-10000001391936/?integration_color=PINK+MIX
MS-T37003381M-MAVI-XS,XS,https://www.marksandspencer.com.tr/kadin-sari-pamuk-karisimli-gecelik-10000001391936/?integration_color=PINK+MIX
MS-T37003381M-MAVI-S,S,https://www.marksandspencer.com.tr/kadin-sari-pamuk-karisimli-gecelik-10000001391936/?integration_color=PINK+MIX
MS-T37003381M-MAVI-M,M,https://www.marksandspencer.com.tr/kadin-sari-pamuk-karisimli-gecelik-10000001391936/?integration_color=PINK+MIX
MS-T37003381M-MAVI-L,L,https://www.marksandspencer.com.tr/kadin-sari-pamuk-karisimli-gecelik-10000001391936/?integration_color=PINK+MIX
MS-T37003381M-MAVI-XL,XL,https://www.marksandspencer.com.tr/kadin-sari-pamuk-karisimli-gecelik-10000001391936/?integration_color=PINK+MIX
MS-T37003381M-MAVI-XXL,XXL,https://www.marksandspencer.com.tr/kadin-sari-pamuk-karisimli-gecelik-10000001391936/?integration_color=PINK+MIX
MS-T37005150C-SARI-34,34,https://www.marksandspencer.com.tr/kadin-sari-muslin-kisa-gecelik-10000001315233/
MS-T37005150C-SARI-36,36,https://www.marksandspencer.com.tr/kadin-sari-muslin-kisa-gecelik-10000001315233/
MS-T37005150C-SARI-38,38,https://www.marksandspencer.com.tr/kadin-sari-muslin-kisa-gecelik-10000001315233/
MS-T37005150C-SARI-40,40,https://www.marksandspencer.com.tr/kadin-sari-muslin-kisa-gecelik-10000001315233/
MS-T37005150C-SARI-42,42,https://www.marksandspencer.com.tr/kadin-sari-muslin-kisa-gecelik-10000001315233/
MS-T37005150C-SARI-44,44,https://www.marksandspencer.com.tr/kadin-sari-muslin-kisa-gecelik-10000001315233/
MS-T37005150C-SARI-46,46,https://www.marksandspencer.com.tr/kadin-sari-muslin-kisa-gecelik-10000001315233/
MS-T37005150C-SARI-48,48,https://www.marksandspencer.com.tr/kadin-sari-muslin-kisa-gecelik-10000001315233/
MS-T37005150C-SARI-50,50,https://www.marksandspencer.com.tr/kadin-sari-muslin-kisa-gecelik-10000001315233/
MS-T37005150C-SARI-52,52,https://www.marksandspencer.com.tr/kadin-sari-muslin-kisa-gecelik-10000001315233/
MS-T37007047Q-SIYAH-34,34,https://www.marksandspencer.com.tr/kadin-siyah-saten-dantel-detayli-gecelik-10000001392602/
MS-T37007047Q-SIYAH-36,36,https://www.marksandspencer.com.tr/kadin-siyah-saten-dantel-detayli-gecelik-10000001392602/
MS-T37007047Q-SIYAH-38,38,https://www.marksandspencer.com.tr/kadin-siyah-saten-dantel-detayli-gecelik-10000001392602/
MS-T37007047Q-SIYAH-40,40,https://www.marksandspencer.com.tr/kadin-siyah-saten-dantel-detayli-gecelik-10000001392602/
MS-T37007047Q-SIYAH-42,42,https://www.marksandspencer.com.tr/kadin-siyah-saten-dantel-detayli-gecelik-10000001392602/
MS-T37007047Q-SIYAH-44,44,https://www.marksandspencer.com.tr/kadin-siyah-saten-dantel-detayli-gecelik-10000001392602/
MS-T37007047Q-SIYAH-46,46,https://www.marksandspencer.com.tr/kadin-siyah-saten-dantel-detayli-gecelik-10000001392602/
MS-T37007047Q-SIYAH-48,48,https://www.marksandspencer.com.tr/kadin-siyah-saten-dantel-detayli-gecelik-10000001392602/
MS-T37007047Q-SIYAH-50,50,https://www.marksandspencer.com.tr/kadin-siyah-saten-dantel-detayli-gecelik-10000001392602/
MS-T37007047Q-SIYAH-52,52,https://www.marksandspencer.com.tr/kadin-siyah-saten-dantel-detayli-gecelik-10000001392602/
MS-T37006266N-SIYAH-XS,XS,https://www.marksandspencer.com.tr/kadin-kirmizi-fitilli-revere-yaka-dugmeli-gecelik-10000001389938/?integration_color=BLACK
MS-T37006266N-SIYAH-S,S,https://www.marksandspencer.com.tr/kadin-kirmizi-fitilli-revere-yaka-dugmeli-gecelik-10000001389938/?integration_color=BLACK
MS-T37006266N-SIYAH-M,M,https://www.marksandspencer.com.tr/kadin-kirmizi-fitilli-revere-yaka-dugmeli-gecelik-10000001389938/?integration_color=BLACK
MS-T37006266N-SIYAH-L,L,https://www.marksandspencer.com.tr/kadin-kirmizi-fitilli-revere-yaka-dugmeli-gecelik-10000001389938/?integration_color=BLACK
MS-T37006266N-SIYAH-XL,XL,https://www.marksandspencer.com.tr/kadin-kirmizi-fitilli-revere-yaka-dugmeli-gecelik-10000001389938/?integration_color=BLACK
MS-T37006266N-SIYAH-XXL,XXL,https://www.marksandspencer.com.tr/kadin-kirmizi-fitilli-revere-yaka-dugmeli-gecelik-10000001389938/?integration_color=BLACK
MS-T37006266N-KIRMIZI-XS,XS,https://www.marksandspencer.com.tr/kadin-kirmizi-fitilli-revere-yaka-dugmeli-gecelik-10000001389938/?integration_color=RED
MS-T37006266N-KIRMIZI-S,S,https://www.marksandspencer.com.tr/kadin-kirmizi-fitilli-revere-yaka-dugmeli-gecelik-10000001389938/?integration_color=RED
MS-T37006266N-KIRMIZI-M,M,https://www.marksandspencer.com.tr/kadin-kirmizi-fitilli-revere-yaka-dugmeli-gecelik-10000001389938/?integration_color=RED
MS-T37006266N-KIRMIZI-L,L,https://www.marksandspencer.com.tr/kadin-kirmizi-fitilli-revere-yaka-dugmeli-gecelik-10000001389938/?integration_color=RED
MS-T37006266N-KIRMIZI-XL,XL,https://www.marksandspencer.com.tr/kadin-kirmizi-fitilli-revere-yaka-dugmeli-gecelik-10000001389938/?integration_color=RED
MS-T37006266N-KIRMIZI-XXL,XXL,https://www.marksandspencer.com.tr/kadin-kirmizi-fitilli-revere-yaka-dugmeli-gecelik-10000001389938/?integration_color=RED
MS-T37003378M-MAVI-XXS,XXS,https://www.marksandspencer.com.tr/kadin-mavi-mix-cool-comfort-pamuk-modal-gecelik-10000001390400/?integration_color=BLUE+MIX
MS-T37003378M-MAVI-XS,XS,https://www.marksandspencer.com.tr/kadin-mavi-mix-cool-comfort-pamuk-modal-gecelik-10000001390400/?integration_color=BLUE+MIX
MS-T37003378M-MAVI-S,S,https://www.marksandspencer.com.tr/kadin-mavi-mix-cool-comfort-pamuk-modal-gecelik-10000001390400/?integration_color=BLUE+MIX
MS-T37003378M-MAVI-M,M,https://www.marksandspencer.com.tr/kadin-mavi-mix-cool-comfort-pamuk-modal-gecelik-10000001390400/?integration_color=BLUE+MIX
MS-T37003378M-MAVI-L,L,https://www.marksandspencer.com.tr/kadin-mavi-mix-cool-comfort-pamuk-modal-gecelik-10000001390400/?integration_color=BLUE+MIX
MS-T37003378M-MAVI-XL,XL,https://www.marksandspencer.com.tr/kadin-mavi-mix-cool-comfort-pamuk-modal-gecelik-10000001390400/?integration_color=BLUE+MIX
MS-T37003378M-MAVI-XXL,XXL,https://www.marksandspencer.com.tr/kadin-mavi-mix-cool-comfort-pamuk-modal-gecelik-10000001390400/?integration_color=BLUE+MIX
MS-T37003378M-GRI-XXS,XXS,https://www.marksandspencer.com.tr/kadin-mavi-mix-cool-comfort-pamuk-modal-gecelik-10000001390400/?integration_color=GREY+MIX
MS-T37003378M-GRI-XS,XS,https://www.marksandspencer.com.tr/kadin-mavi-mix-cool-comfort-pamuk-modal-gecelik-10000001390400/?integration_color=GREY+MIX
MS-T37003378M-GRI-S,S,https://www.marksandspencer.com.tr/kadin-mavi-mix-cool-comfort-pamuk-modal-gecelik-10000001390400/?integration_color=GREY+MIX
MS-T37003378M-GRI-M,M,https://www.marksandspencer.com.tr/kadin-mavi-mix-cool-comfort-pamuk-modal-gecelik-10000001390400/?integration_color=GREY+MIX
MS-T37003378M-GRI-L,L,https://www.marksandspencer.com.tr/kadin-mavi-mix-cool-comfort-pamuk-modal-gecelik-10000001390400/?integration_color=GREY+MIX
MS-T37003378M-GRI-XL,XL,https://www.marksandspencer.com.tr/kadin-mavi-mix-cool-comfort-pamuk-modal-gecelik-10000001390400/?integration_color=GREY+MIX
MS-T37003378M-GRI-XXL,XXL,https://www.marksandspencer.com.tr/kadin-mavi-mix-cool-comfort-pamuk-modal-gecelik-10000001390400/?integration_color=GREY+MIX
MS-T37006265N-KREM-XS,XS,https://www.marksandspencer.com.tr/kadin-kirmizi-pamuk-modal-gecelik-10000001224649/?integration_color=NATURAL
MS-T37006265N-KREM-S,S,https://www.marksandspencer.com.tr/kadin-kirmizi-pamuk-modal-gecelik-10000001224649/?integration_color=NATURAL
MS-T37006265N-KREM-M,M,https://www.marksandspencer.com.tr/kadin-kirmizi-pamuk-modal-gecelik-10000001224649/?integration_color=NATURAL
MS-T37006265N-KREM-L,L,https://www.marksandspencer.com.tr/kadin-kirmizi-pamuk-modal-gecelik-10000001224649/?integration_color=NATURAL
MS-T37006265N-KREM-XL,XL,https://www.marksandspencer.com.tr/kadin-kirmizi-pamuk-modal-gecelik-10000001224649/?integration_color=NATURAL
MS-T37006265N-KREM-XXL,XXL,https://www.marksandspencer.com.tr/kadin-kirmizi-pamuk-modal-gecelik-10000001224649/?integration_color=NATURAL
MS-T37006265N-KIRMIZI-XS,XS,https://www.marksandspencer.com.tr/kadin-kirmizi-pamuk-modal-gecelik-10000001224649/?integration_color=RED
MS-T37006265N-KIRMIZI-S,S,https://www.marksandspencer.com.tr/kadin-kirmizi-pamuk-modal-gecelik-10000001224649/?integration_color=RED
MS-T37006265N-KIRMIZI-M,M,https://www.marksandspencer.com.tr/kadin-kirmizi-pamuk-modal-gecelik-10000001224649/?integration_color=RED
MS-T37006265N-KIRMIZI-L,L,https://www.marksandspencer.com.tr/kadin-kirmizi-pamuk-modal-gecelik-10000001224649/?integration_color=RED
MS-T37006265N-KIRMIZI-XL,XL,https://www.marksandspencer.com.tr/kadin-kirmizi-pamuk-modal-gecelik-10000001224649/?integration_color=RED
MS-T37006265N-KIRMIZI-XXL,XXL,https://www.marksandspencer.com.tr/kadin-kirmizi-pamuk-modal-gecelik-10000001224649/?integration_color=RED
MS-T37003369M-KAHVE-XS,XS,https://www.marksandspencer.com.tr/kadin-kahverengi-saf-pamuklu-baskili-gecelik-10000001203093/
MS-T37003369M-KAHVE-S,S,https://www.marksandspencer.com.tr/kadin-kahverengi-saf-pamuklu-baskili-gecelik-10000001203093/
MS-T37003369M-KAHVE-M,M,https://www.marksandspencer.com.tr/kadin-kahverengi-saf-pamuklu-baskili-gecelik-10000001203093/
MS-T37003369M-KAHVE-L,L,https://www.marksandspencer.com.tr/kadin-kahverengi-saf-pamuklu-baskili-gecelik-10000001203093/
MS-T37003369M-KAHVE-XL,XL,https://www.marksandspencer.com.tr/kadin-kahverengi-saf-pamuklu-baskili-gecelik-10000001203093/
MS-T37003369M-KAHVE-XXL,XXL,https://www.marksandspencer.com.tr/kadin-kahverengi-saf-pamuklu-baskili-gecelik-10000001203093/
MS-T37006267N-MAVI-34,34,https://www.marksandspencer.com.tr/kadin-mavi-mix-100-pamuk-poplin-cizgili-pijama-ustu-10000001392331/
MS-T37006267N-MAVI-36,36,https://www.marksandspencer.com.tr/kadin-mavi-mix-100-pamuk-poplin-cizgili-pijama-ustu-10000001392331/
MS-T37006267N-MAVI-38,38,https://www.marksandspencer.com.tr/kadin-mavi-mix-100-pamuk-poplin-cizgili-pijama-ustu-10000001392331/
MS-T37006267N-MAVI-40,40,https://www.marksandspencer.com.tr/kadin-mavi-mix-100-pamuk-poplin-cizgili-pijama-ustu-10000001392331/
MS-T37006267N-MAVI-42,42,https://www.marksandspencer.com.tr/kadin-mavi-mix-100-pamuk-poplin-cizgili-pijama-ustu-10000001392331/
MS-T37006267N-MAVI-44,44,https://www.marksandspencer.com.tr/kadin-mavi-mix-100-pamuk-poplin-cizgili-pijama-ustu-10000001392331/
MS-T37006267N-MAVI-46,46,https://www.marksandspencer.com.tr/kadin-mavi-mix-100-pamuk-poplin-cizgili-pijama-ustu-10000001392331/
MS-T37006267N-MAVI-48,48,https://www.marksandspencer.com.tr/kadin-mavi-mix-100-pamuk-poplin-cizgili-pijama-ustu-10000001392331/
MS-T37006267N-MAVI-50,50,https://www.marksandspencer.com.tr/kadin-mavi-mix-100-pamuk-poplin-cizgili-pijama-ustu-10000001392331/
MS-T37006267N-MAVI-52,52,https://www.marksandspencer.com.tr/kadin-mavi-mix-100-pamuk-poplin-cizgili-pijama-ustu-10000001392331/
MS-T37006267N-PEMBE-34,34,https://www.marksandspencer.com.tr/kadin-mavi-mix-100-pamuk-poplin-cizgili-pijama-ustu-10000001392331/?integration_color=PINK+MIX
MS-T37006267N-PEMBE-36,36,https://www.marksandspencer.com.tr/kadin-mavi-mix-100-pamuk-poplin-cizgili-pijama-ustu-10000001392331/?integration_color=PINK+MIX
MS-T37006267N-PEMBE-38,38,https://www.marksandspencer.com.tr/kadin-mavi-mix-100-pamuk-poplin-cizgili-pijama-ustu-10000001392331/?integration_color=PINK+MIX
MS-T37006267N-PEMBE-40,40,https://www.marksandspencer.com.tr/kadin-mavi-mix-100-pamuk-poplin-cizgili-pijama-ustu-10000001392331/?integration_color=PINK+MIX
MS-T37006267N-PEMBE-42,42,https://www.marksandspencer.com.tr/kadin-mavi-mix-100-pamuk-poplin-cizgili-pijama-ustu-10000001392331/?integration_color=PINK+MIX
MS-T37006267N-PEMBE-44,44,https://www.marksandspencer.com.tr/kadin-mavi-mix-100-pamuk-poplin-cizgili-pijama-ustu-10000001392331/?integration_color=PINK+MIX
MS-T37006267N-PEMBE-46,46,https://www.marksandspencer.com.tr/kadin-mavi-mix-100-pamuk-poplin-cizgili-pijama-ustu-10000001392331/?integration_color=PINK+MIX
MS-T37006267N-PEMBE-48,48,https://www.marksandspencer.com.tr/kadin-mavi-mix-100-pamuk-poplin-cizgili-pijama-ustu-10000001392331/?integration_color=PINK+MIX
MS-T37006267N-PEMBE-50,50,https://www.marksandspencer.com.tr/kadin-mavi-mix-100-pamuk-poplin-cizgili-pijama-ustu-10000001392331/?integration_color=PINK+MIX
MS-T37006267N-PEMBE-52,52,https://www.marksandspencer.com.tr/kadin-mavi-mix-100-pamuk-poplin-cizgili-pijama-ustu-10000001392331/?integration_color=PINK+MIX
MS-T37004628F-SIYAH-XS,XS,https://www.marksandspencer.com.tr/kadin-siyah-mix-saf-pamuklu-baskili-pijama-takimi-10000001391842/
MS-T37004628F-SIYAH-S,S,https://www.marksandspencer.com.tr/kadin-siyah-mix-saf-pamuklu-baskili-pijama-takimi-10000001391842/
MS-T37004628F-SIYAH-M,M,https://www.marksandspencer.com.tr/kadin-siyah-mix-saf-pamuklu-baskili-pijama-takimi-10000001391842/
MS-T37004628F-SIYAH-L,L,https://www.marksandspencer.com.tr/kadin-siyah-mix-saf-pamuklu-baskili-pijama-takimi-10000001391842/
MS-T37004628F-SIYAH-XL,XL,https://www.marksandspencer.com.tr/kadin-siyah-mix-saf-pamuklu-baskili-pijama-takimi-10000001391842/
MS-T37004628F-SIYAH-XXL,XXL,https://www.marksandspencer.com.tr/kadin-siyah-mix-saf-pamuklu-baskili-pijama-takimi-10000001391842/
MS-T37003487S-BEYAZ-34,34,https://www.marksandspencer.com.tr/kadin-cok-renkli-pamuklu-pijama-alti-10000001391736/
MS-T37003487S-BEYAZ-36,36,https://www.marksandspencer.com.tr/kadin-cok-renkli-pamuklu-pijama-alti-10000001391736/
MS-T37003487S-BEYAZ-38,38,https://www.marksandspencer.com.tr/kadin-cok-renkli-pamuklu-pijama-alti-10000001391736/
MS-T37003487S-BEYAZ-40,40,https://www.marksandspencer.com.tr/kadin-cok-renkli-pamuklu-pijama-alti-10000001391736/
MS-T37003487S-BEYAZ-42,42,https://www.marksandspencer.com.tr/kadin-cok-renkli-pamuklu-pijama-alti-10000001391736/
MS-T37003487S-BEYAZ-44,44,https://www.marksandspencer.com.tr/kadin-cok-renkli-pamuklu-pijama-alti-10000001391736/
MS-T37003487S-BEYAZ-46,46,https://www.marksandspencer.com.tr/kadin-cok-renkli-pamuklu-pijama-alti-10000001391736/
MS-T37003487S-BEYAZ-48,48,https://www.marksandspencer.com.tr/kadin-cok-renkli-pamuklu-pijama-alti-10000001391736/
MS-T37003487S-BEYAZ-50,50,https://www.marksandspencer.com.tr/kadin-cok-renkli-pamuklu-pijama-alti-10000001391736/
MS-T37003487S-BEYAZ-52,52,https://www.marksandspencer.com.tr/kadin-cok-renkli-pamuklu-pijama-alti-10000001391736/
MS-T81006860V-KAHVE-34,34,https://www.marksandspencer.com.tr/kadin-kahverengi-nolana-dantelli-pijama-alti-10000001456177/
MS-T81006860V-KAHVE-36,36,https://www.marksandspencer.com.tr/kadin-kahverengi-nolana-dantelli-pijama-alti-10000001456177/
MS-T81006860V-KAHVE-38,38,https://www.marksandspencer.com.tr/kadin-kahverengi-nolana-dantelli-pijama-alti-10000001456177/
MS-T81006860V-KAHVE-40,40,https://www.marksandspencer.com.tr/kadin-kahverengi-nolana-dantelli-pijama-alti-10000001456177/
MS-T81006860V-KAHVE-42,42,https://www.marksandspencer.com.tr/kadin-kahverengi-nolana-dantelli-pijama-alti-10000001456177/
MS-T81006860V-KAHVE-44,44,https://www.marksandspencer.com.tr/kadin-kahverengi-nolana-dantelli-pijama-alti-10000001456177/
MS-T81006860V-KAHVE-46,46,https://www.marksandspencer.com.tr/kadin-kahverengi-nolana-dantelli-pijama-alti-10000001456177/
MS-T81006860V-KAHVE-48,48,https://www.marksandspencer.com.tr/kadin-kahverengi-nolana-dantelli-pijama-alti-10000001456177/
MS-T81006860V-KAHVE-50,50,https://www.marksandspencer.com.tr/kadin-kahverengi-nolana-dantelli-pijama-alti-10000001456177/
MS-T81006860V-KAHVE-52,52,https://www.marksandspencer.com.tr/kadin-kahverengi-nolana-dantelli-pijama-alti-10000001456177/
MS-T81006860C-KAHVE-34,34,https://www.marksandspencer.com.tr/kadin-kahverengi-nolana-dantelli-pijama-ustu-10000001657459/
MS-T81006860C-KAHVE-36,36,https://www.marksandspencer.com.tr/kadin-kahverengi-nolana-dantelli-pijama-ustu-10000001657459/
MS-T81006860C-KAHVE-38,38,https://www.marksandspencer.com.tr/kadin-kahverengi-nolana-dantelli-pijama-ustu-10000001657459/
MS-T81006860C-KAHVE-40,40,https://www.marksandspencer.com.tr/kadin-kahverengi-nolana-dantelli-pijama-ustu-10000001657459/
MS-T81006860C-KAHVE-42,42,https://www.marksandspencer.com.tr/kadin-kahverengi-nolana-dantelli-pijama-ustu-10000001657459/
MS-T81006860C-KAHVE-44,44,https://www.marksandspencer.com.tr/kadin-kahverengi-nolana-dantelli-pijama-ustu-10000001657459/
MS-T81006860C-KAHVE-46,46,https://www.marksandspencer.com.tr/kadin-kahverengi-nolana-dantelli-pijama-ustu-10000001657459/
MS-T81006860C-KAHVE-48,48,https://www.marksandspencer.com.tr/kadin-kahverengi-nolana-dantelli-pijama-ustu-10000001657459/
MS-T81006860C-KAHVE-50,50,https://www.marksandspencer.com.tr/kadin-kahverengi-nolana-dantelli-pijama-ustu-10000001657459/
MS-T81006860C-KAHVE-52,52,https://www.marksandspencer.com.tr/kadin-kahverengi-nolana-dantelli-pijama-ustu-10000001657459/
MS-T37003485S-BEYAZ-34,34,https://www.marksandspencer.com.tr/kadin-sari-saf-pamuklu-pijama-alti-10000001315327/?integration_color=WHITE
MS-T37003485S-BEYAZ-36,36,https://www.marksandspencer.com.tr/kadin-sari-saf-pamuklu-pijama-alti-10000001315327/?integration_color=WHITE
MS-T37003485S-BEYAZ-38,38,https://www.marksandspencer.com.tr/kadin-sari-saf-pamuklu-pijama-alti-10000001315327/?integration_color=WHITE
MS-T37003485S-BEYAZ-40,40,https://www.marksandspencer.com.tr/kadin-sari-saf-pamuklu-pijama-alti-10000001315327/?integration_color=WHITE
MS-T37003485S-BEYAZ-42,42,https://www.marksandspencer.com.tr/kadin-sari-saf-pamuklu-pijama-alti-10000001315327/?integration_color=WHITE
MS-T37003485S-BEYAZ-44,44,https://www.marksandspencer.com.tr/kadin-sari-saf-pamuklu-pijama-alti-10000001315327/?integration_color=WHITE
MS-T37003485S-BEYAZ-46,46,https://www.marksandspencer.com.tr/kadin-sari-saf-pamuklu-pijama-alti-10000001315327/?integration_color=WHITE
MS-T37003485S-BEYAZ-48,48,https://www.marksandspencer.com.tr/kadin-sari-saf-pamuklu-pijama-alti-10000001315327/?integration_color=WHITE
MS-T37003485S-BEYAZ-50,50,https://www.marksandspencer.com.tr/kadin-sari-saf-pamuklu-pijama-alti-10000001315327/?integration_color=WHITE
MS-T37003485S-SARI-34,34,https://www.marksandspencer.com.tr/kadin-sari-saf-pamuklu-pijama-alti-10000001315327/?integration_color=YELLOW
MS-T37003485S-SARI-36,36,https://www.marksandspencer.com.tr/kadin-sari-saf-pamuklu-pijama-alti-10000001315327/?integration_color=YELLOW
MS-T37003485S-SARI-38,38,https://www.marksandspencer.com.tr/kadin-sari-saf-pamuklu-pijama-alti-10000001315327/?integration_color=YELLOW
MS-T37003485S-SARI-40,40,https://www.marksandspencer.com.tr/kadin-sari-saf-pamuklu-pijama-alti-10000001315327/?integration_color=YELLOW
MS-T37003485S-SARI-42,42,https://www.marksandspencer.com.tr/kadin-sari-saf-pamuklu-pijama-alti-10000001315327/?integration_color=YELLOW
MS-T37003485S-SARI-44,44,https://www.marksandspencer.com.tr/kadin-sari-saf-pamuklu-pijama-alti-10000001315327/?integration_color=YELLOW
MS-T37003485S-SARI-46,46,https://www.marksandspencer.com.tr/kadin-sari-saf-pamuklu-pijama-alti-10000001315327/?integration_color=YELLOW
MS-T37003485S-SARI-48,48,https://www.marksandspencer.com.tr/kadin-sari-saf-pamuklu-pijama-alti-10000001315327/?integration_color=YELLOW
MS-T37003485S-SARI-50,50,https://www.marksandspencer.com.tr/kadin-sari-saf-pamuklu-pijama-alti-10000001315327/?integration_color=YELLOW
MS-T37002314J-BEJ-34,34,https://www.marksandspencer.com.tr/kadin-bej-muslin-kumas-askili-sortlu-pijama-takimi-10000001392008/
MS-T37002314J-BEJ-36,36,https://www.marksandspencer.com.tr/kadin-bej-muslin-kumas-askili-sortlu-pijama-takimi-10000001392008/
MS-T37002314J-BEJ-38,38,https://www.marksandspencer.com.tr/kadin-bej-muslin-kumas-askili-sortlu-pijama-takimi-10000001392008/
MS-T37002314J-BEJ-40,40,https://www.marksandspencer.com.tr/kadin-bej-muslin-kumas-askili-sortlu-pijama-takimi-10000001392008/
MS-T37002314J-BEJ-42,42,https://www.marksandspencer.com.tr/kadin-bej-muslin-kumas-askili-sortlu-pijama-takimi-10000001392008/
MS-T37002314J-BEJ-44,44,https://www.marksandspencer.com.tr/kadin-bej-muslin-kumas-askili-sortlu-pijama-takimi-10000001392008/
MS-T37002314J-BEJ-46,46,https://www.marksandspencer.com.tr/kadin-bej-muslin-kumas-askili-sortlu-pijama-takimi-10000001392008/
MS-T37002314J-BEJ-48,48,https://www.marksandspencer.com.tr/kadin-bej-muslin-kumas-askili-sortlu-pijama-takimi-10000001392008/
MS-T37002314J-BEJ-50,50,https://www.marksandspencer.com.tr/kadin-bej-muslin-kumas-askili-sortlu-pijama-takimi-10000001392008/
MS-T37002314J-BEJ-52,52,https://www.marksandspencer.com.tr/kadin-bej-muslin-kumas-askili-sortlu-pijama-takimi-10000001392008/
MS-T37003470S-BEYAZ-34,34,https://www.marksandspencer.com.tr/kadin-cok-renkli-pamuklu-cicek-desenli-pijama-sort-10000001391128/
MS-T37003470S-BEYAZ-36,36,https://www.marksandspencer.com.tr/kadin-cok-renkli-pamuklu-cicek-desenli-pijama-sort-10000001391128/
MS-T37003470S-BEYAZ-38,38,https://www.marksandspencer.com.tr/kadin-cok-renkli-pamuklu-cicek-desenli-pijama-sort-10000001391128/
MS-T37003470S-BEYAZ-40,40,https://www.marksandspencer.com.tr/kadin-cok-renkli-pamuklu-cicek-desenli-pijama-sort-10000001391128/
MS-T37003470S-BEYAZ-42,42,https://www.marksandspencer.com.tr/kadin-cok-renkli-pamuklu-cicek-desenli-pijama-sort-10000001391128/
MS-T37003470S-BEYAZ-44,44,https://www.marksandspencer.com.tr/kadin-cok-renkli-pamuklu-cicek-desenli-pijama-sort-10000001391128/
MS-T37003470S-BEYAZ-46,46,https://www.marksandspencer.com.tr/kadin-cok-renkli-pamuklu-cicek-desenli-pijama-sort-10000001391128/
MS-T37003470S-BEYAZ-48,48,https://www.marksandspencer.com.tr/kadin-cok-renkli-pamuklu-cicek-desenli-pijama-sort-10000001391128/
MS-T37003470S-BEYAZ-50,50,https://www.marksandspencer.com.tr/kadin-cok-renkli-pamuklu-cicek-desenli-pijama-sort-10000001391128/
MS-T37003512S-PEMBE-34,34,https://www.marksandspencer.com.tr/kadin-pembe-mix-desenli-pijama-alti-10000001689109/
MS-T37003512S-PEMBE-36,36,https://www.marksandspencer.com.tr/kadin-pembe-mix-desenli-pijama-alti-10000001689109/
MS-T37003512S-PEMBE-38,38,https://www.marksandspencer.com.tr/kadin-pembe-mix-desenli-pijama-alti-10000001689109/
MS-T37003512S-PEMBE-40,40,https://www.marksandspencer.com.tr/kadin-pembe-mix-desenli-pijama-alti-10000001689109/
MS-T37003512S-PEMBE-42,42,https://www.marksandspencer.com.tr/kadin-pembe-mix-desenli-pijama-alti-10000001689109/
MS-T37003512S-PEMBE-44,44,https://www.marksandspencer.com.tr/kadin-pembe-mix-desenli-pijama-alti-10000001689109/
MS-T37003512S-PEMBE-46,46,https://www.marksandspencer.com.tr/kadin-pembe-mix-desenli-pijama-alti-10000001689109/
MS-T37003512S-PEMBE-48,48,https://www.marksandspencer.com.tr/kadin-pembe-mix-desenli-pijama-alti-10000001689109/
MS-T37003512S-PEMBE-50,50,https://www.marksandspencer.com.tr/kadin-pembe-mix-desenli-pijama-alti-10000001689109/
MS-T37003512S-PEMBE-52,52,https://www.marksandspencer.com.tr/kadin-pembe-mix-desenli-pijama-alti-10000001689109/
MS-T81006849C-PEMBE-34,34,https://www.marksandspencer.com.tr/kadin-pembe-mix-ipek-ve-dantel-detayli-pijama-ustu-10000001456920/
MS-T81006849C-PEMBE-36,36,https://www.marksandspencer.com.tr/kadin-pembe-mix-ipek-ve-dantel-detayli-pijama-ustu-10000001456920/
MS-T81006849C-PEMBE-38,38,https://www.marksandspencer.com.tr/kadin-pembe-mix-ipek-ve-dantel-detayli-pijama-ustu-10000001456920/
MS-T81006849C-PEMBE-40,40,https://www.marksandspencer.com.tr/kadin-pembe-mix-ipek-ve-dantel-detayli-pijama-ustu-10000001456920/
MS-T81006849C-PEMBE-42,42,https://www.marksandspencer.com.tr/kadin-pembe-mix-ipek-ve-dantel-detayli-pijama-ustu-10000001456920/
MS-T81006849C-PEMBE-44,44,https://www.marksandspencer.com.tr/kadin-pembe-mix-ipek-ve-dantel-detayli-pijama-ustu-10000001456920/
MS-T81006849C-PEMBE-46,46,https://www.marksandspencer.com.tr/kadin-pembe-mix-ipek-ve-dantel-detayli-pijama-ustu-10000001456920/
MS-T81006849C-PEMBE-48,48,https://www.marksandspencer.com.tr/kadin-pembe-mix-ipek-ve-dantel-detayli-pijama-ustu-10000001456920/
MS-T81006849C-PEMBE-50,50,https://www.marksandspencer.com.tr/kadin-pembe-mix-ipek-ve-dantel-detayli-pijama-ustu-10000001456920/
MS-T37001845P-MAVI-34,34,https://www.marksandspencer.com.tr/kadin-mavi-mix-pamuklu-pijama-alti-10000001315160/
MS-T37001845P-MAVI-36,36,https://www.marksandspencer.com.tr/kadin-mavi-mix-pamuklu-pijama-alti-10000001315160/
MS-T37001845P-MAVI-38,38,https://www.marksandspencer.com.tr/kadin-mavi-mix-pamuklu-pijama-alti-10000001315160/
MS-T37001845P-MAVI-40,40,https://www.marksandspencer.com.tr/kadin-mavi-mix-pamuklu-pijama-alti-10000001315160/
MS-T37001845P-MAVI-42,42,https://www.marksandspencer.com.tr/kadin-mavi-mix-pamuklu-pijama-alti-10000001315160/
MS-T37001845P-MAVI-44,44,https://www.marksandspencer.com.tr/kadin-mavi-mix-pamuklu-pijama-alti-10000001315160/
MS-T37001845P-MAVI-46,46,https://www.marksandspencer.com.tr/kadin-mavi-mix-pamuklu-pijama-alti-10000001315160/
MS-T37001845P-MAVI-48,48,https://www.marksandspencer.com.tr/kadin-mavi-mix-pamuklu-pijama-alti-10000001315160/
MS-T37001845P-MAVI-50,50,https://www.marksandspencer.com.tr/kadin-mavi-mix-pamuklu-pijama-alti-10000001315160/
MS-T37003707T-MAVI-34,34,https://www.marksandspencer.com.tr/kadin-mavi-mix-cizgili-pijama-gomlegi-10000001390721/
MS-T37003707T-MAVI-36,36,https://www.marksandspencer.com.tr/kadin-mavi-mix-cizgili-pijama-gomlegi-10000001390721/
MS-T37003707T-MAVI-38,38,https://www.marksandspencer.com.tr/kadin-mavi-mix-cizgili-pijama-gomlegi-10000001390721/
MS-T37003707T-MAVI-40,40,https://www.marksandspencer.com.tr/kadin-mavi-mix-cizgili-pijama-gomlegi-10000001390721/
MS-T37003707T-MAVI-42,42,https://www.marksandspencer.com.tr/kadin-mavi-mix-cizgili-pijama-gomlegi-10000001390721/
MS-T37003707T-MAVI-44,44,https://www.marksandspencer.com.tr/kadin-mavi-mix-cizgili-pijama-gomlegi-10000001390721/
MS-T37003707T-MAVI-46,46,https://www.marksandspencer.com.tr/kadin-mavi-mix-cizgili-pijama-gomlegi-10000001390721/
MS-T37003707T-MAVI-48,48,https://www.marksandspencer.com.tr/kadin-mavi-mix-cizgili-pijama-gomlegi-10000001390721/
MS-T37003707T-MAVI-50,50,https://www.marksandspencer.com.tr/kadin-mavi-mix-cizgili-pijama-gomlegi-10000001390721/
MS-T37002003A-BEYAZ-34,34,https://www.marksandspencer.com.tr/kadin-beyaz-autograph-muslin-pijama-takimi-10000001391914/
MS-T37002003A-BEYAZ-36,36,https://www.marksandspencer.com.tr/kadin-beyaz-autograph-muslin-pijama-takimi-10000001391914/
MS-T37002003A-BEYAZ-38,38,https://www.marksandspencer.com.tr/kadin-beyaz-autograph-muslin-pijama-takimi-10000001391914/
MS-T37002003A-BEYAZ-40,40,https://www.marksandspencer.com.tr/kadin-beyaz-autograph-muslin-pijama-takimi-10000001391914/
MS-T37002003A-BEYAZ-42,42,https://www.marksandspencer.com.tr/kadin-beyaz-autograph-muslin-pijama-takimi-10000001391914/
MS-T37002003A-BEYAZ-44,44,https://www.marksandspencer.com.tr/kadin-beyaz-autograph-muslin-pijama-takimi-10000001391914/
MS-T37002003A-BEYAZ-46,46,https://www.marksandspencer.com.tr/kadin-beyaz-autograph-muslin-pijama-takimi-10000001391914/
MS-T37002003A-BEYAZ-48,48,https://www.marksandspencer.com.tr/kadin-beyaz-autograph-muslin-pijama-takimi-10000001391914/
MS-T37002003A-BEYAZ-50,50,https://www.marksandspencer.com.tr/kadin-beyaz-autograph-muslin-pijama-takimi-10000001391914/
MS-T37003706T-BEYAZ-34,34,https://www.marksandspencer.com.tr/kadin-cok-renkli-desenli-pijama-ustu-10000001390712/
MS-T37003706T-BEYAZ-36,36,https://www.marksandspencer.com.tr/kadin-cok-renkli-desenli-pijama-ustu-10000001390712/
MS-T37003706T-BEYAZ-38,38,https://www.marksandspencer.com.tr/kadin-cok-renkli-desenli-pijama-ustu-10000001390712/
MS-T37003706T-BEYAZ-40,40,https://www.marksandspencer.com.tr/kadin-cok-renkli-desenli-pijama-ustu-10000001390712/
MS-T37003706T-BEYAZ-42,42,https://www.marksandspencer.com.tr/kadin-cok-renkli-desenli-pijama-ustu-10000001390712/
MS-T37003706T-BEYAZ-44,44,https://www.marksandspencer.com.tr/kadin-cok-renkli-desenli-pijama-ustu-10000001390712/
MS-T37003706T-BEYAZ-46,46,https://www.marksandspencer.com.tr/kadin-cok-renkli-desenli-pijama-ustu-10000001390712/
MS-T37003706T-BEYAZ-48,48,https://www.marksandspencer.com.tr/kadin-cok-renkli-desenli-pijama-ustu-10000001390712/
MS-T37003706T-BEYAZ-50,50,https://www.marksandspencer.com.tr/kadin-cok-renkli-desenli-pijama-ustu-10000001390712/
MS-T37002317J-MAVI-34,34,https://www.marksandspencer.com.tr/kadin-acik-mavi-potikareli-pijama-takimi-10000001392284/
MS-T37002317J-MAVI-36,36,https://www.marksandspencer.com.tr/kadin-acik-mavi-potikareli-pijama-takimi-10000001392284/
MS-T37002317J-MAVI-38,38,https://www.marksandspencer.com.tr/kadin-acik-mavi-potikareli-pijama-takimi-10000001392284/
MS-T37002317J-MAVI-40,40,https://www.marksandspencer.com.tr/kadin-acik-mavi-potikareli-pijama-takimi-10000001392284/
MS-T37002317J-MAVI-42,42,https://www.marksandspencer.com.tr/kadin-acik-mavi-potikareli-pijama-takimi-10000001392284/
MS-T37002317J-MAVI-44,44,https://www.marksandspencer.com.tr/kadin-acik-mavi-potikareli-pijama-takimi-10000001392284/
MS-T37002317J-MAVI-46,46,https://www.marksandspencer.com.tr/kadin-acik-mavi-potikareli-pijama-takimi-10000001392284/
MS-T37002317J-MAVI-48,48,https://www.marksandspencer.com.tr/kadin-acik-mavi-potikareli-pijama-takimi-10000001392284/
MS-T37002317J-MAVI-50,50,https://www.marksandspencer.com.tr/kadin-acik-mavi-potikareli-pijama-takimi-10000001392284/
MS-T37003706T-SIYAH-34,34,https://www.marksandspencer.com.tr/kadin-siyah-mix-desenli-pijama-ustu-10000001390704/
MS-T37003706T-SIYAH-36,36,https://www.marksandspencer.com.tr/kadin-siyah-mix-desenli-pijama-ustu-10000001390704/
MS-T37003706T-SIYAH-38,38,https://www.marksandspencer.com.tr/kadin-siyah-mix-desenli-pijama-ustu-10000001390704/
MS-T37003706T-SIYAH-40,40,https://www.marksandspencer.com.tr/kadin-siyah-mix-desenli-pijama-ustu-10000001390704/
MS-T37003706T-SIYAH-42,42,https://www.marksandspencer.com.tr/kadin-siyah-mix-desenli-pijama-ustu-10000001390704/
MS-T37003706T-SIYAH-44,44,https://www.marksandspencer.com.tr/kadin-siyah-mix-desenli-pijama-ustu-10000001390704/
MS-T37003706T-SIYAH-46,46,https://www.marksandspencer.com.tr/kadin-siyah-mix-desenli-pijama-ustu-10000001390704/
MS-T37003706T-SIYAH-48,48,https://www.marksandspencer.com.tr/kadin-siyah-mix-desenli-pijama-ustu-10000001390704/
MS-T37003706T-SIYAH-50,50,https://www.marksandspencer.com.tr/kadin-siyah-mix-desenli-pijama-ustu-10000001390704/
MS-T37006220X-PEMBE-34,34,https://www.marksandspencer.com.tr/kadin-pembe-mix-cizgili-pijama-takimi-10000001392360/
MS-T37006220X-PEMBE-36,36,https://www.marksandspencer.com.tr/kadin-pembe-mix-cizgili-pijama-takimi-10000001392360/
MS-T37006220X-PEMBE-38,38,https://www.marksandspencer.com.tr/kadin-pembe-mix-cizgili-pijama-takimi-10000001392360/
MS-T37006220X-PEMBE-40,40,https://www.marksandspencer.com.tr/kadin-pembe-mix-cizgili-pijama-takimi-10000001392360/
MS-T37006220X-PEMBE-42,42,https://www.marksandspencer.com.tr/kadin-pembe-mix-cizgili-pijama-takimi-10000001392360/
MS-T37006220X-PEMBE-44,44,https://www.marksandspencer.com.tr/kadin-pembe-mix-cizgili-pijama-takimi-10000001392360/
MS-T37006220X-PEMBE-46,46,https://www.marksandspencer.com.tr/kadin-pembe-mix-cizgili-pijama-takimi-10000001392360/
MS-T37006220X-PEMBE-48,48,https://www.marksandspencer.com.tr/kadin-pembe-mix-cizgili-pijama-takimi-10000001392360/
MS-T37006220X-PEMBE-50,50,https://www.marksandspencer.com.tr/kadin-pembe-mix-cizgili-pijama-takimi-10000001392360/
MS-T37006204X-KREM-34,34,https://www.marksandspencer.com.tr/kadin-krem-mix-100-pamuk-saten-cizgili-pijama-takimi-10000001224275/
MS-T37006204X-KREM-36,36,https://www.marksandspencer.com.tr/kadin-krem-mix-100-pamuk-saten-cizgili-pijama-takimi-10000001224275/
MS-T37006204X-KREM-38,38,https://www.marksandspencer.com.tr/kadin-krem-mix-100-pamuk-saten-cizgili-pijama-takimi-10000001224275/
MS-T37006204X-KREM-40,40,https://www.marksandspencer.com.tr/kadin-krem-mix-100-pamuk-saten-cizgili-pijama-takimi-10000001224275/
MS-T37006204X-KREM-42,42,https://www.marksandspencer.com.tr/kadin-krem-mix-100-pamuk-saten-cizgili-pijama-takimi-10000001224275/
MS-T37006204X-KREM-44,44,https://www.marksandspencer.com.tr/kadin-krem-mix-100-pamuk-saten-cizgili-pijama-takimi-10000001224275/
MS-T37006204X-KREM-46,46,https://www.marksandspencer.com.tr/kadin-krem-mix-100-pamuk-saten-cizgili-pijama-takimi-10000001224275/
MS-T37006204X-KREM-48,48,https://www.marksandspencer.com.tr/kadin-krem-mix-100-pamuk-saten-cizgili-pijama-takimi-10000001224275/
MS-T37006204X-KREM-50,50,https://www.marksandspencer.com.tr/kadin-krem-mix-100-pamuk-saten-cizgili-pijama-takimi-10000001224275/
MS-T37003469S-MAVI-34,34,https://www.marksandspencer.com.tr/kadin-mavi-mix-cizgili-pijama-sortu-10000001390587/
MS-T37003469S-MAVI-36,36,https://www.marksandspencer.com.tr/kadin-mavi-mix-cizgili-pijama-sortu-10000001390587/
MS-T37003469S-MAVI-38,38,https://www.marksandspencer.com.tr/kadin-mavi-mix-cizgili-pijama-sortu-10000001390587/
MS-T37003469S-MAVI-40,40,https://www.marksandspencer.com.tr/kadin-mavi-mix-cizgili-pijama-sortu-10000001390587/
MS-T37003469S-MAVI-42,42,https://www.marksandspencer.com.tr/kadin-mavi-mix-cizgili-pijama-sortu-10000001390587/
MS-T37003469S-MAVI-44,44,https://www.marksandspencer.com.tr/kadin-mavi-mix-cizgili-pijama-sortu-10000001390587/
MS-T37003469S-MAVI-46,46,https://www.marksandspencer.com.tr/kadin-mavi-mix-cizgili-pijama-sortu-10000001390587/
MS-T37003469S-MAVI-48,48,https://www.marksandspencer.com.tr/kadin-mavi-mix-cizgili-pijama-sortu-10000001390587/
MS-T37003469S-MAVI-50,50,https://www.marksandspencer.com.tr/kadin-mavi-mix-cizgili-pijama-sortu-10000001390587/
MS-T37002232J-SIYAH-34,34,https://www.marksandspencer.com.tr/kadin-siyah-mix-leopar-desenli-pijama-takimi-10000001258937/
MS-T37002232J-SIYAH-36,36,https://www.marksandspencer.com.tr/kadin-siyah-mix-leopar-desenli-pijama-takimi-10000001258937/
MS-T37002232J-SIYAH-38,38,https://www.marksandspencer.com.tr/kadin-siyah-mix-leopar-desenli-pijama-takimi-10000001258937/
MS-T37002232J-SIYAH-40,40,https://www.marksandspencer.com.tr/kadin-siyah-mix-leopar-desenli-pijama-takimi-10000001258937/
MS-T37002232J-SIYAH-42,42,https://www.marksandspencer.com.tr/kadin-siyah-mix-leopar-desenli-pijama-takimi-10000001258937/
MS-T37002232J-SIYAH-44,44,https://www.marksandspencer.com.tr/kadin-siyah-mix-leopar-desenli-pijama-takimi-10000001258937/
MS-T37002232J-SIYAH-46,46,https://www.marksandspencer.com.tr/kadin-siyah-mix-leopar-desenli-pijama-takimi-10000001258937/
MS-T37002232J-SIYAH-48,48,https://www.marksandspencer.com.tr/kadin-siyah-mix-leopar-desenli-pijama-takimi-10000001258937/
MS-T37002232J-SIYAH-50,50,https://www.marksandspencer.com.tr/kadin-siyah-mix-leopar-desenli-pijama-takimi-10000001258937/
MS-T37003702T-PEMBE-34,34,https://www.marksandspencer.com.tr/kadin-pembe-saf-pamuklu-cizgili-poplin-pijama-ustu-10000001390756/
MS-T37003702T-PEMBE-36,36,https://www.marksandspencer.com.tr/kadin-pembe-saf-pamuklu-cizgili-poplin-pijama-ustu-10000001390756/
MS-T37003702T-PEMBE-38,38,https://www.marksandspencer.com.tr/kadin-pembe-saf-pamuklu-cizgili-poplin-pijama-ustu-10000001390756/
MS-T37003702T-PEMBE-40,40,https://www.marksandspencer.com.tr/kadin-pembe-saf-pamuklu-cizgili-poplin-pijama-ustu-10000001390756/
MS-T37003702T-PEMBE-42,42,https://www.marksandspencer.com.tr/kadin-pembe-saf-pamuklu-cizgili-poplin-pijama-ustu-10000001390756/
MS-T37003702T-PEMBE-44,44,https://www.marksandspencer.com.tr/kadin-pembe-saf-pamuklu-cizgili-poplin-pijama-ustu-10000001390756/
MS-T37003702T-PEMBE-46,46,https://www.marksandspencer.com.tr/kadin-pembe-saf-pamuklu-cizgili-poplin-pijama-ustu-10000001390756/
MS-T37003702T-PEMBE-48,48,https://www.marksandspencer.com.tr/kadin-pembe-saf-pamuklu-cizgili-poplin-pijama-ustu-10000001390756/
MS-T37003702T-PEMBE-50,50,https://www.marksandspencer.com.tr/kadin-pembe-saf-pamuklu-cizgili-poplin-pijama-ustu-10000001390756/
MS-T37002365J-KIRMIZI-34,34,https://www.marksandspencer.com.tr/kadin-kirmizi-dream-satin-kalp-desenli-pijama-takimi-10000001630015/
MS-T37002365J-KIRMIZI-36,36,https://www.marksandspencer.com.tr/kadin-kirmizi-dream-satin-kalp-desenli-pijama-takimi-10000001630015/
MS-T37002365J-KIRMIZI-38,38,https://www.marksandspencer.com.tr/kadin-kirmizi-dream-satin-kalp-desenli-pijama-takimi-10000001630015/
MS-T37002365J-KIRMIZI-40,40,https://www.marksandspencer.com.tr/kadin-kirmizi-dream-satin-kalp-desenli-pijama-takimi-10000001630015/
MS-T37002365J-KIRMIZI-42,42,https://www.marksandspencer.com.tr/kadin-kirmizi-dream-satin-kalp-desenli-pijama-takimi-10000001630015/
MS-T37002365J-KIRMIZI-44,44,https://www.marksandspencer.com.tr/kadin-kirmizi-dream-satin-kalp-desenli-pijama-takimi-10000001630015/
MS-T37002365J-KIRMIZI-46,46,https://www.marksandspencer.com.tr/kadin-kirmizi-dream-satin-kalp-desenli-pijama-takimi-10000001630015/
MS-T37002365J-KIRMIZI-48,48,https://www.marksandspencer.com.tr/kadin-kirmizi-dream-satin-kalp-desenli-pijama-takimi-10000001630015/
MS-T37002365J-KIRMIZI-50,50,https://www.marksandspencer.com.tr/kadin-kirmizi-dream-satin-kalp-desenli-pijama-takimi-10000001630015/
MS-T37004630F-RENKSIZ-XS,XS,https://www.marksandspencer.com.tr/kadin-renksiz-pamuklu-pijama-takimi-10000001390827/
MS-T37004630F-RENKSIZ-S,S,https://www.marksandspencer.com.tr/kadin-renksiz-pamuklu-pijama-takimi-10000001390827/
MS-T37004630F-RENKSIZ-M,M,https://www.marksandspencer.com.tr/kadin-renksiz-pamuklu-pijama-takimi-10000001390827/
MS-T37004630F-RENKSIZ-L,L,https://www.marksandspencer.com.tr/kadin-renksiz-pamuklu-pijama-takimi-10000001390827/
MS-T37004630F-RENKSIZ-XL,XL,https://www.marksandspencer.com.tr/kadin-renksiz-pamuklu-pijama-takimi-10000001390827/
MS-T37004630F-RENKSIZ-XXL,XXL,https://www.marksandspencer.com.tr/kadin-renksiz-pamuklu-pijama-takimi-10000001390827/
MS-T37001046A-MAVI-XS,XS,https://www.marksandspencer.com.tr/kadin-acik-mavi-pamuklu-cepli-pijama-ustu-10000001390439/
MS-T37001046A-MAVI-S,S,https://www.marksandspencer.com.tr/kadin-acik-mavi-pamuklu-cepli-pijama-ustu-10000001390439/
MS-T37001046A-MAVI-M,M,https://www.marksandspencer.com.tr/kadin-acik-mavi-pamuklu-cepli-pijama-ustu-10000001390439/
MS-T37001046A-MAVI-L,L,https://www.marksandspencer.com.tr/kadin-acik-mavi-pamuklu-cepli-pijama-ustu-10000001390439/
MS-T37001046A-MAVI-XL,XL,https://www.marksandspencer.com.tr/kadin-acik-mavi-pamuklu-cepli-pijama-ustu-10000001390439/
MS-T37004630F-GRI-XS,XS,https://www.marksandspencer.com.tr/kadin-gri-pamuklu-pijama-takimi-10000001390835/
MS-T37004630F-GRI-S,S,https://www.marksandspencer.com.tr/kadin-gri-pamuklu-pijama-takimi-10000001390835/
MS-T37004630F-GRI-M,M,https://www.marksandspencer.com.tr/kadin-gri-pamuklu-pijama-takimi-10000001390835/
MS-T37004630F-GRI-L,L,https://www.marksandspencer.com.tr/kadin-gri-pamuklu-pijama-takimi-10000001390835/
MS-T37004630F-GRI-XL,XL,https://www.marksandspencer.com.tr/kadin-gri-pamuklu-pijama-takimi-10000001390835/
MS-T37004630F-GRI-XXL,XXL,https://www.marksandspencer.com.tr/kadin-gri-pamuklu-pijama-takimi-10000001390835/
MS-T37004627F-RENKSIZ-XS,XS,https://www.marksandspencer.com.tr/kadin-renksiz-saf-pamuklu-pijama-takimi-10000001390690/
MS-T37004627F-RENKSIZ-S,S,https://www.marksandspencer.com.tr/kadin-renksiz-saf-pamuklu-pijama-takimi-10000001390690/
MS-T37004627F-RENKSIZ-M,M,https://www.marksandspencer.com.tr/kadin-renksiz-saf-pamuklu-pijama-takimi-10000001390690/
MS-T37004627F-RENKSIZ-L,L,https://www.marksandspencer.com.tr/kadin-renksiz-saf-pamuklu-pijama-takimi-10000001390690/
MS-T37004627F-RENKSIZ-XL,XL,https://www.marksandspencer.com.tr/kadin-renksiz-saf-pamuklu-pijama-takimi-10000001390690/
MS-T37004627F-RENKSIZ-XXL,XXL,https://www.marksandspencer.com.tr/kadin-renksiz-saf-pamuklu-pijama-takimi-10000001390690/
MS-T37002301J-GRI-XXS,XXS,https://www.marksandspencer.com.tr/kadin-gri-dantel-detayli-pijama-takimi-10000001390896/
MS-T37002301J-GRI-XS,XS,https://www.marksandspencer.com.tr/kadin-gri-dantel-detayli-pijama-takimi-10000001390896/
MS-T37002301J-GRI-S,S,https://www.marksandspencer.com.tr/kadin-gri-dantel-detayli-pijama-takimi-10000001390896/
MS-T37002301J-GRI-M,M,https://www.marksandspencer.com.tr/kadin-gri-dantel-detayli-pijama-takimi-10000001390896/
MS-T37002301J-GRI-L,L,https://www.marksandspencer.com.tr/kadin-gri-dantel-detayli-pijama-takimi-10000001390896/
MS-T37002301J-GRI-XL,XL,https://www.marksandspencer.com.tr/kadin-gri-dantel-detayli-pijama-takimi-10000001390896/
MS-T37004621F-KREM-XS,XS,https://www.marksandspencer.com.tr/kadin-krem-mix-100-pamuklu-baskili-pijama-takimi-10000001224870/
MS-T37004621F-KREM-S,S,https://www.marksandspencer.com.tr/kadin-krem-mix-100-pamuklu-baskili-pijama-takimi-10000001224870/
MS-T37004621F-KREM-M,M,https://www.marksandspencer.com.tr/kadin-krem-mix-100-pamuklu-baskili-pijama-takimi-10000001224870/
MS-T37004621F-KREM-L,L,https://www.marksandspencer.com.tr/kadin-krem-mix-100-pamuklu-baskili-pijama-takimi-10000001224870/
MS-T37004621F-KREM-XL,XL,https://www.marksandspencer.com.tr/kadin-krem-mix-100-pamuklu-baskili-pijama-takimi-10000001224870/
MS-T37004621F-KREM-XXL,XXL,https://www.marksandspencer.com.tr/kadin-krem-mix-100-pamuklu-baskili-pijama-takimi-10000001224870/
MS-T37002297J-SIYAH-XXS,XXS,https://www.marksandspencer.com.tr/kadin-siyah-viskon-sortlu-pijama-takimi-10000001390876/
MS-T37002297J-SIYAH-XS,XS,https://www.marksandspencer.com.tr/kadin-siyah-viskon-sortlu-pijama-takimi-10000001390876/
MS-T37002297J-SIYAH-S,S,https://www.marksandspencer.com.tr/kadin-siyah-viskon-sortlu-pijama-takimi-10000001390876/
MS-T37002297J-SIYAH-M,M,https://www.marksandspencer.com.tr/kadin-siyah-viskon-sortlu-pijama-takimi-10000001390876/
MS-T37002297J-SIYAH-L,L,https://www.marksandspencer.com.tr/kadin-siyah-viskon-sortlu-pijama-takimi-10000001390876/
MS-T37002297J-SIYAH-XL,XL,https://www.marksandspencer.com.tr/kadin-siyah-viskon-sortlu-pijama-takimi-10000001390876/
MS-T37002297J-SIYAH-XXL,XXL,https://www.marksandspencer.com.tr/kadin-siyah-viskon-sortlu-pijama-takimi-10000001390876/
MS-T37001864P-PEMBE-34,34,https://www.marksandspencer.com.tr/kadin-pembe-saf-pamuklu-pijama-alti-10000001391821/
MS-T37001864P-PEMBE-36,36,https://www.marksandspencer.com.tr/kadin-pembe-saf-pamuklu-pijama-alti-10000001391821/
MS-T37001864P-PEMBE-38,38,https://www.marksandspencer.com.tr/kadin-pembe-saf-pamuklu-pijama-alti-10000001391821/
MS-T37001864P-PEMBE-40,40,https://www.marksandspencer.com.tr/kadin-pembe-saf-pamuklu-pijama-alti-10000001391821/
MS-T37001864P-PEMBE-42,42,https://www.marksandspencer.com.tr/kadin-pembe-saf-pamuklu-pijama-alti-10000001391821/
MS-T37001864P-PEMBE-44,44,https://www.marksandspencer.com.tr/kadin-pembe-saf-pamuklu-pijama-alti-10000001391821/
MS-T37001864P-PEMBE-46,46,https://www.marksandspencer.com.tr/kadin-pembe-saf-pamuklu-pijama-alti-10000001391821/
MS-T37001864P-PEMBE-48,48,https://www.marksandspencer.com.tr/kadin-pembe-saf-pamuklu-pijama-alti-10000001391821/
MS-T37001864P-PEMBE-50,50,https://www.marksandspencer.com.tr/kadin-pembe-saf-pamuklu-pijama-alti-10000001391821/
MS-T37001842P-BEYAZ-34,34,https://www.marksandspencer.com.tr/kadin-cok-renkli-saf-pamuklu-desenli-pijama-alti-10000001391668/
MS-T37001842P-BEYAZ-36,36,https://www.marksandspencer.com.tr/kadin-cok-renkli-saf-pamuklu-desenli-pijama-alti-10000001391668/
MS-T37001842P-BEYAZ-38,38,https://www.marksandspencer.com.tr/kadin-cok-renkli-saf-pamuklu-desenli-pijama-alti-10000001391668/
MS-T37001842P-BEYAZ-40,40,https://www.marksandspencer.com.tr/kadin-cok-renkli-saf-pamuklu-desenli-pijama-alti-10000001391668/
MS-T37001842P-BEYAZ-42,42,https://www.marksandspencer.com.tr/kadin-cok-renkli-saf-pamuklu-desenli-pijama-alti-10000001391668/
MS-T37001842P-BEYAZ-44,44,https://www.marksandspencer.com.tr/kadin-cok-renkli-saf-pamuklu-desenli-pijama-alti-10000001391668/
MS-T37001842P-BEYAZ-46,46,https://www.marksandspencer.com.tr/kadin-cok-renkli-saf-pamuklu-desenli-pijama-alti-10000001391668/
MS-T37001842P-BEYAZ-48,48,https://www.marksandspencer.com.tr/kadin-cok-renkli-saf-pamuklu-desenli-pijama-alti-10000001391668/
MS-T37001842P-BEYAZ-50,50,https://www.marksandspencer.com.tr/kadin-cok-renkli-saf-pamuklu-desenli-pijama-alti-10000001391668/
MS-T37001863P-PEMBE-34,34,https://www.marksandspencer.com.tr/kadin-pembe-mix-pamuk-karisimli-desenli-pijama-alti-10000001392130/
MS-T37001863P-PEMBE-36,36,https://www.marksandspencer.com.tr/kadin-pembe-mix-pamuk-karisimli-desenli-pijama-alti-10000001392130/
MS-T37001863P-PEMBE-38,38,https://www.marksandspencer.com.tr/kadin-pembe-mix-pamuk-karisimli-desenli-pijama-alti-10000001392130/
MS-T37001863P-PEMBE-40,40,https://www.marksandspencer.com.tr/kadin-pembe-mix-pamuk-karisimli-desenli-pijama-alti-10000001392130/
MS-T37001863P-PEMBE-42,42,https://www.marksandspencer.com.tr/kadin-pembe-mix-pamuk-karisimli-desenli-pijama-alti-10000001392130/
MS-T37001863P-PEMBE-44,44,https://www.marksandspencer.com.tr/kadin-pembe-mix-pamuk-karisimli-desenli-pijama-alti-10000001392130/
MS-T37001863P-PEMBE-46,46,https://www.marksandspencer.com.tr/kadin-pembe-mix-pamuk-karisimli-desenli-pijama-alti-10000001392130/
MS-T37001863P-PEMBE-48,48,https://www.marksandspencer.com.tr/kadin-pembe-mix-pamuk-karisimli-desenli-pijama-alti-10000001392130/
MS-T37001863P-PEMBE-50,50,https://www.marksandspencer.com.tr/kadin-pembe-mix-pamuk-karisimli-desenli-pijama-alti-10000001392130/
MS-T37001822P-RENKSIZ-34,34,https://www.marksandspencer.com.tr/kadin-renksiz-muslin-pijama-alti-10000001315257/
MS-T37001822P-RENKSIZ-36,36,https://www.marksandspencer.com.tr/kadin-renksiz-muslin-pijama-alti-10000001315257/
MS-T37001822P-RENKSIZ-38,38,https://www.marksandspencer.com.tr/kadin-renksiz-muslin-pijama-alti-10000001315257/
MS-T37001822P-RENKSIZ-40,40,https://www.marksandspencer.com.tr/kadin-renksiz-muslin-pijama-alti-10000001315257/
MS-T37001822P-RENKSIZ-42,42,https://www.marksandspencer.com.tr/kadin-renksiz-muslin-pijama-alti-10000001315257/
MS-T37001822P-RENKSIZ-44,44,https://www.marksandspencer.com.tr/kadin-renksiz-muslin-pijama-alti-10000001315257/
MS-T37001822P-RENKSIZ-46,46,https://www.marksandspencer.com.tr/kadin-renksiz-muslin-pijama-alti-10000001315257/
MS-T37001822P-RENKSIZ-48,48,https://www.marksandspencer.com.tr/kadin-renksiz-muslin-pijama-alti-10000001315257/
MS-T37001822P-RENKSIZ-50,50,https://www.marksandspencer.com.tr/kadin-renksiz-muslin-pijama-alti-10000001315257/
MS-T37001043A-BEJ-34,34,https://www.marksandspencer.com.tr/kadin-bej-keten-pijama-takimi-10000001390504/
MS-T37001043A-BEJ-36,36,https://www.marksandspencer.com.tr/kadin-bej-keten-pijama-takimi-10000001390504/
MS-T37001043A-BEJ-38,38,https://www.marksandspencer.com.tr/kadin-bej-keten-pijama-takimi-10000001390504/
MS-T37001043A-BEJ-40,40,https://www.marksandspencer.com.tr/kadin-bej-keten-pijama-takimi-10000001390504/
MS-T37001043A-BEJ-42,42,https://www.marksandspencer.com.tr/kadin-bej-keten-pijama-takimi-10000001390504/
MS-T37001043A-BEJ-44,44,https://www.marksandspencer.com.tr/kadin-bej-keten-pijama-takimi-10000001390504/
MS-T37001043A-BEJ-46,46,https://www.marksandspencer.com.tr/kadin-bej-keten-pijama-takimi-10000001390504/
MS-T37001043A-BEJ-48,48,https://www.marksandspencer.com.tr/kadin-bej-keten-pijama-takimi-10000001390504/
MS-T37001043A-BEJ-50,50,https://www.marksandspencer.com.tr/kadin-bej-keten-pijama-takimi-10000001390504/
MS-T37002315J-BEYAZ-34,34,https://www.marksandspencer.com.tr/kadin-cok-renkli-desenli-pijama-takimi-10000001392308/
MS-T37002315J-BEYAZ-36,36,https://www.marksandspencer.com.tr/kadin-cok-renkli-desenli-pijama-takimi-10000001392308/
MS-T37002315J-BEYAZ-38,38,https://www.marksandspencer.com.tr/kadin-cok-renkli-desenli-pijama-takimi-10000001392308/
MS-T37002315J-BEYAZ-40,40,https://www.marksandspencer.com.tr/kadin-cok-renkli-desenli-pijama-takimi-10000001392308/
MS-T37002315J-BEYAZ-42,42,https://www.marksandspencer.com.tr/kadin-cok-renkli-desenli-pijama-takimi-10000001392308/
MS-T37002315J-BEYAZ-44,44,https://www.marksandspencer.com.tr/kadin-cok-renkli-desenli-pijama-takimi-10000001392308/
MS-T37002315J-BEYAZ-46,46,https://www.marksandspencer.com.tr/kadin-cok-renkli-desenli-pijama-takimi-10000001392308/
MS-T37002315J-BEYAZ-48,48,https://www.marksandspencer.com.tr/kadin-cok-renkli-desenli-pijama-takimi-10000001392308/
MS-T37002315J-BEYAZ-50,50,https://www.marksandspencer.com.tr/kadin-cok-renkli-desenli-pijama-takimi-10000001392308/
MS-T37001843P-MAVI-34,34,https://www.marksandspencer.com.tr/kadin-mavi-mix-2li-twill-genis-paca-pijama-alti-10000001390331/
MS-T37001843P-MAVI-36,36,https://www.marksandspencer.com.tr/kadin-mavi-mix-2li-twill-genis-paca-pijama-alti-10000001390331/
MS-T37001843P-MAVI-38,38,https://www.marksandspencer.com.tr/kadin-mavi-mix-2li-twill-genis-paca-pijama-alti-10000001390331/
MS-T37001843P-MAVI-40,40,https://www.marksandspencer.com.tr/kadin-mavi-mix-2li-twill-genis-paca-pijama-alti-10000001390331/
MS-T37001843P-MAVI-42,42,https://www.marksandspencer.com.tr/kadin-mavi-mix-2li-twill-genis-paca-pijama-alti-10000001390331/
MS-T37001843P-MAVI-44,44,https://www.marksandspencer.com.tr/kadin-mavi-mix-2li-twill-genis-paca-pijama-alti-10000001390331/
MS-T37001843P-MAVI-46,46,https://www.marksandspencer.com.tr/kadin-mavi-mix-2li-twill-genis-paca-pijama-alti-10000001390331/
MS-T37001843P-MAVI-48,48,https://www.marksandspencer.com.tr/kadin-mavi-mix-2li-twill-genis-paca-pijama-alti-10000001390331/
MS-T37001843P-MAVI-50,50,https://www.marksandspencer.com.tr/kadin-mavi-mix-2li-twill-genis-paca-pijama-alti-10000001390331/
